LEGAJO;NOMBRE Y APELLIDO;DOCUMENTO;CUIL;GRUPO LIQUIDACION;DESCRIPCION GRUPO LIQUIDACION;CODIGO TIPO DE PLANTA;DESCRIPCION TIPO DE PLANTA;CODIGO TIPO DE PUESTO;DESCRIPCION TIPO DE PUESTO;CODIGO GRUPO PERSONAL;DESCRIPCION GRUPO PERSONAL;CODIGO DE FUNCION;DESCRIPCION FUNCION;CODEP;DESCRIPCION CODEP;CODIGO DE CONCEPTO;DESCRIPCION DE CONCEPTO;CODIGO DE ENTIDAD;DESCRIPCION DE ENTIDAD;UNIDADES;IMPORTE;ANO-MES RETROACTIVO;ESCALAFON;CATEGORIA;DESCRIPCION
179762;DAMIANI CLAUDIA BEATRIZ       ;17315807;27173158071;5;PERSONAL DOCENTE              ;5;TITULAR                       ;2;DOCENTE EDUCACION Y CULTURA   ;8;DIRECTORA DE 1RA.             ;2406;DI   DIRECTORA DE 1RA.        ;AI0A000033;JARDIN DE INFANTES N 33                                                                                                 ;182;ANT.PRE-JUBILATORIO ;0;                    ;      0.00;       96669.98;422;4;5801;PERSONAL DOCENTE              
179762;DAMIANI CLAUDIA BEATRIZ       ;17315807;27173158071;5;PERSONAL DOCENTE              ;5;TITULAR                       ;2;DOCENTE EDUCACION Y CULTURA   ;8;DIRECTORA DE 1RA.             ;2406;DI   DIRECTORA DE 1RA.        ;AI0A000033;JARDIN DE INFANTES N 33                                                                                                 ;390;SUELDO ANUAL COMPLEM;0;                    ;      0.00;       21661.02;422;4;5801;PERSONAL DOCENTE              
179762;DAMIANI CLAUDIA BEATRIZ       ;17315807;27173158071;5;PERSONAL DOCENTE              ;5;TITULAR                       ;2;DOCENTE EDUCACION Y CULTURA   ;8;DIRECTORA DE 1RA.             ;2406;DI   DIRECTORA DE 1RA.        ;AI0A000033;JARDIN DE INFANTES N 33                                                                                                 ;462;I.P.S. 16 SAC       ;0;                    ;      0.00;       -3465.76;0;4;5801;PERSONAL DOCENTE              
179762;DAMIANI CLAUDIA BEATRIZ       ;17315807;27173158071;5;PERSONAL DOCENTE              ;5;TITULAR                       ;2;DOCENTE EDUCACION Y CULTURA   ;8;DIRECTORA DE 1RA.             ;2406;DI   DIRECTORA DE 1RA.        ;AI0A000033;JARDIN DE INFANTES N 33                                                                                                 ;463;OBRA SOCIAL SAC     ;0;                    ;      0.00;        -649.83;0;4;5801;PERSONAL DOCENTE              
179762;DAMIANI CLAUDIA BEATRIZ       ;17315807;27173158071;5;PERSONAL DOCENTE              ;5;TITULAR                       ;2;DOCENTE EDUCACION Y CULTURA   ;8;DIRECTORA DE 1RA.             ;2406;DI   DIRECTORA DE 1RA.        ;AI0A000033;JARDIN DE INFANTES N 33                                                                                                 ;980;IMP. A LAS GANANCIAS;0;                    ;      0.00;       46918.87;422;4;5801;PERSONAL DOCENTE              
