LEGAJO;NOMBRE Y APELLIDO;DOCUMENTO;CUIL;GRUPO LIQUIDACION;DESCRIPCION GRUPO LIQUIDACION;CODIGO TIPO DE PLANTA;DESCRIPCION TIPO DE PLANTA;CODIGO TIPO DE PUESTO;DESCRIPCION TIPO DE PUESTO;CODIGO GRUPO PERSONAL;DESCRIPCION GRUPO PERSONAL;CODIGO DE FUNCION;DESCRIPCION FUNCION;CODEP;DESCRIPCION CODEP;CODIGO DE CONCEPTO;DESCRIPCION DE CONCEPTO;CODIGO DE ENTIDAD;DESCRIPCION DE ENTIDAD;UNIDADES;IMPORTE;ANO-MES RETROACTIVO;ESCALAFON;CATEGORIA;DESCRIPCION
141571;FERNANDEZ OSCAR ROBERTO       ;12096153;20120961536;3;PRE-JUBILADO                  ;3;PRE-JUBILADO                  ;6;INSPECCION                    ;9;INSPECTOR DE OBRAS            ;2903;11   INSPECTOR CAT.11         ;AB0A0A0000;SUBDIRECCION DE PREVISION SOCIAL                                                                                        ;182;ANT.PRE-JUBILATORIO ;0;                    ;      0.00;      116770.67;422;1;1911;PRE-JUBILADO                  
149262;MENDEZ MIRTA                  ;14643982;27146439824;3;PRE-JUBILADO                  ;3;PRE-JUBILADO                  ;6;JERARQUICO                    ;2;JEFE-A DIVISION               ;1203;AJ2   SUBDIRECTOR S/FUNC.     ;AB0A0A0000;SUBDIRECCION DE PREVISION SOCIAL                                                                                        ;182;ANT.PRE-JUBILATORIO ;0;                    ;      0.00;       97533.56;422;1;1817;PRE-JUBILADO                  
157952;DOURADO DANIEL                ;14557468;20145574685;3;PRE-JUBILADO                  ;3;PRE-JUBILADO                  ;6;JERARQUICO                    ;2;SUBDIRECTOR-A                 ;1201;J2   SUBDIRECTOR              ;AB0A0A0000;SUBDIRECCION DE PREVISION SOCIAL                                                                                        ;182;ANT.PRE-JUBILATORIO ;0;                    ;      0.00;      163141.66;422;1;1217;PRE-JUBILADO                  
158311;SAAVEDRA DORA HILDA           ;14056589;27140565895;3;PRE-JUBILADO                  ;3;PRE-JUBILADO                  ;6;ADMINISTRATIVO                ;5;ADMINISTRATIVO                ;4501;12   ADMINISTRATIVO-CAT12     ;AB0A0A0000;SUBDIRECCION DE PREVISION SOCIAL                                                                                        ;182;ANT.PRE-JUBILATORIO ;0;                    ;      0.00;       79914.09;422;1;1512;PRE-JUBILADO                  
158672;CAMPOS MIRTA HAYDEE           ;16402693;27164026936;3;PRE-JUBILADO                  ;3;PRE-JUBILADO                  ;6;ADMINISTRATIVO                ;5;ADMINISTRATIVO                ;4501;12   ADMINISTRATIVO-CAT12     ;AB0A0A0000;SUBDIRECCION DE PREVISION SOCIAL                                                                                        ;182;ANT.PRE-JUBILATORIO ;0;                    ;      0.00;       56541.93;422;0;1512;PRE-JUBILADO                  
159371;BARRIONUEVO HECTOR GERARDO    ;14774973;20147749733;2;CARRERA MEDICO HOSPITALARIA   ;2;DESVINCULADO                  ;18;CARRERA MEDICA                ;39;MEDICO-A                      ;1307;12   MEDICO ASIST.24 HS.      ;AO0A000006;UNIDAD SANITARIA N 06                                                                                                   ;158;LICENCIA NO GOZADA  ;0;                    ;      0.00;       76785.45;422;3;2312;CARRERA MEDICO HOSPITALARIA   
159371;BARRIONUEVO HECTOR GERARDO    ;14774973;20147749733;2;CARRERA MEDICO HOSPITALARIA   ;2;DESVINCULADO                  ;18;CARRERA MEDICA                ;39;MEDICO-A                      ;1307;12   MEDICO ASIST.24 HS.      ;AO0A000006;UNIDAD SANITARIA N 06                                                                                                   ;178;SEIS MENSUALIDADES  ;0;                    ;      0.00;      218427.96;422;3;2312;CARRERA MEDICO HOSPITALARIA   
159371;BARRIONUEVO HECTOR GERARDO    ;14774973;20147749733;2;CARRERA MEDICO HOSPITALARIA   ;2;DESVINCULADO                  ;18;CARRERA MEDICA                ;39;MEDICO-A                      ;1307;12   MEDICO ASIST.24 HS.      ;AO0A000006;UNIDAD SANITARIA N 06                                                                                                   ;390;SUELDO ANUAL COMPLEM;0;                    ;      0.00;       31993.93;422;3;2312;CARRERA MEDICO HOSPITALARIA   
159371;BARRIONUEVO HECTOR GERARDO    ;14774973;20147749733;2;CARRERA MEDICO HOSPITALARIA   ;2;DESVINCULADO                  ;18;CARRERA MEDICA                ;39;MEDICO-A                      ;1307;12   MEDICO ASIST.24 HS.      ;AO0A000006;UNIDAD SANITARIA N 06                                                                                                   ;463;OBRA SOCIAL SAC     ;0;                    ;      0.00;        -959.82;0;3;2312;CARRERA MEDICO HOSPITALARIA   
159371;BARRIONUEVO HECTOR GERARDO    ;14774973;20147749733;2;CARRERA MEDICO HOSPITALARIA   ;2;DESVINCULADO                  ;18;CARRERA MEDICA                ;39;MEDICO-A                      ;1307;12   MEDICO ASIST.24 HS.      ;AO0A000006;UNIDAD SANITARIA N 06                                                                                                   ;465;I.P.S. 14 SAC       ;0;                    ;      0.00;       -4479.15;0;3;2312;CARRERA MEDICO HOSPITALARIA   
161101;MENDIGUIBEL ELBA MABEL        ;11222828;23112228284;3;PRE-JUBILADO                  ;3;PRE-JUBILADO                  ;6;CARRERA MEDICA                ;39;OBSTETRA                      ;2310;53   MEDICO HOSP. A 36 HS     ;AB0A0A0000;SUBDIRECCION DE PREVISION SOCIAL                                                                                        ;182;ANT.PRE-JUBILATORIO ;0;                    ;      0.00;      123641.30;422;1;2353;PRE-JUBILADO                  
162631;SEUBE RICARDO ALBERTO         ;14425103;20144251033;3;PRE-JUBILADO                  ;3;PRE-JUBILADO                  ;6;INSPECCION                    ;9;ADMINISTRATIVO                ;4501;10   INSPECTOR CAT.10         ;AB0A0A0000;SUBDIRECCION DE PREVISION SOCIAL                                                                                        ;182;ANT.PRE-JUBILATORIO ;0;                    ;      0.00;       59956.12;422;1;1910;PRE-JUBILADO                  
163901;MARTINEZ NANCY ELSA           ;12656506;27126565068;3;PRE-JUBILADO                  ;3;PRE-JUBILADO                  ;6;CARRERA MEDICA                ;39;PEDIATRA                      ;9782;53   MEDICO HOSP. A 36 HS     ;AB0A0A0000;SUBDIRECCION DE PREVISION SOCIAL                                                                                        ;182;ANT.PRE-JUBILATORIO ;0;                    ;      0.00;      150958.83;422;0;2353;PRE-JUBILADO                  
164191;MIRANDA MARIA RAMONA          ;11694653;27116946535;3;PRE-JUBILADO                  ;3;PRE-JUBILADO                  ;6;CARRERA MEDICA                ;39;MEDICO                        ;4156;52   MEDICO HOSP. A 24 HS     ;AB0A0A0000;SUBDIRECCION DE PREVISION SOCIAL                                                                                        ;182;ANT.PRE-JUBILATORIO ;0;                    ;      0.00;      123311.96;422;1;2352;PRE-JUBILADO                  
164931;TAGLIA JOSEFINA MARIA         ;13391714;23133917144;3;PRE-JUBILADO                  ;3;PRE-JUBILADO                  ;6;CARRERA MEDICA                ;39;ODONTOLOGO-A                  ;9770;53   MEDICO HOSP. A 36 HS     ;AB0A0A0000;SUBDIRECCION DE PREVISION SOCIAL                                                                                        ;182;ANT.PRE-JUBILATORIO ;0;                    ;      0.00;      169129.04;422;1;2353;PRE-JUBILADO                  
165001;ARIAS CRISTINA MIRTA          ;14056972;27140569726;3;PRE-JUBILADO                  ;3;PRE-JUBILADO                  ;6;CARRERA MEDICA                ;39;ODONTOLOGO-A                  ;9770;53   MEDICO HOSP. A 36 HS     ;AB0A0A0000;SUBDIRECCION DE PREVISION SOCIAL                                                                                        ;182;ANT.PRE-JUBILATORIO ;0;                    ;      0.00;      187385.21;422;1;2353;PRE-JUBILADO                  
167001;GONZALEZ SILVIA BEATRIZ       ;13368119;27133681197;3;PRE-JUBILADO                  ;3;PRE-JUBILADO                  ;6;CARRERA MEDICA                ;39;PEDIATRA                      ;9782;53   MEDICO HOSP. A 36 HS     ;AB0A0A0000;SUBDIRECCION DE PREVISION SOCIAL                                                                                        ;182;ANT.PRE-JUBILATORIO ;0;                    ;      0.00;      118175.99;422;1;2353;PRE-JUBILADO                  
167972;FOCARAZZO SILVANA             ;13912273;27139122734;3;PRE-JUBILADO                  ;3;PRE-JUBILADO                  ;6;JERARQUICO                    ;2;JEFE-A DEPARTAMENTO           ;1202;AJ2   SUBDIRECTOR S/FUNC.     ;AB0A0A0000;SUBDIRECCION DE PREVISION SOCIAL                                                                                        ;182;ANT.PRE-JUBILATORIO ;0;                    ;      0.00;       90699.09;422;1;1817;PRE-JUBILADO                  
168121;ACOSTA MARIA DEL CARMEN       ;12487387;27124873873;3;PRE-JUBILADO                  ;3;PRE-JUBILADO                  ;6;CARRERA MEDICA                ;39;ODONTOLOGO-A                  ;9770;52   MEDICO HOSP. A 24 HS     ;AB0A0A0000;SUBDIRECCION DE PREVISION SOCIAL                                                                                        ;182;ANT.PRE-JUBILATORIO ;0;                    ;      0.00;      114947.01;422;1;2352;PRE-JUBILADO                  
168701;ARTUSO CLAUDIA ALEJANDRA      ;14433165;27144331651;2;CARRERA MEDICO HOSPITALARIA   ;2;TITULAR                       ;2;CARRERA MEDICA                ;39;PSICOLOGO-A                   ;1337;52   MEDICO HOSP. A 24 HS     ;AO0A000015;UNIDAD SANITARIA N 15                                                                                                   ;182;ANT.PRE-JUBILATORIO ;0;                    ;      0.00;      114081.86;422;3;2352;CARRERA MEDICO HOSPITALARIA   
170462;COSTA TERESITA                ;14391704;27143917040;3;PRE-JUBILADO                  ;3;PRE-JUBILADO                  ;6;JERARQUICO                    ;2;JEFE-A DEPARTAMENTO           ;1202;AJ2   SUBDIRECTOR S/FUNC.     ;AB0A0A0000;SUBDIRECCION DE PREVISION SOCIAL                                                                                        ;182;ANT.PRE-JUBILATORIO ;0;                    ;      0.00;      112441.97;422;1;1817;PRE-JUBILADO                  
170471;YOCCO ROSA DEL CARMEN         ;12583268;27125832682;3;PRE-JUBILADO                  ;3;PRE-JUBILADO                  ;6;PROFESIONAL                   ;3;ABOGADO-A                     ;1301;13A   PROFESIONAL             ;AB0A0A0000;SUBDIRECCION DE PREVISION SOCIAL                                                                                        ;182;ANT.PRE-JUBILATORIO ;0;                    ;      0.00;       68281.44;422;1;1313;PRE-JUBILADO                  
170822;BALADO JUAN HORACIO           ;11721474;20117214746;3;PRE-JUBILADO                  ;3;PRE-JUBILADO                  ;6;JERARQUICO                    ;2;SUBDIRECTOR-A                 ;1201;J2   SUBDIRECTOR              ;AB0A0A0000;SUBDIRECCION DE PREVISION SOCIAL                                                                                        ;182;ANT.PRE-JUBILATORIO ;0;                    ;      0.00;       93381.28;422;1;1217;PRE-JUBILADO                  
173051;LUQUE ARMANDO RAFAEL          ;14515161;23145151619;3;PRE-JUBILADO                  ;3;PRE-JUBILADO                  ;6;INSPECCION                    ;9;INSPECTOR DE OBRAS            ;2903;11   INSPECTOR CAT.11         ;AB0A0A0000;SUBDIRECCION DE PREVISION SOCIAL                                                                                        ;182;ANT.PRE-JUBILATORIO ;0;                    ;      0.00;       57569.96;422;1;1911;PRE-JUBILADO                  
174772;RIAL ENRIQUE ALBERTO          ;13856154;20138561543;3;PRE-JUBILADO                  ;3;PRE-JUBILADO                  ;6;PROFESIONAL                   ;3;JEFE-A DEPARTAMENTO           ;1202;AJ2   SUBDIRECTOR S/FUNC.     ;AB0A0A0000;SUBDIRECCION DE PREVISION SOCIAL                                                                                        ;182;ANT.PRE-JUBILATORIO ;0;                    ;      0.00;      103537.15;422;0;1817;PRE-JUBILADO                  
175741;MANEIRO MONICA GERTRUDIS      ;11758739;27117587393;3;PRE-JUBILADO                  ;3;PRE-JUBILADO                  ;6;CARRERA MEDICA                ;39;LICENCIADO PSICOLOGIA         ;1311;52   MEDICO HOSP. A 24 HS     ;AB0A0A0000;SUBDIRECCION DE PREVISION SOCIAL                                                                                        ;182;ANT.PRE-JUBILATORIO ;0;                    ;      0.00;      119819.86;422;1;2352;PRE-JUBILADO                  
176191;FLORES ELBIO HORACIO          ;14280474;20142804744;3;PRE-JUBILADO                  ;3;PRE-JUBILADO                  ;6;SERVICIO                      ;7;MECANICO AUTOMOTOR            ;3611;10   SERVICIO CAT.10          ;AB0A0A0000;SUBDIRECCION DE PREVISION SOCIAL                                                                                        ;182;ANT.PRE-JUBILATORIO ;0;                    ;      0.00;       69985.93;422;1;1710;PRE-JUBILADO                  
176611;FASSANO GRACIELA BEATRIZ      ;12085671;27120856710;3;PRE-JUBILADO                  ;3;PRE-JUBILADO                  ;6;CARRERA MEDICA                ;39;JEFE DE UNIDAD SANITARIA      ;300;53   MEDICO HOSP. A 36 HS     ;AB0A0A0000;SUBDIRECCION DE PREVISION SOCIAL                                                                                        ;182;ANT.PRE-JUBILATORIO ;0;                    ;      0.00;      164461.42;422;1;2353;PRE-JUBILADO                  
177901;BELLORA ADRIANA MARIA JOSEFINA;12507756;27125077566;3;PRE-JUBILADO                  ;3;PRE-JUBILADO                  ;6;CARRERA MEDICA                ;39;LICENCIADO PSICOLOGIA         ;1311;52   MEDICO HOSP. A 24 HS     ;AB0A0A0000;SUBDIRECCION DE PREVISION SOCIAL                                                                                        ;182;ANT.PRE-JUBILATORIO ;0;                    ;      0.00;      100281.48;422;1;2352;PRE-JUBILADO                  
178612;TRONCOSO CARLOS ALEJANDRO     ;11368936;20113689367;3;PRE-JUBILADO                  ;3;PRE-JUBILADO                  ;6;JERARQUICO                    ;2;JEFE-A DIVISION               ;1203;AJ2   SUBDIRECTOR S/FUNC.     ;AB0A0A0000;SUBDIRECCION DE PREVISION SOCIAL                                                                                        ;182;ANT.PRE-JUBILATORIO ;0;                    ;      0.00;      105947.35;422;1;1817;PRE-JUBILADO                  
179481;DIAZ ANA MARIA                ;11721240;27117212403;3;PRE-JUBILADO                  ;3;PRE-JUBILADO                  ;6;PERSONAL DE LA SALUD          ;12;ENFERMERA/O                   ;4401;14B  ENFERMERO SUPERVISOR     ;AB0A0A0000;SUBDIRECCION DE PREVISION SOCIAL                                                                                        ;182;ANT.PRE-JUBILATORIO ;0;                    ;      0.00;       90247.11;422;1;2414;PRE-JUBILADO                  
179762;DAMIANI CLAUDIA BEATRIZ       ;17315807;27173158071;5;PERSONAL DOCENTE              ;5;TITULAR                       ;2;DOCENTE EDUCACION Y CULTURA   ;8;DIRECTORA DE 1RA.             ;2406;DI   DIRECTORA DE 1RA.        ;AI0A000033;JARDIN DE INFANTES N 33                                                                                                 ;182;ANT.PRE-JUBILATORIO ;0;                    ;      0.00;       96669.98;422;4;5801;PERSONAL DOCENTE              
179762;DAMIANI CLAUDIA BEATRIZ       ;17315807;27173158071;5;PERSONAL DOCENTE              ;5;TITULAR                       ;2;DOCENTE EDUCACION Y CULTURA   ;8;DIRECTORA DE 1RA.             ;2406;DI   DIRECTORA DE 1RA.        ;AI0A000033;JARDIN DE INFANTES N 33                                                                                                 ;390;SUELDO ANUAL COMPLEM;0;                    ;      0.00;       21661.02;422;4;5801;PERSONAL DOCENTE              
179762;DAMIANI CLAUDIA BEATRIZ       ;17315807;27173158071;5;PERSONAL DOCENTE              ;5;TITULAR                       ;2;DOCENTE EDUCACION Y CULTURA   ;8;DIRECTORA DE 1RA.             ;2406;DI   DIRECTORA DE 1RA.        ;AI0A000033;JARDIN DE INFANTES N 33                                                                                                 ;462;I.P.S. 16 SAC       ;0;                    ;      0.00;       -3465.76;0;4;5801;PERSONAL DOCENTE              
179762;DAMIANI CLAUDIA BEATRIZ       ;17315807;27173158071;5;PERSONAL DOCENTE              ;5;TITULAR                       ;2;DOCENTE EDUCACION Y CULTURA   ;8;DIRECTORA DE 1RA.             ;2406;DI   DIRECTORA DE 1RA.        ;AI0A000033;JARDIN DE INFANTES N 33                                                                                                 ;463;OBRA SOCIAL SAC     ;0;                    ;      0.00;        -649.83;0;4;5801;PERSONAL DOCENTE              
179762;DAMIANI CLAUDIA BEATRIZ       ;17315807;27173158071;5;PERSONAL DOCENTE              ;5;TITULAR                       ;2;DOCENTE EDUCACION Y CULTURA   ;8;DIRECTORA DE 1RA.             ;2406;DI   DIRECTORA DE 1RA.        ;AI0A000033;JARDIN DE INFANTES N 33                                                                                                 ;980;IMP. A LAS GANANCIAS;0;                    ;      0.00;      165669.26;0;4;5801;PERSONAL DOCENTE              
181382;DAGGUER MARIA CRISTINA        ;92192352;27921923525;3;PRE-JUBILADO                  ;3;PRE-JUBILADO                  ;6;JERARQUICO                    ;2;JEFE-A DIVISION               ;1203;AJ2   SUBDIRECTOR S/FUNC.     ;AB0A0A0000;SUBDIRECCION DE PREVISION SOCIAL                                                                                        ;182;ANT.PRE-JUBILATORIO ;0;                    ;      0.00;       92205.47;422;1;1817;PRE-JUBILADO                  
181651;MULET SUSANA                  ;11389136;27113891365;3;PRE-JUBILADO                  ;3;PRE-JUBILADO                  ;6;CARRERA MEDICA                ;39;JEFE DE UNIDAD SANITARIA      ;300;53   MEDICO HOSP. A 36 HS     ;AB0A0A0000;SUBDIRECCION DE PREVISION SOCIAL                                                                                        ;182;ANT.PRE-JUBILATORIO ;0;                    ;      0.00;      184415.12;422;1;2353;PRE-JUBILADO                  
183092;OROSCO GLADYS MARCELA         ;12403941;27124039415;3;PRE-JUBILADO                  ;3;PRE-JUBILADO                  ;6;ADMINISTRATIVO                ;5;ADMINISTRATIVO                ;4501;12   ADMINISTRATIVO-CAT12     ;AB0A0A0000;SUBDIRECCION DE PREVISION SOCIAL                                                                                        ;158;LICENCIA NO GOZADA  ;0;                    ;      0.00;      133667.01;422;1;1512;PRE-JUBILADO                  
183092;OROSCO GLADYS MARCELA         ;12403941;27124039415;3;PRE-JUBILADO                  ;3;PRE-JUBILADO                  ;6;ADMINISTRATIVO                ;5;ADMINISTRATIVO                ;4501;12   ADMINISTRATIVO-CAT12     ;AB0A0A0000;SUBDIRECCION DE PREVISION SOCIAL                                                                                        ;178;SEIS MENSUALIDADES  ;0;                    ;      0.00;      178532.46;422;1;1512;PRE-JUBILADO                  
183092;OROSCO GLADYS MARCELA         ;12403941;27124039415;3;PRE-JUBILADO                  ;3;PRE-JUBILADO                  ;6;ADMINISTRATIVO                ;5;ADMINISTRATIVO                ;4501;12   ADMINISTRATIVO-CAT12     ;AB0A0A0000;SUBDIRECCION DE PREVISION SOCIAL                                                                                        ;182;ANT.PRE-JUBILATORIO ;0;                    ;      0.00;       48094.36;422;1;1512;PRE-JUBILADO                  
183092;OROSCO GLADYS MARCELA         ;12403941;27124039415;3;PRE-JUBILADO                  ;3;PRE-JUBILADO                  ;6;ADMINISTRATIVO                ;5;ADMINISTRATIVO                ;4501;12   ADMINISTRATIVO-CAT12     ;AB0A0A0000;SUBDIRECCION DE PREVISION SOCIAL                                                                                        ;390;SUELDO ANUAL COMPLEM;0;                    ;      0.00;       22784.15;422;1;1512;PRE-JUBILADO                  
183092;OROSCO GLADYS MARCELA         ;12403941;27124039415;3;PRE-JUBILADO                  ;3;PRE-JUBILADO                  ;6;ADMINISTRATIVO                ;5;ADMINISTRATIVO                ;4501;12   ADMINISTRATIVO-CAT12     ;AB0A0A0000;SUBDIRECCION DE PREVISION SOCIAL                                                                                        ;463;OBRA SOCIAL SAC     ;0;                    ;      0.00;        -683.52;0;1;1512;PRE-JUBILADO                  
183092;OROSCO GLADYS MARCELA         ;12403941;27124039415;3;PRE-JUBILADO                  ;3;PRE-JUBILADO                  ;6;ADMINISTRATIVO                ;5;ADMINISTRATIVO                ;4501;12   ADMINISTRATIVO-CAT12     ;AB0A0A0000;SUBDIRECCION DE PREVISION SOCIAL                                                                                        ;465;I.P.S. 14 SAC       ;0;                    ;      0.00;       -3189.78;0;1;1512;PRE-JUBILADO                  
185091;DE ANGELO SILVIA SUSANA       ;12403688;27124036882;3;PRE-JUBILADO                  ;3;PRE-JUBILADO                  ;6;JERARQUICO                    ;2;JEFE-A DEPARTAMENTO           ;1202;AJ2   SUBDIRECTOR S/FUNC.     ;AB0A0A0000;SUBDIRECCION DE PREVISION SOCIAL                                                                                        ;182;ANT.PRE-JUBILATORIO ;0;                    ;      0.00;      109629.96;422;1;1817;PRE-JUBILADO                  
185922;FORNI PATRICIA ADRIANA        ;13655465;23136554654;5;PERSONAL DOCENTE              ;5;TITULAR                       ;2;DOCENTE EDUCACION Y CULTURA   ;8;DIRECTORA DE 1RA.             ;2406;DI   DIRECTORA DE 1RA.        ;AI0A000020;JARDIN DE INFANTES N 20                                                                                                 ;182;ANT.PRE-JUBILATORIO ;0;                    ;      0.00;       79779.68;422;4;5801;PERSONAL DOCENTE              
186111;FEDERICHI SANDRA PATRICIA     ;18411545;27184115455;3;PRE-JUBILADO                  ;3;PRE-JUBILADO                  ;6;DOCENTE EDUCACION Y CULTURA   ;8;PRECEPTORA                    ;9405;PR   PRECEPTORA               ;AB0A0A0000;SUBDIRECCION DE PREVISION SOCIAL                                                                                        ;182;ANT.PRE-JUBILATORIO ;0;                    ;      0.00;       43429.92;422;1;5811;PRE-JUBILADO                  
186561;RODRIGUEZ LUIS ALBERTO        ;11041920;20110419202;3;PRE-JUBILADO                  ;3;PRE-JUBILADO                  ;6;ADMINISTRATIVO                ;5;ADMINISTRATIVO                ;4501;12   ADMINISTRATIVO-CAT12     ;AB0A0A0000;SUBDIRECCION DE PREVISION SOCIAL                                                                                        ;182;ANT.PRE-JUBILATORIO ;0;                    ;      0.00;       77829.72;422;1;1512;PRE-JUBILADO                  
187101;BATTISTI JORGE ALBERTO        ;11017801;20110178019;3;PRE-JUBILADO                  ;3;PRE-JUBILADO                  ;6;PERSONAL MENSUALIZADO         ;40;ADMINISTRATIVO                ;4501;D-5   MENSUALIZ. DEFEN        ;AB0A0A0000;SUBDIRECCION DE PREVISION SOCIAL                                                                                        ;182;ANT.PRE-JUBILATORIO ;0;                    ;      0.00;        7974.62;422;1;8;PRE-JUBILADO                  
187411;CARRERA RICARDO EDUARDO       ;14283891;20142838916;3;PRE-JUBILADO                  ;3;PRE-JUBILADO                  ;6;CARRERA MEDICA                ;39;JEFE DE INSTITUTO             ;9777;53   MEDICO HOSP. A 36 HS     ;AB0A0A0000;SUBDIRECCION DE PREVISION SOCIAL                                                                                        ;182;ANT.PRE-JUBILATORIO ;0;                    ;      0.00;      154986.89;422;1;2353;PRE-JUBILADO                  
189501;NIELLA ANA MARIA              ;13337071;23133370714;3;PRE-JUBILADO                  ;3;PRE-JUBILADO                  ;6;MUSICOS ORQUESTA              ;35;MUSICO                        ;6409;OS1    CONCERTINO             ;AB0A0A0000;SUBDIRECCION DE PREVISION SOCIAL                                                                                        ;182;ANT.PRE-JUBILATORIO ;0;                    ;      0.00;      117217.12;422;1;9011;PRE-JUBILADO                  
189571;MACCHIAROLA ANTONIO AMILCAR   ;10203988;20102039883;3;PRE-JUBILADO                  ;3;PRE-JUBILADO                  ;6;MUSICOS ORQUESTA              ;35;MUSICO                        ;6409;OS1    CONCERTINO             ;AB0A0A0000;SUBDIRECCION DE PREVISION SOCIAL                                                                                        ;182;ANT.PRE-JUBILATORIO ;0;                    ;      0.00;      120325.60;422;1;9011;PRE-JUBILADO                  
189581;MASTRUZZO FRANCISCO ALBERTO   ;12085651;20120856511;3;PRE-JUBILADO                  ;3;PRE-JUBILADO                  ;6;MUSICOS ORQUESTA              ;35;MUSICO                        ;6409;OS1    CONCERTINO             ;AB0A0A0000;SUBDIRECCION DE PREVISION SOCIAL                                                                                        ;182;ANT.PRE-JUBILATORIO ;0;                    ;      0.00;      100265.94;422;1;9011;PRE-JUBILADO                  
189721;GONZALEZ PABLO RAUL           ;13416388;20134163888;3;PRE-JUBILADO                  ;3;PRE-JUBILADO                  ;6;MUSICOS ORQUESTA              ;35;MUSICO                        ;6409;OS1    CONCERTINO             ;AB0A0A0000;SUBDIRECCION DE PREVISION SOCIAL                                                                                        ;182;ANT.PRE-JUBILATORIO ;0;                    ;      0.00;      105456.56;422;0;9011;PRE-JUBILADO                  
189811;VASSALLO MARIA INES           ;12464929;27124649299;3;PRE-JUBILADO                  ;3;PRE-JUBILADO                  ;6;MUSICOS ORQUESTA              ;35;MUSICO                        ;6409;OS1    CONCERTINO             ;AB0A0A0000;SUBDIRECCION DE PREVISION SOCIAL                                                                                        ;182;ANT.PRE-JUBILATORIO ;0;                    ;      0.00;      121865.87;422;1;9011;PRE-JUBILADO                  
189931;VERA TEODORO OSVALDO          ;11683087;20116830877;3;PRE-JUBILADO                  ;3;PRE-JUBILADO                  ;6;CARRERA MEDICA                ;39;JEFE DE UNIDAD SANITARIA      ;300;52   MEDICO HOSP. A 24 HS     ;AB0A0A0000;SUBDIRECCION DE PREVISION SOCIAL                                                                                        ;182;ANT.PRE-JUBILATORIO ;0;                    ;      0.00;      125229.51;422;1;2352;PRE-JUBILADO                  
190101;PROSPERI MARIA MAGDALENA      ;21441449;27214414495;5;PERSONAL DOCENTE              ;5;TITULAR                       ;2;DOCENTE EDUCACION Y CULTURA   ;8;PRECEPTORA                    ;9405;PR   PRECEPTORA               ;AI0A000039;JARDIN DE INFANTES N 39                                                                                                 ;182;ANT.PRE-JUBILATORIO ;0;                    ;      0.00;       44995.80;422;4;5811;PERSONAL DOCENTE              
190101;PROSPERI MARIA MAGDALENA      ;21441449;27214414495;5;PERSONAL DOCENTE              ;5;TITULAR                       ;2;DOCENTE EDUCACION Y CULTURA   ;8;PRECEPTORA                    ;9405;PR   PRECEPTORA               ;AI0A000039;JARDIN DE INFANTES N 39                                                                                                 ;390;SUELDO ANUAL COMPLEM;0;                    ;      0.00;       12498.83;422;4;5811;PERSONAL DOCENTE              
190101;PROSPERI MARIA MAGDALENA      ;21441449;27214414495;5;PERSONAL DOCENTE              ;5;TITULAR                       ;2;DOCENTE EDUCACION Y CULTURA   ;8;PRECEPTORA                    ;9405;PR   PRECEPTORA               ;AI0A000039;JARDIN DE INFANTES N 39                                                                                                 ;462;I.P.S. 16 SAC       ;0;                    ;      0.00;       -1999.81;0;4;5811;PERSONAL DOCENTE              
190101;PROSPERI MARIA MAGDALENA      ;21441449;27214414495;5;PERSONAL DOCENTE              ;5;TITULAR                       ;2;DOCENTE EDUCACION Y CULTURA   ;8;PRECEPTORA                    ;9405;PR   PRECEPTORA               ;AI0A000039;JARDIN DE INFANTES N 39                                                                                                 ;463;OBRA SOCIAL SAC     ;0;                    ;      0.00;        -374.96;0;4;5811;PERSONAL DOCENTE              
190221;RUIZ ANGELA CECILIA           ;20583783;27205837839;5;PERSONAL DOCENTE              ;5;TITULAR                       ;2;DOCENTE EDUCACION Y CULTURA   ;8;DIRECTORA DE 1RA.             ;2406;DI   DIRECTORA DE 1RA.        ;AI0A000008;JARDIN DE INFANTES N 08                                                                                                 ;182;ANT.PRE-JUBILATORIO ;0;                    ;      0.00;       79779.67;422;4;5801;PERSONAL DOCENTE              
190961;CAPURRO MARIA ANGELICA        ;11740910;23117409104;3;PRE-JUBILADO                  ;3;PRE-JUBILADO                  ;6;CARRERA MEDICA                ;39;JEFE DE UNIDAD SANITARIA      ;300;53   MEDICO HOSP. A 36 HS     ;AB0A0A0000;SUBDIRECCION DE PREVISION SOCIAL                                                                                        ;182;ANT.PRE-JUBILATORIO ;0;                    ;      0.00;      167594.21;422;1;2353;PRE-JUBILADO                  
191552;YOCCO JUAN ROBERTO            ;10633895;20106338958;3;PRE-JUBILADO                  ;3;PRE-JUBILADO                  ;6;JERARQUIZADO(JERARQ.S/FUNCION);11;JEFE-A DEPARTAMENTO           ;1202;AJ2   SUBDIRECTOR S/FUNC.     ;AB0A0A0000;SUBDIRECCION DE PREVISION SOCIAL                                                                                        ;182;ANT.PRE-JUBILATORIO ;0;                    ;      0.00;       91964.16;422;1;1817;PRE-JUBILADO                  
192993;GUTT SUSANA BEATRIZ           ;10623498;27106234987;3;PRE-JUBILADO                  ;3;PRE-JUBILADO                  ;6;SUPERIOR                      ;1;SECRETARIO                    ;1102;A1  SECRETARIO                ;AB0A0A0000;SUBDIRECCION DE PREVISION SOCIAL                                                                                        ;182;ANT.PRE-JUBILATORIO ;0;                    ;      0.00;      359375.06;422;1;1101;PRE-JUBILADO                  
192993;GUTT SUSANA BEATRIZ           ;10623498;27106234987;3;PRE-JUBILADO                  ;3;PRE-JUBILADO                  ;6;SUPERIOR                      ;1;SECRETARIO                    ;1102;A1  SECRETARIO                ;AB0A0A0000;SUBDIRECCION DE PREVISION SOCIAL                                                                                        ;980;IMP. A LAS GANANCIAS;0;                    ;      0.00;      -66611.67;0;1;1101;PRE-JUBILADO                  
194561;QUIROGA ALDO                  ;12936467;20129364670;3;PRE-JUBILADO                  ;3;PRE-JUBILADO                  ;6;OBRERO                        ;6;PEON                          ;8601;10    OBRERO CAT.10           ;AB0A0A0000;SUBDIRECCION DE PREVISION SOCIAL                                                                                        ;182;ANT.PRE-JUBILATORIO ;0;                    ;      0.00;       63632.88;422;1;1610;PRE-JUBILADO                  
194631;MIGUEL FABIAN EDUARDO         ;14263058;20142630584;3;PRE-JUBILADO                  ;3;PRE-JUBILADO                  ;6;ADMINISTRATIVO                ;5;ADMINISTRATIVO                ;4501;08   ADMINISTRATIVO CAT.08    ;AB0A0A0000;SUBDIRECCION DE PREVISION SOCIAL                                                                                        ;182;ANT.PRE-JUBILATORIO ;0;                    ;      0.00;       56827.77;422;1;1508;PRE-JUBILADO                  
194762;AQUINO RAMONA                 ;12681409;27126814092;3;PRE-JUBILADO                  ;3;PRE-JUBILADO                  ;6;JERARQUICO                    ;2;JEFE DE SECCION               ;1210;AJ2   SUBDIRECTOR S/FUNC.     ;AB0A0A0000;SUBDIRECCION DE PREVISION SOCIAL                                                                                        ;182;ANT.PRE-JUBILATORIO ;0;                    ;      0.00;       81586.88;422;1;1817;PRE-JUBILADO                  
194891;NIEVAS MARIA ESTER            ;11987884;27119878840;3;PRE-JUBILADO                  ;3;PRE-JUBILADO                  ;6;SERVICIO                      ;7;SERVICIO                      ;9740;10   SERVICIO CAT.10          ;AB0A0A0000;SUBDIRECCION DE PREVISION SOCIAL                                                                                        ;182;ANT.PRE-JUBILATORIO ;0;                    ;      0.00;       52229.54;422;1;1710;PRE-JUBILADO                  
195441;TORRES JORGE JOSE             ;12573008;20125730087;3;PRE-JUBILADO                  ;3;PRE-JUBILADO                  ;6;OBRERO                        ;6;ALBANIL                       ;3602;10    OBRERO CAT.10           ;AB0A0A0000;SUBDIRECCION DE PREVISION SOCIAL                                                                                        ;182;ANT.PRE-JUBILATORIO ;0;                    ;      0.00;       94834.48;422;1;1610;PRE-JUBILADO                  
195941;SENICEN NILDA BEATRIZ         ;12620268;27126202682;3;PRE-JUBILADO                  ;3;PRE-JUBILADO                  ;6;INSPECCION                    ;9;ADMINISTRATIVO                ;4501;11   INSPECTOR CAT.11         ;AB0A0A0000;SUBDIRECCION DE PREVISION SOCIAL                                                                                        ;182;ANT.PRE-JUBILATORIO ;0;                    ;      0.00;       58853.54;422;1;1911;PRE-JUBILADO                  
196291;CARTAGENO PABLO FERNANDO      ;11837492;20118374925;3;PRE-JUBILADO                  ;3;PRE-JUBILADO                  ;6;TECNICO                       ;4;MUSICO                        ;6409;13   TECNICO CAT.13           ;AB0A0A0000;SUBDIRECCION DE PREVISION SOCIAL                                                                                        ;182;ANT.PRE-JUBILATORIO ;0;                    ;      0.00;       81380.25;422;1;1413;PRE-JUBILADO                  
196322;LAISSUE MARTA SUSANA          ;12299531;27122995319;3;PRE-JUBILADO                  ;3;PRE-JUBILADO                  ;6;SUPERIOR                      ;1;DIRECTOR-A                    ;1104;A8   DIRECTOR                 ;AB0A0A0000;SUBDIRECCION DE PREVISION SOCIAL                                                                                        ;182;ANT.PRE-JUBILATORIO ;0;                    ;      0.00;      142079.38;422;1;1108;PRE-JUBILADO                  
196571;DE PARSIA LILIANA ANALIA      ;12096663;23120966634;3;PRE-JUBILADO                  ;3;PRE-JUBILADO                  ;6;JERARQUIZADO(JERARQ.S/FUNCION);11;ADMINISTRATIVO                ;4501;AJ2   SUBDIRECTOR S/FUNC.     ;AB0A0A0000;SUBDIRECCION DE PREVISION SOCIAL                                                                                        ;182;ANT.PRE-JUBILATORIO ;0;                    ;      0.00;       78750.66;422;1;1817;PRE-JUBILADO                  
196922;HERRERA MARIA CRISTINA        ;10632855;27106328558;3;PRE-JUBILADO                  ;3;PRE-JUBILADO                  ;6;JERARQUIZADO(JERARQ.S/FUNCION);11;JEFE-A DIVISION               ;1203;AJ2   SUBDIRECTOR S/FUNC.     ;AB0A0A0000;SUBDIRECCION DE PREVISION SOCIAL                                                                                        ;182;ANT.PRE-JUBILATORIO ;0;                    ;      0.00;       73909.17;422;1;1817;PRE-JUBILADO                  
197321;PAQUIRI DANIEL EDUARDO        ;11630935;20116309352;3;PRE-JUBILADO                  ;3;PRE-JUBILADO                  ;6;SERVICIO                      ;7;PEON                          ;8601;10   SERVICIO CAT.10          ;AB0A0A0000;SUBDIRECCION DE PREVISION SOCIAL                                                                                        ;182;ANT.PRE-JUBILATORIO ;0;                    ;      0.00;       55606.19;422;1;1710;PRE-JUBILADO                  
197861;ZOBOLI PATRICIA ELSA          ;12819971;27128199719;3;PRE-JUBILADO                  ;3;PRE-JUBILADO                  ;6;PROFESIONAL                   ;3;ABOGADO-A                     ;1301;13A   PROFESIONAL             ;AB0A0A0000;SUBDIRECCION DE PREVISION SOCIAL                                                                                        ;182;ANT.PRE-JUBILATORIO ;0;                    ;      0.00;       81512.10;422;1;1313;PRE-JUBILADO                  
199241;CANTEROS JUAN CARLOS          ;8577534;20085775341;3;PRE-JUBILADO                  ;3;PRE-JUBILADO                  ;6;SERVICIO                      ;7;REPRESENTANTE FISCAL          ;9793;B3   NOTIFICADOR              ;AB0A0A0000;SUBDIRECCION DE PREVISION SOCIAL                                                                                        ;182;ANT.PRE-JUBILATORIO ;0;                    ;      0.00;       81006.36;422;1;1503;PRE-JUBILADO                  
262321;MATTIANGELI ENRIQUE MARIO     ;16198711;20161987116;7;HORAS CATEDRA                 ;7;TITULAR                       ;2;HORA CATEDRA                  ;10;AYUDANTE DE CATEDRA           ;9485;AC   HORA CATEDRA AC. (2DEC.) ;ASL0000007;INSTITUTO DE ARTE CINEMATOGRAFICO                                                                                       ;158;LICENCIA NO GOZADA  ;0;                    ;      0.00;       49857.94;422;2;7806;HORAS CATEDRA                 
262321;MATTIANGELI ENRIQUE MARIO     ;16198711;20161987116;7;HORAS CATEDRA                 ;7;TITULAR                       ;2;HORA CATEDRA                  ;10;AYUDANTE DE CATEDRA           ;9485;AC   HORA CATEDRA AC. (2DEC.) ;ASL0000007;INSTITUTO DE ARTE CINEMATOGRAFICO                                                                                       ;178;SEIS MENSUALIDADES  ;0;                    ;      0.00;      379444.50;422;2;7806;HORAS CATEDRA                 
262321;MATTIANGELI ENRIQUE MARIO     ;16198711;20161987116;7;HORAS CATEDRA                 ;7;TITULAR                       ;2;HORA CATEDRA                  ;10;AYUDANTE DE CATEDRA           ;9485;AC   HORA CATEDRA AC. (2DEC.) ;ASL0000007;INSTITUTO DE ARTE CINEMATOGRAFICO                                                                                       ;182;ANT.PRE-JUBILATORIO ;0;                    ;      0.00;       51282.45;422;2;7806;HORAS CATEDRA                 
262321;MATTIANGELI ENRIQUE MARIO     ;16198711;20161987116;7;HORAS CATEDRA                 ;7;TITULAR                       ;2;HORA CATEDRA                  ;10;AYUDANTE DE CATEDRA           ;9485;AC   HORA CATEDRA AC. (2DEC.) ;ASL0000007;INSTITUTO DE ARTE CINEMATOGRAFICO                                                                                       ;390;SUELDO ANUAL COMPLEM;0;                    ;      0.00;       21367.68;422;2;7806;HORAS CATEDRA                 
262321;MATTIANGELI ENRIQUE MARIO     ;16198711;20161987116;7;HORAS CATEDRA                 ;7;TITULAR                       ;2;HORA CATEDRA                  ;10;AYUDANTE DE CATEDRA           ;9485;AC   HORA CATEDRA AC. (2DEC.) ;ASL0000007;INSTITUTO DE ARTE CINEMATOGRAFICO                                                                                       ;462;I.P.S. 16 SAC       ;0;                    ;      0.00;       -3418.83;0;2;7806;HORAS CATEDRA                 
262321;MATTIANGELI ENRIQUE MARIO     ;16198711;20161987116;7;HORAS CATEDRA                 ;7;TITULAR                       ;2;HORA CATEDRA                  ;10;AYUDANTE DE CATEDRA           ;9485;AC   HORA CATEDRA AC. (2DEC.) ;ASL0000007;INSTITUTO DE ARTE CINEMATOGRAFICO                                                                                       ;463;OBRA SOCIAL SAC     ;0;                    ;      0.00;        -641.03;0;2;7806;HORAS CATEDRA                 
277041;BERTOLI JESUS MODESTO         ;10424767;23104247679;3;PRE-JUBILADO                  ;3;PRE-JUBILADO                  ;6;HORA CATEDRA                  ;10;PROFESOR HORA CATEDRA         ;9481;PF   HORA CATEDRA PF. (2DEC.) ;AB0A0A0000;SUBDIRECCION DE PREVISION SOCIAL                                                                                        ;182;ANT.PRE-JUBILATORIO ;0;                    ;      0.00;       41052.85;422;1;7805;PRE-JUBILADO                  
293781;VRANDECIC ANA MARIA           ;17066997;27170669970;5;PERSONAL DOCENTE              ;5;TITULAR                       ;2;DOCENTE EDUCACION Y CULTURA   ;8;MAESTRA ESPECIAL              ;5424;ME   MAESTRA ESPECIAL         ;AI0A000024;JARDIN DE INFANTES N 24                                                                                                 ;182;ANT.PRE-JUBILATORIO ;0;                    ;      0.00;       58512.82;422;4;5813;PERSONAL DOCENTE              
296701;KUHNE VERONICA MIRIAM         ;17547223;27175472237;5;PERSONAL DOCENTE              ;5;TITULAR                       ;2;DOCENTE EDUCACION Y CULTURA   ;8;MAESTRA JARDINERA             ;5405;MJ   MAESTRA JARDINERA        ;AI0A000011;JARDIN DE INFANTES N 11                                                                                                 ;182;ANT.PRE-JUBILATORIO ;0;                    ;      0.00;       53094.82;422;4;5809;PERSONAL DOCENTE              
296701;KUHNE VERONICA MIRIAM         ;17547223;27175472237;5;PERSONAL DOCENTE              ;5;TITULAR                       ;2;DOCENTE EDUCACION Y CULTURA   ;8;MAESTRA JARDINERA             ;5405;MJ   MAESTRA JARDINERA        ;AI0A000011;JARDIN DE INFANTES N 11                                                                                                 ;390;SUELDO ANUAL COMPLEM;0;                    ;      0.00;       14748.56;422;4;5809;PERSONAL DOCENTE              
296701;KUHNE VERONICA MIRIAM         ;17547223;27175472237;5;PERSONAL DOCENTE              ;5;TITULAR                       ;2;DOCENTE EDUCACION Y CULTURA   ;8;MAESTRA JARDINERA             ;5405;MJ   MAESTRA JARDINERA        ;AI0A000011;JARDIN DE INFANTES N 11                                                                                                 ;462;I.P.S. 16 SAC       ;0;                    ;      0.00;       -2359.77;0;4;5809;PERSONAL DOCENTE              
296701;KUHNE VERONICA MIRIAM         ;17547223;27175472237;5;PERSONAL DOCENTE              ;5;TITULAR                       ;2;DOCENTE EDUCACION Y CULTURA   ;8;MAESTRA JARDINERA             ;5405;MJ   MAESTRA JARDINERA        ;AI0A000011;JARDIN DE INFANTES N 11                                                                                                 ;463;OBRA SOCIAL SAC     ;0;                    ;      0.00;        -442.46;0;4;5809;PERSONAL DOCENTE              
299742;LAGANA MARIA ALEJANDRA        ;18222682;27182226829;5;PERSONAL DOCENTE              ;5;TITULAR                       ;2;DOCENTE EDUCACION Y CULTURA   ;8;PRECEPTORA                    ;9405;PR   PRECEPTORA               ;AI0A000035;JARDIN DE INFANTES N 35                                                                                                 ;182;ANT.PRE-JUBILATORIO ;0;                    ;      0.00;       40901.40;422;4;5811;PERSONAL DOCENTE              
321911;HERRERA ELBA MARGARITA        ;14986896;27149868963;3;PRE-JUBILADO                  ;3;PRE-JUBILADO                  ;6;SERVICIO                      ;7;SERVICIO                      ;9740;10   SERVICIO CAT.10          ;AB0A0A0000;SUBDIRECCION DE PREVISION SOCIAL                                                                                        ;182;ANT.PRE-JUBILATORIO ;0;                    ;      0.00;       60281.47;422;1;1710;PRE-JUBILADO                  
330541;FURNO ADRIANA ISABEL          ;17103602;27171036025;3;PRE-JUBILADO                  ;3;PRE-JUBILADO                  ;6;DOCENTE EDUCACION Y CULTURA   ;8;MAESTRO-A DE MUSICA           ;5426;MM    MAESTRA DE MUSICA       ;AB0A0A0000;SUBDIRECCION DE PREVISION SOCIAL                                                                                        ;182;ANT.PRE-JUBILATORIO ;0;                    ;      0.00;       85753.76;422;1;5812;PRE-JUBILADO                  
337801;ARROSAGARAY ENRIQUE HUGO      ;11630218;20116302188;3;PRE-JUBILADO                  ;3;PRE-JUBILADO                  ;6;ADMINISTRATIVO                ;5;ADMINISTRATIVO                ;4501;08   ADMINISTRATIVO CAT.08    ;AB0A0A0000;SUBDIRECCION DE PREVISION SOCIAL                                                                                        ;182;ANT.PRE-JUBILATORIO ;0;                    ;      0.00;       41801.24;422;1;1508;PRE-JUBILADO                  
339231;BUSTAMANTE PAULA LINA         ;22710142;27227101429;5;PERSONAL DOCENTE              ;5;TITULAR                       ;2;DOCENTE EDUCACION Y CULTURA   ;8;PRECEPTORA                    ;9405;PR   PRECEPTORA               ;AI0A000029;JARDIN DE INFANTES N 29                                                                                                 ;179;CUATRO MENSUALIDADES;0;                    ;      0.00;      236097.00;422;4;5811;PERSONAL DOCENTE              
339231;BUSTAMANTE PAULA LINA         ;22710142;27227101429;5;PERSONAL DOCENTE              ;5;TITULAR                       ;2;DOCENTE EDUCACION Y CULTURA   ;8;PRECEPTORA                    ;9405;PR   PRECEPTORA               ;AI0A000029;JARDIN DE INFANTES N 29                                                                                                 ;182;ANT.PRE-JUBILATORIO ;0;                    ;      0.00;       52313.61;422;4;5811;PERSONAL DOCENTE              
341121;REINOSO JOSE                  ;11634399;20116343992;3;PRE-JUBILADO                  ;3;PRE-JUBILADO                  ;6;ADMINISTRATIVO                ;5;ADMINISTRATIVO                ;4501;12   ADMINISTRATIVO-CAT12     ;AB0A0A0000;SUBDIRECCION DE PREVISION SOCIAL                                                                                        ;182;ANT.PRE-JUBILATORIO ;0;                    ;      0.00;       68573.89;422;1;1512;PRE-JUBILADO                  
341531;OCANO YOLANDA INES            ;12358341;27123583413;3;PRE-JUBILADO                  ;3;PRE-JUBILADO                  ;6;SERVICIO                      ;7;MUCAMA                        ;6708;10   SERVICIO CAT.10          ;AB0A0A0000;SUBDIRECCION DE PREVISION SOCIAL                                                                                        ;182;ANT.PRE-JUBILATORIO ;0;                    ;      0.00;       44454.22;422;1;1710;PRE-JUBILADO                  
343961;MUNOZ AMANDA                  ;14242674;27142426744;5;PERSONAL DOCENTE              ;5;TITULAR                       ;2;DOCENTE EDUCACION Y CULTURA   ;8;PRECEPTORA                    ;9405;PR   PRECEPTORA               ;AI0A000007;JARDIN DE INFANTES N 07                                                                                                 ;182;ANT.PRE-JUBILATORIO ;0;                    ;      0.00;       84573.60;422;4;5811;PERSONAL DOCENTE              
343961;MUNOZ AMANDA                  ;14242674;27142426744;5;PERSONAL DOCENTE              ;5;TITULAR                       ;2;DOCENTE EDUCACION Y CULTURA   ;8;PRECEPTORA                    ;9405;PR   PRECEPTORA               ;AI0A000007;JARDIN DE INFANTES N 07                                                                                                 ;390;SUELDO ANUAL COMPLEM;0;                    ;      0.00;       25750.16;422;4;5811;PERSONAL DOCENTE              
343961;MUNOZ AMANDA                  ;14242674;27142426744;5;PERSONAL DOCENTE              ;5;TITULAR                       ;2;DOCENTE EDUCACION Y CULTURA   ;8;PRECEPTORA                    ;9405;PR   PRECEPTORA               ;AI0A000007;JARDIN DE INFANTES N 07                                                                                                 ;462;I.P.S. 16 SAC       ;0;                    ;      0.00;       -4120.03;0;4;5811;PERSONAL DOCENTE              
343961;MUNOZ AMANDA                  ;14242674;27142426744;5;PERSONAL DOCENTE              ;5;TITULAR                       ;2;DOCENTE EDUCACION Y CULTURA   ;8;PRECEPTORA                    ;9405;PR   PRECEPTORA               ;AI0A000007;JARDIN DE INFANTES N 07                                                                                                 ;463;OBRA SOCIAL SAC     ;0;                    ;      0.00;        -772.50;0;4;5811;PERSONAL DOCENTE              
343991;ATTANASIO VIVIANA EDITH       ;18259369;27182593694;5;PERSONAL DOCENTE              ;5;TITULAR                       ;2;DOCENTE JIM FNE               ;52;MAESTRA JARDINERA             ;5405;MJ   MAESTRA JARDINERA        ;AI0A000005;JARDIN DE INFANTES N 05                                                                                                 ;182;ANT.PRE-JUBILATORIO ;0;                    ;      0.00;      106189.65;422;4;5809;PERSONAL DOCENTE              
344471;DI LEO GUSTAVO                ;10476498;20104764984;3;PRE-JUBILADO                  ;3;PRE-JUBILADO                  ;6;HORA CATEDRA                  ;10;PROFESOR HORA CATEDRA         ;9481;PF   HORA CATEDRA PF. (2DEC.) ;AB0A0A0000;SUBDIRECCION DE PREVISION SOCIAL                                                                                        ;182;ANT.PRE-JUBILATORIO ;0;                    ;      0.00;       41284.60;422;1;7805;PRE-JUBILADO                  
344884;CASALVIERI PATRICIA ALEJANDRA ;20867021;27208670218;3;PRE-JUBILADO                  ;3;PRE-JUBILADO                  ;6;HORA CATEDRA SUPLENTE         ;18;DIRECTOR DE INSTITUTO         ;2411;DE    HORA CATEDRA DE.        ;AB0A0A0000;SUBDIRECCION DE PREVISION SOCIAL                                                                                        ;182;ANT.PRE-JUBILATORIO ;0;                    ;      0.00;       62751.30;422;1;7803;PRE-JUBILADO                  
345581;SOCCI LAURA MARIANA           ;21602534;27216025348;3;PRE-JUBILADO                  ;3;PRE-JUBILADO                  ;6;DOCENTE EDUCACION Y CULTURA   ;8;PRECEPTORA                    ;9405;PR   PRECEPTORA               ;AB0A0A0000;SUBDIRECCION DE PREVISION SOCIAL                                                                                        ;182;ANT.PRE-JUBILATORIO ;0;                    ;      0.00;       82897.44;422;1;5811;PRE-JUBILADO                  
349252;PESOA MARIA ROSA              ;11721660;27117216603;3;PRE-JUBILADO                  ;3;PRE-JUBILADO                  ;6;JERARQUICO                    ;2;JEFE-A DIVISION               ;1203;J4   JEFE DIVISION            ;AB0A0A0000;SUBDIRECCION DE PREVISION SOCIAL                                                                                        ;182;ANT.PRE-JUBILATORIO ;0;                    ;      0.00;      105201.78;422;1;1215;PRE-JUBILADO                  
349591;MARTINEZ SILVIA OFELIA        ;12610046;27126100464;3;PRE-JUBILADO                  ;3;PRE-JUBILADO                  ;6;ADMINISTRATIVO                ;5;ADMINISTRATIVO                ;4501;12   ADMINISTRATIVO-CAT12     ;AB0A0A0000;SUBDIRECCION DE PREVISION SOCIAL                                                                                        ;182;ANT.PRE-JUBILATORIO ;0;                    ;      0.00;       54144.28;422;1;1512;PRE-JUBILADO                  
351432;GIMENEZ ESTHER TERESA         ;12289152;27122891521;3;PRE-JUBILADO                  ;3;PRE-JUBILADO                  ;6;SERVICIO                      ;7;REPRESENTANTE FISCAL          ;9793;B3   NOTIFICADOR              ;AB0A0A0000;SUBDIRECCION DE PREVISION SOCIAL                                                                                        ;182;ANT.PRE-JUBILATORIO ;0;                    ;      0.00;       47719.16;422;1;1503;PRE-JUBILADO                  
352001;AZARIO CARLOS ALBERTO         ;12535590;20125355901;3;PRE-JUBILADO                  ;3;PRE-JUBILADO                  ;6;OBRERO                        ;6;PEON                          ;8601;10    OBRERO CAT.10           ;AB0A0A0000;SUBDIRECCION DE PREVISION SOCIAL                                                                                        ;182;ANT.PRE-JUBILATORIO ;0;                    ;      0.00;       47621.25;422;1;1610;PRE-JUBILADO                  
352091;BRACCONI JUAN CARLOS          ;12282520;20122825206;3;PRE-JUBILADO                  ;3;PRE-JUBILADO                  ;6;OBRERO                        ;6;PEON                          ;8601;10    OBRERO CAT.10           ;AB0A0A0000;SUBDIRECCION DE PREVISION SOCIAL                                                                                        ;182;ANT.PRE-JUBILATORIO ;0;                    ;      0.00;       79098.95;422;1;1610;PRE-JUBILADO                  
352271;ESPINOLA BAEZ OSVALDO         ;92587572;20925875725;3;PRE-JUBILADO                  ;3;PRE-JUBILADO                  ;6;OBRERO                        ;6;PEON                          ;8601;10    OBRERO CAT.10           ;AB0A0A0000;SUBDIRECCION DE PREVISION SOCIAL                                                                                        ;182;ANT.PRE-JUBILATORIO ;0;                    ;      0.00;       74370.47;422;1;1610;PRE-JUBILADO                  
352461;MONZON MARCIANO               ;11250929;20112509292;3;PRE-JUBILADO                  ;3;PRE-JUBILADO                  ;6;OBRERO                        ;6;PEON                          ;8601;10    OBRERO CAT.10           ;AB0A0A0000;SUBDIRECCION DE PREVISION SOCIAL                                                                                        ;182;ANT.PRE-JUBILATORIO ;0;                    ;      0.00;       48733.37;422;1;1610;PRE-JUBILADO                  
353081;VERA HECTOR JOSE              ;13634904;20136349040;3;PRE-JUBILADO                  ;3;PRE-JUBILADO                  ;6;INSPECCION                    ;9;INSPECTOR DE OBRAS            ;2903;11   INSPECTOR CAT.11         ;AB0A0A0000;SUBDIRECCION DE PREVISION SOCIAL                                                                                        ;182;ANT.PRE-JUBILATORIO ;0;                    ;      0.00;       63807.70;422;1;1911;PRE-JUBILADO                  
353311;BISETTI ANDREA CLAUDIA        ;17535979;27175359791;3;PRE-JUBILADO                  ;3;PRE-JUBILADO                  ;6;DOCENTE EDUCACION Y CULTURA   ;8;PRECEPTORA                    ;9405;PR   PRECEPTORA               ;AB0A0A0000;SUBDIRECCION DE PREVISION SOCIAL                                                                                        ;182;ANT.PRE-JUBILATORIO ;0;                    ;      0.00;       36532.58;422;1;5811;PRE-JUBILADO                  
354162;LACLAU RUBEN ERNESTO          ;11159509;20111595098;3;PRE-JUBILADO                  ;3;PRE-JUBILADO                  ;6;JERARQUIZADO(JERARQ.S/FUNCION);11;JEFE DE SECCION               ;1210;AJ2   SUBDIRECTOR S/FUNC.     ;AB0A0A0000;SUBDIRECCION DE PREVISION SOCIAL                                                                                        ;182;ANT.PRE-JUBILATORIO ;0;                    ;      0.00;      118936.61;422;1;1817;PRE-JUBILADO                  
357381;SANCHEZ MARIO FERNANDO        ;16569241;20165692412;5;PERSONAL DOCENTE              ;5;TITULAR                       ;2;DOCENTE EDUCACION Y CULTURA   ;8;MAESTRO-A DE MUSICA           ;5426;MM    MAESTRA DE MUSICA       ;AB0A0A0000;SUBDIRECCION DE PREVISION SOCIAL                                                                                        ;182;ANT.PRE-JUBILATORIO ;0;                    ;      0.00;       49362.38;422;4;5812;PERSONAL DOCENTE              
358551;VISCOVICH SUSANA BEATRIZ      ;11041600;27110416003;3;PRE-JUBILADO                  ;3;PRE-JUBILADO                  ;6;DOCENTE ASISTENCIAL           ;13;DIRECTORA JARDIN MATERNAL     ;2403;J-4  DIR.JARDIN MATER.J-4     ;AB0A0A0000;SUBDIRECCION DE PREVISION SOCIAL                                                                                        ;182;ANT.PRE-JUBILATORIO ;0;                    ;      0.00;       74104.75;422;1;1015;PRE-JUBILADO                  
362711;MATEOS SERGIO ANDRES          ;13980260;20139802609;7;HORAS CATEDRA                 ;7;DESVINCULADO                  ;18;HORA CATEDRA                  ;10;PROFESOR HORA CATEDRA         ;9481;PF   HORA CATEDRA PF. (2DEC.) ;ASL0000007;INSTITUTO DE ARTE CINEMATOGRAFICO                                                                                       ;158;LICENCIA NO GOZADA  ;0;                    ;      0.00;       36403.58;422;2;7805;HORAS CATEDRA                 
362711;MATEOS SERGIO ANDRES          ;13980260;20139802609;7;HORAS CATEDRA                 ;7;DESVINCULADO                  ;18;HORA CATEDRA                  ;10;PROFESOR HORA CATEDRA         ;9481;PF   HORA CATEDRA PF. (2DEC.) ;ASL0000007;INSTITUTO DE ARTE CINEMATOGRAFICO                                                                                       ;390;SUELDO ANUAL COMPLEM;0;                    ;      0.00;       19501.92;422;2;7805;HORAS CATEDRA                 
362711;MATEOS SERGIO ANDRES          ;13980260;20139802609;7;HORAS CATEDRA                 ;7;DESVINCULADO                  ;18;HORA CATEDRA                  ;10;PROFESOR HORA CATEDRA         ;9481;PF   HORA CATEDRA PF. (2DEC.) ;ASL0000007;INSTITUTO DE ARTE CINEMATOGRAFICO                                                                                       ;462;I.P.S. 16 SAC       ;0;                    ;      0.00;       -3120.31;0;2;7805;HORAS CATEDRA                 
362711;MATEOS SERGIO ANDRES          ;13980260;20139802609;7;HORAS CATEDRA                 ;7;DESVINCULADO                  ;18;HORA CATEDRA                  ;10;PROFESOR HORA CATEDRA         ;9481;PF   HORA CATEDRA PF. (2DEC.) ;ASL0000007;INSTITUTO DE ARTE CINEMATOGRAFICO                                                                                       ;463;OBRA SOCIAL SAC     ;0;                    ;      0.00;        -585.06;0;2;7805;HORAS CATEDRA                 
365852;GANDARA MONICA GLADYS         ;11896163;27118961639;3;PRE-JUBILADO                  ;3;PRE-JUBILADO                  ;6;JERARQUIZADO(JERARQ.S/FUNCION);11;ADMINISTRATIVO                ;4501;17   JERARQ.S.FUNC.17-HCD     ;AB0A0A0000;SUBDIRECCION DE PREVISION SOCIAL                                                                                        ;182;ANT.PRE-JUBILATORIO ;0;                    ;      0.00;       55203.58;422;1;3817;PRE-JUBILADO                  
367291;MACIEL MONICA ANGELICA        ;12403585;27124035851;9;HONORABLE CONCEJO DELIBERANTE ;9;EFECTIVO                      ;1;JERARQUICO                    ;2;JEFE-A DEPARTAMENTO           ;1202;17   JERARQ.S.FUNC.17-HCD     ;AB0A0A0000;SUBDIRECCION DE PREVISION SOCIAL                                                                                        ;182;ANT.PRE-JUBILATORIO ;0;                    ;      0.00;       87538.44;422;1;3817;HONORABLE CONCEJO DELIBERANTE 
367471;VOCOS GIMENEZ SARA TERESITA   ;11306580;27113065805;3;PRE-JUBILADO                  ;3;PRE-JUBILADO                  ;6;SUPERIOR                      ;1;DIRECTOR GENERAL              ;1109;A7   DIRECTOR GENERAL         ;AB0A0A0000;SUBDIRECCION DE PREVISION SOCIAL                                                                                        ;182;ANT.PRE-JUBILATORIO ;0;                    ;      0.00;      160368.22;422;1;1107;PRE-JUBILADO                  
367991;GARCIA MONICA RAQUEL          ;11479631;27114796315;3;PRE-JUBILADO                  ;3;PRE-JUBILADO                  ;6;PERSONAL MENSUALIZADO         ;40;ADMINISTRATIVO                ;4501;D-3  MENSUALIZ.  DEFEN        ;AB0A0A0000;SUBDIRECCION DE PREVISION SOCIAL                                                                                        ;158;LICENCIA NO GOZADA  ;0;                    ;      0.00;        6098.45;422;1;6;PRE-JUBILADO                  
367991;GARCIA MONICA RAQUEL          ;11479631;27114796315;3;PRE-JUBILADO                  ;3;PRE-JUBILADO                  ;6;PERSONAL MENSUALIZADO         ;40;ADMINISTRATIVO                ;4501;D-3  MENSUALIZ.  DEFEN        ;AB0A0A0000;SUBDIRECCION DE PREVISION SOCIAL                                                                                        ;182;ANT.PRE-JUBILATORIO ;0;                    ;      0.00;       27230.68;422;1;6;PRE-JUBILADO                  
367991;GARCIA MONICA RAQUEL          ;11479631;27114796315;3;PRE-JUBILADO                  ;3;PRE-JUBILADO                  ;6;PERSONAL MENSUALIZADO         ;40;ADMINISTRATIVO                ;4501;D-3  MENSUALIZ.  DEFEN        ;AB0A0A0000;SUBDIRECCION DE PREVISION SOCIAL                                                                                        ;182;ANT.PRE-JUBILATORIO ;0;                    ;      0.00;       27230.68;222;1;6;PRE-JUBILADO                  
367991;GARCIA MONICA RAQUEL          ;11479631;27114796315;3;PRE-JUBILADO                  ;3;PRE-JUBILADO                  ;6;PERSONAL MENSUALIZADO         ;40;ADMINISTRATIVO                ;4501;D-3  MENSUALIZ.  DEFEN        ;AB0A0A0000;SUBDIRECCION DE PREVISION SOCIAL                                                                                        ;182;ANT.PRE-JUBILATORIO ;0;                    ;      0.00;       27230.68;322;1;6;PRE-JUBILADO                  
367991;GARCIA MONICA RAQUEL          ;11479631;27114796315;3;PRE-JUBILADO                  ;3;PRE-JUBILADO                  ;6;PERSONAL MENSUALIZADO         ;40;ADMINISTRATIVO                ;4501;D-3  MENSUALIZ.  DEFEN        ;AB0A0A0000;SUBDIRECCION DE PREVISION SOCIAL                                                                                        ;390;SUELDO ANUAL COMPLEM;0;                    ;      0.00;        7623.06;422;1;6;PRE-JUBILADO                  
367991;GARCIA MONICA RAQUEL          ;11479631;27114796315;3;PRE-JUBILADO                  ;3;PRE-JUBILADO                  ;6;PERSONAL MENSUALIZADO         ;40;ADMINISTRATIVO                ;4501;D-3  MENSUALIZ.  DEFEN        ;AB0A0A0000;SUBDIRECCION DE PREVISION SOCIAL                                                                                        ;463;OBRA SOCIAL SAC     ;0;                    ;      0.00;        -228.69;0;1;6;PRE-JUBILADO                  
367991;GARCIA MONICA RAQUEL          ;11479631;27114796315;3;PRE-JUBILADO                  ;3;PRE-JUBILADO                  ;6;PERSONAL MENSUALIZADO         ;40;ADMINISTRATIVO                ;4501;D-3  MENSUALIZ.  DEFEN        ;AB0A0A0000;SUBDIRECCION DE PREVISION SOCIAL                                                                                        ;465;I.P.S. 14 SAC       ;0;                    ;      0.00;       -1067.23;0;1;6;PRE-JUBILADO                  
368842;FAUSTINO VICENTE CLAUDIO      ;16025408;20160254085;3;PRE-JUBILADO                  ;3;PRE-JUBILADO                  ;6;JERARQUICO                    ;2;SUBDIRECTOR-A                 ;1201;J2   SUBDIRECTOR              ;AB0A0A0000;SUBDIRECCION DE PREVISION SOCIAL                                                                                        ;182;ANT.PRE-JUBILATORIO ;0;                    ;      0.00;      159408.55;422;1;1217;PRE-JUBILADO                  
369501;RUIZ AMERICO NORBERTO         ;12198964;20121989647;3;PRE-JUBILADO                  ;3;PRE-JUBILADO                  ;6;ADMINISTRATIVO                ;5;ADMINISTRATIVO                ;4501;12   ADMINISTRATIVO-CAT12     ;AB0A0A0000;SUBDIRECCION DE PREVISION SOCIAL                                                                                        ;182;ANT.PRE-JUBILATORIO ;0;                    ;      0.00;       31980.88;422;1;1512;PRE-JUBILADO                  
370531;FLORES MARIO DANIEL           ;16139387;20161393879;3;PRE-JUBILADO                  ;3;PRE-JUBILADO                  ;6;JERARQUICO                    ;2;SERENO                        ;6710;J2   SUBDIRECTOR              ;AB0A0A0000;SUBDIRECCION DE PREVISION SOCIAL                                                                                        ;182;ANT.PRE-JUBILATORIO ;0;                    ;      0.00;      122865.04;422;1;1217;PRE-JUBILADO                  
371481;AGNESE ANTONIO                ;12129403;20121294037;3;PRE-JUBILADO                  ;3;PRE-JUBILADO                  ;6;INSPECCION                    ;9;INSPECTOR DE LIMPIEZA         ;5901;11   INSPECTOR CAT.11         ;AB0A0A0000;SUBDIRECCION DE PREVISION SOCIAL                                                                                        ;182;ANT.PRE-JUBILATORIO ;0;                    ;      0.00;       38048.86;422;1;1911;PRE-JUBILADO                  
376332;VIDAL NU¤EZ SILVIA IRENE      ;18598892;27185988924;5;PERSONAL DOCENTE              ;5;TITULAR                       ;2;DOCENTE EDUCACION Y CULTURA   ;8;MAESTRA SECRETARIA            ;5425;MS   MAESTRA SECRETARIA       ;AI0A000021;JARDIN DE INFANTES N 21                                                                                                 ;182;ANT.PRE-JUBILATORIO ;0;                    ;      0.00;       65059.51;422;4;5808;PERSONAL DOCENTE              
380931;BOVT ROSA MONICA              ;12424674;27124246747;3;PRE-JUBILADO                  ;3;PRE-JUBILADO                  ;6;ADMINISTRATIVO                ;5;ADMINISTRATIVO                ;4501;12   ADMINISTRATIVO-CAT12     ;AB0A0A0000;SUBDIRECCION DE PREVISION SOCIAL                                                                                        ;182;ANT.PRE-JUBILATORIO ;0;                    ;      0.00;       33866.25;422;1;1512;PRE-JUBILADO                  
380991;VEZZANI EDUARDO               ;10258258;20102582587;3;PRE-JUBILADO                  ;3;PRE-JUBILADO                  ;6;ADMINISTRATIVO                ;5;ADMINISTRATIVO                ;4501;12   ADMINISTRATIVO-CAT12     ;AB0A0A0000;SUBDIRECCION DE PREVISION SOCIAL                                                                                        ;182;ANT.PRE-JUBILATORIO ;0;                    ;      0.00;       45211.80;422;1;1512;PRE-JUBILADO                  
387612;ALMADA RAMON MIGUEL           ;12481826;20124818266;3;PRE-JUBILADO                  ;3;PRE-JUBILADO                  ;6;JERARQUICO                    ;2;REPRESENTANTE FISCAL          ;9793;J2   SUBDIRECTOR              ;AB0A0A0000;SUBDIRECCION DE PREVISION SOCIAL                                                                                        ;182;ANT.PRE-JUBILATORIO ;0;                    ;      0.00;      155935.14;422;1;1217;PRE-JUBILADO                  
389861;RODRIGUEZ HUGO ALBERTO        ;11819759;20118197594;3;PRE-JUBILADO                  ;3;PRE-JUBILADO                  ;6;ADMINISTRATIVO                ;5;ADMINISTRATIVO                ;4501;12   ADMINISTRATIVO-CAT12     ;AB0A0A0000;SUBDIRECCION DE PREVISION SOCIAL                                                                                        ;182;ANT.PRE-JUBILATORIO ;0;                    ;      0.00;       48550.26;422;1;1512;PRE-JUBILADO                  
391871;MUZZI DANIEL ADOLFO           ;11492823;20114928233;3;PRE-JUBILADO                  ;3;PRE-JUBILADO                  ;6;CARRERA MEDICA                ;39;TOCOGINECOLOGICO              ;9785;52   MEDICO HOSP. A 24 HS     ;AB0A0A0000;SUBDIRECCION DE PREVISION SOCIAL                                                                                        ;182;ANT.PRE-JUBILATORIO ;0;                    ;      0.00;      120707.15;422;1;2352;PRE-JUBILADO                  
393061;RODRIGUEZ OSCAR               ;10817956;20108179563;3;PRE-JUBILADO                  ;3;PRE-JUBILADO                  ;6;PERSONAL MENSUALIZADO         ;40;ADMINISTRATIVO                ;4501;MA13   ADMINISTRATIVO  XIII   ;AB0A0A0000;SUBDIRECCION DE PREVISION SOCIAL                                                                                        ;182;ANT.PRE-JUBILATORIO ;0;                    ;      0.00;       47978.24;422;1;5997;PRE-JUBILADO                  
394711;FORMOSO OSCAR                 ;10784434;20107844342;7;HORAS CATEDRA                 ;7;TITULAR                       ;2;HORA CATEDRA                  ;10;PROFESOR HORA CATEDRA         ;9481;PF   HORA CATEDRA PF. (2DEC.) ;AB0A0A0000;SUBDIRECCION DE PREVISION SOCIAL                                                                                        ;182;ANT.PRE-JUBILATORIO ;0;                    ;      0.00;       36594.14;422;2;7805;HORAS CATEDRA                 
394721;FAMULARI ODILIA               ;12270249;27122702494;3;PRE-JUBILADO                  ;3;PRE-JUBILADO                  ;6;ADMINISTRATIVO                ;5;ADMINISTRATIVO                ;4501;12   ADMINISTRATIVO-CAT12     ;AB0A0A0000;SUBDIRECCION DE PREVISION SOCIAL                                                                                        ;182;ANT.PRE-JUBILATORIO ;0;                    ;      0.00;       59140.93;422;1;1512;PRE-JUBILADO                  
398721;SALAS JUAN RAMON              ;12129451;20121294517;3;PRE-JUBILADO                  ;3;PRE-JUBILADO                  ;6;OBRERO                        ;6;PEON                          ;8601;10    OBRERO CAT.10           ;AB0A0A0000;SUBDIRECCION DE PREVISION SOCIAL                                                                                        ;182;ANT.PRE-JUBILATORIO ;0;                    ;      0.00;       51797.78;422;1;1610;PRE-JUBILADO                  
403841;GONZALEZ JOSE LUIS            ;12403746;20124037469;3;PRE-JUBILADO                  ;3;PRE-JUBILADO                  ;6;OBRERO                        ;6;PEON                          ;8601;10    OBRERO CAT.10           ;AB0A0A0000;SUBDIRECCION DE PREVISION SOCIAL                                                                                        ;182;ANT.PRE-JUBILATORIO ;0;                    ;      0.00;       60648.63;422;1;1610;PRE-JUBILADO                  
403971;DENIS ANTONIO                 ;8373089;20083730898;3;PRE-JUBILADO                  ;3;PRE-JUBILADO                  ;6;OBRERO                        ;6;PEON                          ;8601;06   OBRERO CAT.06            ;AB0A0A0000;SUBDIRECCION DE PREVISION SOCIAL                                                                                        ;182;ANT.PRE-JUBILATORIO ;0;                    ;      0.00;       34942.76;422;1;1606;PRE-JUBILADO                  
406181;FRANCO MARTIREZ ALBERTO       ;11853283;20118532830;3;PRE-JUBILADO                  ;3;PRE-JUBILADO                  ;6;OBRERO                        ;6;EMPLEADO DE CUADRILLA         ;9817;10    OBRERO CAT.10           ;AB0A0A0000;SUBDIRECCION DE PREVISION SOCIAL                                                                                        ;182;ANT.PRE-JUBILATORIO ;0;                    ;      0.00;       56434.59;422;1;1610;PRE-JUBILADO                  
406241;VERA JOAQUIN ROQUE            ;11890262;23118902629;3;PRE-JUBILADO                  ;3;PRE-JUBILADO                  ;6;SERVICIO                      ;7;SERENO                        ;6710;10   SERVICIO CAT.10          ;AB0A0A0000;SUBDIRECCION DE PREVISION SOCIAL                                                                                        ;182;ANT.PRE-JUBILATORIO ;0;                    ;      0.00;       39051.11;422;1;1710;PRE-JUBILADO                  
407511;MORALES MARIA VICTORIA        ;12096131;23120961314;3;PRE-JUBILADO                  ;3;PRE-JUBILADO                  ;6;ADMINISTRATIVO                ;5;ADMINISTRATIVO                ;4501;12   ADMINISTRATIVO-CAT12     ;AB0A0A0000;SUBDIRECCION DE PREVISION SOCIAL                                                                                        ;182;ANT.PRE-JUBILATORIO ;0;                    ;      0.00;       48232.41;422;1;1512;PRE-JUBILADO                  
407861;BARROS ANGEL OMAR             ;11969813;20119698139;3;PRE-JUBILADO                  ;3;PRE-JUBILADO                  ;6;OBRERO                        ;6;PEON                          ;8601;10    OBRERO CAT.10           ;AB0A0A0000;SUBDIRECCION DE PREVISION SOCIAL                                                                                        ;182;ANT.PRE-JUBILATORIO ;0;                    ;      0.00;       47927.68;422;1;1610;PRE-JUBILADO                  
408101;SILVA OSCAR HECTOR            ;10862871;20108628716;3;PRE-JUBILADO                  ;3;PRE-JUBILADO                  ;6;INSPECCION                    ;9;INSPECTOR DE OBRAS            ;2903;11   INSPECTOR CAT.11         ;AB0A0A0000;SUBDIRECCION DE PREVISION SOCIAL                                                                                        ;182;ANT.PRE-JUBILATORIO ;0;                    ;      0.00;       36164.09;422;1;1911;PRE-JUBILADO                  
413291;ESPINOLA ROJAS FRANCISCA TERES;18854040;27188540401;1;PLANTA PERMANENTE CAT 11-18   ;1;DESVINCULADO                  ;18;PERSONAL DE LA SALUD          ;12;AUXILIAR DE ENFERMERIA        ;6401;14B  ENFERMERO SUPERVISOR     ;AO0A000002;UNIDAD SANITARIA N 02                                                                                                   ;158;LICENCIA NO GOZADA  ;0;                    ;      0.00;      117081.97;422;1;2414;PLANTA PERMANENTE             
413291;ESPINOLA ROJAS FRANCISCA TERES;18854040;27188540401;1;PLANTA PERMANENTE CAT 11-18   ;1;DESVINCULADO                  ;18;PERSONAL DE LA SALUD          ;12;AUXILIAR DE ENFERMERIA        ;6401;14B  ENFERMERO SUPERVISOR     ;AO0A000002;UNIDAD SANITARIA N 02                                                                                                   ;390;SUELDO ANUAL COMPLEM;0;                    ;      0.00;       25088.99;422;1;2414;PLANTA PERMANENTE             
413291;ESPINOLA ROJAS FRANCISCA TERES;18854040;27188540401;1;PLANTA PERMANENTE CAT 11-18   ;1;DESVINCULADO                  ;18;PERSONAL DE LA SALUD          ;12;AUXILIAR DE ENFERMERIA        ;6401;14B  ENFERMERO SUPERVISOR     ;AO0A000002;UNIDAD SANITARIA N 02                                                                                                   ;463;OBRA SOCIAL SAC     ;0;                    ;      0.00;        -752.67;0;1;2414;PLANTA PERMANENTE             
413291;ESPINOLA ROJAS FRANCISCA TERES;18854040;27188540401;1;PLANTA PERMANENTE CAT 11-18   ;1;DESVINCULADO                  ;18;PERSONAL DE LA SALUD          ;12;AUXILIAR DE ENFERMERIA        ;6401;14B  ENFERMERO SUPERVISOR     ;AO0A000002;UNIDAD SANITARIA N 02                                                                                                   ;465;I.P.S. 14 SAC       ;0;                    ;      0.00;       -3512.46;0;1;2414;PLANTA PERMANENTE             
414991;GOMEZ DEL PILAR               ;12609766;27126097668;3;PRE-JUBILADO                  ;3;PRE-JUBILADO                  ;6;SERVICIO                      ;7;SERVICIO                      ;9740;10   SERVICIO CAT.10          ;AB0A0A0000;SUBDIRECCION DE PREVISION SOCIAL                                                                                        ;182;ANT.PRE-JUBILATORIO ;0;                    ;      0.00;       33118.61;422;1;1710;PRE-JUBILADO                  
417701;LUGONES RUBEN ARTURO          ;11907479;20119074798;3;PRE-JUBILADO                  ;3;PRE-JUBILADO                  ;6;TECNICO                       ;4;VIGILADOR PROGRAMA INTEGRAL DE;9828;13   TECNICO CAT.13           ;AB0A0A0000;SUBDIRECCION DE PREVISION SOCIAL                                                                                        ;182;ANT.PRE-JUBILATORIO ;0;                    ;      0.00;       53108.26;422;1;1413;PRE-JUBILADO                  
437471;LLAMBI MARIA INES             ;12082376;27120823766;3;PRE-JUBILADO                  ;3;PRE-JUBILADO                  ;6;MUSICOS ORQUESTA              ;35;MUSICO                        ;6409;OS1    CONCERTINO             ;AB0A0A0000;SUBDIRECCION DE PREVISION SOCIAL                                                                                        ;182;ANT.PRE-JUBILATORIO ;0;                    ;      0.00;       69626.14;422;1;9011;PRE-JUBILADO                  
