LEGAJO;NOMBRE Y APELLIDO;DOCUMENTO;CUIL;GRUPO LIQUIDACION;DESCRIPCION GRUPO LIQUIDACION;CODIGO TIPO DE PLANTA;DESCRIPCION TIPO DE PLANTA;CODIGO TIPO DE PUESTO;DESCRIPCION TIPO DE PUESTO;CODIGO GRUPO PERSONAL;DESCRIPCION GRUPO PERSONAL;CODIGO DE FUNCION;DESCRIPCION FUNCION;CODEP;DESCRIPCION CODEP;CODIGO DE CONCEPTO;DESCRIPCION DE CONCEPTO;CODIGO DE ENTIDAD;DESCRIPCION DE ENTIDAD;UNIDADES;IMPORTE;ANO-MES RETROACTIVO;ESCALAFON;CATEGORIA;DESCRIPCION;
328201;ROUCO ADELA DEL CARMEN        ;  16321968;27163219684; 3;PRE-JUBILADO                  ; 3;PRE-JUBILADO                  ; 6;DOCENTE JIM FNE               ;52;PRECEPTORA                    ;9405;PR   PRECEPTORA               ;AB0A0A0000;SUBDIRECCION DE PREVISION SOCIAL                                                                                        ;178;SEIS MENSUALIDADES  ;    0;                    ;      0.00;      203175.00;  222; 1;5811;PRE-JUBILADO                  ;
328201;ROUCO ADELA DEL CARMEN        ;  16321968;27163219684; 3;PRE-JUBILADO                  ; 3;PRE-JUBILADO                  ; 6;DOCENTE JIM FNE               ;52;PRECEPTORA                    ;9405;PR   PRECEPTORA               ;AB0A0A0000;SUBDIRECCION DE PREVISION SOCIAL                                                                                        ;182;ANT.PRE-JUBILATORIO ;    0;                    ;      0.00;       44995.80;  222; 1;5811;PRE-JUBILADO                  ;
331441;COLMAN ROLANDO                ;  14647998;20146479988; 4;PLANTA PERMANENTE B1 A 10     ; 1;EFECTIVO                      ; 1;OBRERO                        ; 6;PEON                          ;8601;10    OBRERO CAT.10           ;AMB0000000;SUBSECRETARIA DE OBRAS PUBLICAS                                                                                         ;101;SUELDO BASICO       ;    0;                    ;      0.00;       26249.95;  222; 1;1610;PLANTA PERMANENTE             ;
331441;COLMAN ROLANDO                ;  14647998;20146479988; 4;PLANTA PERMANENTE B1 A 10     ; 1;EFECTIVO                      ; 1;OBRERO                        ; 6;PEON                          ;8601;10    OBRERO CAT.10           ;AMB0000000;SUBSECRETARIA DE OBRAS PUBLICAS                                                                                         ;104;ANTIGUEDAD          ;    0;                    ;     28.00;       16012.47;  222; 1;1610;PLANTA PERMANENTE             ;
331441;COLMAN ROLANDO                ;  14647998;20146479988; 4;PLANTA PERMANENTE B1 A 10     ; 1;EFECTIVO                      ; 1;OBRERO                        ; 6;PEON                          ;8601;10    OBRERO CAT.10           ;AMB0000000;SUBSECRETARIA DE OBRAS PUBLICAS                                                                                         ;159;BONIFIC. RETRIBUTIVA;    0;                    ;      0.00;       24544.81;  222; 1;1610;PLANTA PERMANENTE             ;
331441;COLMAN ROLANDO                ;  14647998;20146479988; 4;PLANTA PERMANENTE B1 A 10     ; 1;EFECTIVO                      ; 1;OBRERO                        ; 6;PEON                          ;8601;10    OBRERO CAT.10           ;AMB0000000;SUBSECRETARIA DE OBRAS PUBLICAS                                                                                         ;400;AMEPORT AFIL.       ;    0;                    ;      0.00;        -590.00;  222; 1;1610;PLANTA PERMANENTE             ;
331441;COLMAN ROLANDO                ;  14647998;20146479988; 4;PLANTA PERMANENTE B1 A 10     ; 1;EFECTIVO                      ; 1;OBRERO                        ; 6;PEON                          ;8601;10    OBRERO CAT.10           ;AMB0000000;SUBSECRETARIA DE OBRAS PUBLICAS                                                                                         ;440;I.P.S. 14           ;    0;                    ;      0.00;       -9353.01;    0; 1;1610;PLANTA PERMANENTE             ;
331441;COLMAN ROLANDO                ;  14647998;20146479988; 4;PLANTA PERMANENTE B1 A 10     ; 1;EFECTIVO                      ; 1;OBRERO                        ; 6;PEON                          ;8601;10    OBRERO CAT.10           ;AMB0000000;SUBSECRETARIA DE OBRAS PUBLICAS                                                                                         ;441;OBRA SOCIAL         ;    0;                    ;      0.00;       -2004.22;    0; 1;1610;PLANTA PERMANENTE             ;
331441;COLMAN ROLANDO                ;  14647998;20146479988; 4;PLANTA PERMANENTE B1 A 10     ; 1;EFECTIVO                      ; 1;OBRERO                        ; 6;PEON                          ;8601;10    OBRERO CAT.10           ;AMB0000000;SUBSECRETARIA DE OBRAS PUBLICAS                                                                                         ;443;CUOTA S.T.M.A.      ;    0;                    ;      0.00;       -2004.22;    0; 1;1610;PLANTA PERMANENTE             ;
332292;MONZON STELLA MARIS           ;  16266522;27162665222; 1;PLANTA PERMANENTE CAT 11-18   ; 1;INTERINO                      ; 9;JERARQUICO                    ; 2;SUBDIRECTOR-A                 ;1201;J2   SUBDIRECTOR              ;AM00000000;SECRETARIA DE OBRAS Y SERVICIOS PUBLICOS                                                                                ;126;TRABAJO EN EQUIPO   ;    0;                    ;      0.00;       10000.00;  122; 1;1217;PLANTA PERMANENTE             ;
332292;MONZON STELLA MARIS           ;  16266522;27162665222; 1;PLANTA PERMANENTE CAT 11-18   ; 1;INTERINO                      ; 9;JERARQUICO                    ; 2;SUBDIRECTOR-A                 ;1201;J2   SUBDIRECTOR              ;AM00000000;SECRETARIA DE OBRAS Y SERVICIOS PUBLICOS                                                                                ;440;I.P.S. 14           ;    0;                    ;      0.00;       -1400.00;    0; 1;1217;PLANTA PERMANENTE             ;
332292;MONZON STELLA MARIS           ;  16266522;27162665222; 1;PLANTA PERMANENTE CAT 11-18   ; 1;INTERINO                      ; 9;JERARQUICO                    ; 2;SUBDIRECTOR-A                 ;1201;J2   SUBDIRECTOR              ;AM00000000;SECRETARIA DE OBRAS Y SERVICIOS PUBLICOS                                                                                ;441;OBRA SOCIAL         ;    0;                    ;      0.00;        -300.00;    0; 1;1217;PLANTA PERMANENTE             ;
350452;OJEDA EDGARDO DARIO           ;  27273496;20272734969; 1;PLANTA PERMANENTE CAT 11-18   ; 1;INTERINO                      ; 9;JERARQUICO                    ; 2;JEFE-A DIVISION               ;1203;J4   JEFE DIVISION            ;AB0A000000;DIRECCION GENERAL DE PERSONAL                                                                                           ;126;TRABAJO EN EQUIPO   ;    0;                    ;      0.00;       30150.00;  222; 1;1215;PLANTA PERMANENTE             ;
350452;OJEDA EDGARDO DARIO           ;  27273496;20272734969; 1;PLANTA PERMANENTE CAT 11-18   ; 1;INTERINO                      ; 9;JERARQUICO                    ; 2;JEFE-A DIVISION               ;1203;J4   JEFE DIVISION            ;AB0A000000;DIRECCION GENERAL DE PERSONAL                                                                                           ;440;I.P.S. 14           ;    0;                    ;      0.00;       -4221.00;    0; 1;1215;PLANTA PERMANENTE             ;
350452;OJEDA EDGARDO DARIO           ;  27273496;20272734969; 1;PLANTA PERMANENTE CAT 11-18   ; 1;INTERINO                      ; 9;JERARQUICO                    ; 2;JEFE-A DIVISION               ;1203;J4   JEFE DIVISION            ;AB0A000000;DIRECCION GENERAL DE PERSONAL                                                                                           ;441;OBRA SOCIAL         ;    0;                    ;      0.00;        -904.50;    0; 1;1215;PLANTA PERMANENTE             ;
406391;GARCIA RUBEN HORACIO          ;  16754244;20167542442; 4;PLANTA PERMANENTE B1 A 10     ; 1;EFECTIVO                      ; 1;OBRERO                        ; 6;MANTENIMIENTO PLAZAS Y SERVICI;9859;08   OBRERO CAT.08            ;AMB0000000;SUBSECRETARIA DE OBRAS PUBLICAS                                                                                         ;101;SUELDO BASICO       ;    0;                    ;      0.00;       25938.05;  222; 1;1608;PLANTA PERMANENTE             ;
406391;GARCIA RUBEN HORACIO          ;  16754244;20167542442; 4;PLANTA PERMANENTE B1 A 10     ; 1;EFECTIVO                      ; 1;OBRERO                        ; 6;MANTENIMIENTO PLAZAS Y SERVICI;9859;08   OBRERO CAT.08            ;AMB0000000;SUBSECRETARIA DE OBRAS PUBLICAS                                                                                         ;104;ANTIGUEDAD          ;    0;                    ;     15.00;       10893.98;  222; 1;1608;PLANTA PERMANENTE             ;
406391;GARCIA RUBEN HORACIO          ;  16754244;20167542442; 4;PLANTA PERMANENTE B1 A 10     ; 1;EFECTIVO                      ; 1;OBRERO                        ; 6;MANTENIMIENTO PLAZAS Y SERVICI;9859;08   OBRERO CAT.08            ;AMB0000000;SUBSECRETARIA DE OBRAS PUBLICAS                                                                                         ;159;BONIFIC. RETRIBUTIVA;    0;                    ;      0.00;       24544.81;  222; 1;1608;PLANTA PERMANENTE             ;
406391;GARCIA RUBEN HORACIO          ;  16754244;20167542442; 4;PLANTA PERMANENTE B1 A 10     ; 1;EFECTIVO                      ; 1;OBRERO                        ; 6;MANTENIMIENTO PLAZAS Y SERVICI;9859;08   OBRERO CAT.08            ;AMB0000000;SUBSECRETARIA DE OBRAS PUBLICAS                                                                                         ;400;AMEPORT AFIL.       ;    0;                    ;      0.00;        -590.00;  222; 1;1608;PLANTA PERMANENTE             ;
406391;GARCIA RUBEN HORACIO          ;  16754244;20167542442; 4;PLANTA PERMANENTE B1 A 10     ; 1;EFECTIVO                      ; 1;OBRERO                        ; 6;MANTENIMIENTO PLAZAS Y SERVICI;9859;08   OBRERO CAT.08            ;AMB0000000;SUBSECRETARIA DE OBRAS PUBLICAS                                                                                         ;440;I.P.S. 14           ;    0;                    ;      0.00;       -8592.76;    0; 1;1608;PLANTA PERMANENTE             ;
406391;GARCIA RUBEN HORACIO          ;  16754244;20167542442; 4;PLANTA PERMANENTE B1 A 10     ; 1;EFECTIVO                      ; 1;OBRERO                        ; 6;MANTENIMIENTO PLAZAS Y SERVICI;9859;08   OBRERO CAT.08            ;AMB0000000;SUBSECRETARIA DE OBRAS PUBLICAS                                                                                         ;441;OBRA SOCIAL         ;    0;                    ;      0.00;       -1841.31;    0; 1;1608;PLANTA PERMANENTE             ;
406391;GARCIA RUBEN HORACIO          ;  16754244;20167542442; 4;PLANTA PERMANENTE B1 A 10     ; 1;EFECTIVO                      ; 1;OBRERO                        ; 6;MANTENIMIENTO PLAZAS Y SERVICI;9859;08   OBRERO CAT.08            ;AMB0000000;SUBSECRETARIA DE OBRAS PUBLICAS                                                                                         ;443;CUOTA S.T.M.A.      ;    0;                    ;      0.00;       -1841.31;    0; 1;1608;PLANTA PERMANENTE             ;
406391;GARCIA RUBEN HORACIO          ;  16754244;20167542442; 4;PLANTA PERMANENTE B1 A 10     ; 1;EFECTIVO                      ; 1;OBRERO                        ; 6;MANTENIMIENTO PLAZAS Y SERVICI;9859;08   OBRERO CAT.08            ;AMB0000000;SUBSECRETARIA DE OBRAS PUBLICAS                                                                                         ;457;MUTRAMA AFIL.       ;    0;                    ;      0.00;        -913.19;  222; 1;1608;PLANTA PERMANENTE             ;
428332;MANTOVANI DAIANA VANESA       ;  26375203;27263752037; 1;PLANTA PERMANENTE CAT 11-18   ; 1;INTERINO                      ; 9;JERARQUICO                    ; 2;SUBDIRECTOR-A                 ;1201;J2   SUBDIRECTOR              ;AB0B000000;DIRECCION GENERAL DE DESPACHO DE GOBIERNO                                                                               ;126;TRABAJO EN EQUIPO   ;    0;                    ;      0.00;       40700.00;  122; 1;1217;PLANTA PERMANENTE             ;
428332;MANTOVANI DAIANA VANESA       ;  26375203;27263752037; 1;PLANTA PERMANENTE CAT 11-18   ; 1;INTERINO                      ; 9;JERARQUICO                    ; 2;SUBDIRECTOR-A                 ;1201;J2   SUBDIRECTOR              ;AB0B000000;DIRECCION GENERAL DE DESPACHO DE GOBIERNO                                                                               ;364;EXTEN. EXTRA LABORAL;    0;                    ;     35.00;       33985.32;  122; 1;1217;PLANTA PERMANENTE             ;
428332;MANTOVANI DAIANA VANESA       ;  26375203;27263752037; 1;PLANTA PERMANENTE CAT 11-18   ; 1;INTERINO                      ; 9;JERARQUICO                    ; 2;SUBDIRECTOR-A                 ;1201;J2   SUBDIRECTOR              ;AB0B000000;DIRECCION GENERAL DE DESPACHO DE GOBIERNO                                                                               ;440;I.P.S. 14           ;    0;                    ;      0.00;      -10455.94;    0; 1;1217;PLANTA PERMANENTE             ;
428332;MANTOVANI DAIANA VANESA       ;  26375203;27263752037; 1;PLANTA PERMANENTE CAT 11-18   ; 1;INTERINO                      ; 9;JERARQUICO                    ; 2;SUBDIRECTOR-A                 ;1201;J2   SUBDIRECTOR              ;AB0B000000;DIRECCION GENERAL DE DESPACHO DE GOBIERNO                                                                               ;441;OBRA SOCIAL         ;    0;                    ;      0.00;       -2240.56;    0; 1;1217;PLANTA PERMANENTE             ;
428332;MANTOVANI DAIANA VANESA       ;  26375203;27263752037; 1;PLANTA PERMANENTE CAT 11-18   ; 1;INTERINO                      ; 9;JERARQUICO                    ; 2;SUBDIRECTOR-A                 ;1201;J2   SUBDIRECTOR              ;AB0B000000;DIRECCION GENERAL DE DESPACHO DE GOBIERNO                                                                               ;444;CUOTA U.P.C.N.      ;    0;                    ;      0.00;       -2240.56;    0; 1;1217;PLANTA PERMANENTE             ;
445441;ARRIETA ESCOBAR SARA ALEJANDRA;  38445262;27384452626; 4;PLANTA PERMANENTE B1 A 10     ; 1;EFECTIVO                      ; 1;TECNICO                       ; 4;ADMINISTRATIVO                ;4501;10   TECNICO CAT.10           ;AV0E000000;DIRECCION DE IMAGEN                                                                                                     ;366;HORAS EXTRAS 100%   ;    0;                    ;     33.50;       28979.91;  122; 1;1410;PLANTA PERMANENTE             ;
445441;ARRIETA ESCOBAR SARA ALEJANDRA;  38445262;27384452626; 4;PLANTA PERMANENTE B1 A 10     ; 1;EFECTIVO                      ; 1;TECNICO                       ; 4;ADMINISTRATIVO                ;4501;10   TECNICO CAT.10           ;AV0E000000;DIRECCION DE IMAGEN                                                                                                     ;441;OBRA SOCIAL         ;    0;                    ;      0.00;        -869.40;    0; 1;1410;PLANTA PERMANENTE             ;
483951;BIANCHI ROCIO BELEN           ;  37941439;27379414392; 6;MENSUALIZADOS                 ; 6;MENSUALIZADO                  ;11;PERSONAL MENSUALIZADO         ;40;PROGRAMADOR SENIOR            ;2408;MT07  TECNICO VII             ;AY00000000;SECRETARIA DE TECNOLOGIA                                                                                                ;101;SUELDO BASICO       ;    0;                    ;      0.00;       58053.12;  222; 1;6017;MENSUALIZADOS                 ;
483951;BIANCHI ROCIO BELEN           ;  37941439;27379414392; 6;MENSUALIZADOS                 ; 6;MENSUALIZADO                  ;11;PERSONAL MENSUALIZADO         ;40;PROGRAMADOR SENIOR            ;2408;MT07  TECNICO VII             ;AY00000000;SECRETARIA DE TECNOLOGIA                                                                                                ;115;BONIF.COMPUTACION   ;    0;                    ;     50.00;       29026.56;  222; 1;6017;MENSUALIZADOS                 ;
483951;BIANCHI ROCIO BELEN           ;  37941439;27379414392; 6;MENSUALIZADOS                 ; 6;MENSUALIZADO                  ;11;PERSONAL MENSUALIZADO         ;40;PROGRAMADOR SENIOR            ;2408;MT07  TECNICO VII             ;AY00000000;SECRETARIA DE TECNOLOGIA                                                                                                ;126;TRABAJO EN EQUIPO   ;    0;                    ;      0.00;        7544.00;  122; 1;6017;MENSUALIZADOS                 ;
483951;BIANCHI ROCIO BELEN           ;  37941439;27379414392; 6;MENSUALIZADOS                 ; 6;MENSUALIZADO                  ;11;PERSONAL MENSUALIZADO         ;40;PROGRAMADOR SENIOR            ;2408;MT07  TECNICO VII             ;AY00000000;SECRETARIA DE TECNOLOGIA                                                                                                ;159;BONIFIC. RETRIBUTIVA;    0;                    ;      0.00;       24544.81;  222; 1;6017;MENSUALIZADOS                 ;
483951;BIANCHI ROCIO BELEN           ;  37941439;27379414392; 6;MENSUALIZADOS                 ; 6;MENSUALIZADO                  ;11;PERSONAL MENSUALIZADO         ;40;PROGRAMADOR SENIOR            ;2408;MT07  TECNICO VII             ;AY00000000;SECRETARIA DE TECNOLOGIA                                                                                                ;329;BON.JORNADA PROLONG.;    0;                    ;      0.00;       37282.58;  222; 1;6017;MENSUALIZADOS                 ;
483951;BIANCHI ROCIO BELEN           ;  37941439;27379414392; 6;MENSUALIZADOS                 ; 6;MENSUALIZADO                  ;11;PERSONAL MENSUALIZADO         ;40;PROGRAMADOR SENIOR            ;2408;MT07  TECNICO VII             ;AY00000000;SECRETARIA DE TECNOLOGIA                                                                                                ;440;I.P.S. 14           ;    0;                    ;      0.00;      -21903.15;    0; 1;6017;MENSUALIZADOS                 ;
483951;BIANCHI ROCIO BELEN           ;  37941439;27379414392; 6;MENSUALIZADOS                 ; 6;MENSUALIZADO                  ;11;PERSONAL MENSUALIZADO         ;40;PROGRAMADOR SENIOR            ;2408;MT07  TECNICO VII             ;AY00000000;SECRETARIA DE TECNOLOGIA                                                                                                ;441;OBRA SOCIAL         ;    0;                    ;      0.00;       -4693.53;    0; 1;6017;MENSUALIZADOS                 ;
494481;ROMERO ROBERTO GERMAN         ;  28478896;20284788967; 6;MENSUALIZADOS                 ; 6;MENSUALIZADO                  ;11;PERSONAL MENSUALIZADO         ;40;CHOFER                        ; 108;MT01   TECNICO I              ;AS00B00000;DIRECCION DE CEREMONIAL Y PROTOCOLO                                                                                     ;101;SUELDO BASICO       ;    0;                    ;      0.00;       27834.37;  222; 1;6011;MENSUALIZADOS                 ;
494481;ROMERO ROBERTO GERMAN         ;  28478896;20284788967; 6;MENSUALIZADOS                 ; 6;MENSUALIZADO                  ;11;PERSONAL MENSUALIZADO         ;40;CHOFER                        ; 108;MT01   TECNICO I              ;AS00B00000;DIRECCION DE CEREMONIAL Y PROTOCOLO                                                                                     ;159;BONIFIC. RETRIBUTIVA;    0;                    ;      0.00;       24544.81;  222; 1;6011;MENSUALIZADOS                 ;
494481;ROMERO ROBERTO GERMAN         ;  28478896;20284788967; 6;MENSUALIZADOS                 ; 6;MENSUALIZADO                  ;11;PERSONAL MENSUALIZADO         ;40;CHOFER                        ; 108;MT01   TECNICO I              ;AS00B00000;DIRECCION DE CEREMONIAL Y PROTOCOLO                                                                                     ;325;SEXTA JORNADA       ;    0;                    ;      0.00;       10475.84;  222; 1;6011;MENSUALIZADOS                 ;
494481;ROMERO ROBERTO GERMAN         ;  28478896;20284788967; 6;MENSUALIZADOS                 ; 6;MENSUALIZADO                  ;11;PERSONAL MENSUALIZADO         ;40;CHOFER                        ; 108;MT01   TECNICO I              ;AS00B00000;DIRECCION DE CEREMONIAL Y PROTOCOLO                                                                                     ;329;BON.JORNADA PROLONG.;    0;                    ;      0.00;       20993.58;  222; 1;6011;MENSUALIZADOS                 ;
494481;ROMERO ROBERTO GERMAN         ;  28478896;20284788967; 6;MENSUALIZADOS                 ; 6;MENSUALIZADO                  ;11;PERSONAL MENSUALIZADO         ;40;CHOFER                        ; 108;MT01   TECNICO I              ;AS00B00000;DIRECCION DE CEREMONIAL Y PROTOCOLO                                                                                     ;440;I.P.S. 14           ;    0;                    ;      0.00;      -11738.80;    0; 1;6011;MENSUALIZADOS                 ;
494481;ROMERO ROBERTO GERMAN         ;  28478896;20284788967; 6;MENSUALIZADOS                 ; 6;MENSUALIZADO                  ;11;PERSONAL MENSUALIZADO         ;40;CHOFER                        ; 108;MT01   TECNICO I              ;AS00B00000;DIRECCION DE CEREMONIAL Y PROTOCOLO                                                                                     ;441;OBRA SOCIAL         ;    0;                    ;      0.00;       -2515.46;    0; 1;6011;MENSUALIZADOS                 ;
499391;GALLO MARIA FLORENCIA         ;  42646479;27426464794; 9;HONORABLE CONCEJO DELIBERANTE ; 9;TEMPORARIO HCD                ;17;TEMPORARIOS HCD               ;33;EMPLEADO- A  H.C.D.           ;1808;C9   HCD MENSUALIZADOS C9     ;C000000000;HONORABLE CONCEJO DELIBERANTE                                                                                           ;126;TRABAJO EN EQUIPO   ;    0;                    ;      0.00;       27150.00;  222; 1;3809;HONORABLE CONCEJO DELIBERANTE ;
499391;GALLO MARIA FLORENCIA         ;  42646479;27426464794; 9;HONORABLE CONCEJO DELIBERANTE ; 9;TEMPORARIO HCD                ;17;TEMPORARIOS HCD               ;33;EMPLEADO- A  H.C.D.           ;1808;C9   HCD MENSUALIZADOS C9     ;C000000000;HONORABLE CONCEJO DELIBERANTE                                                                                           ;440;I.P.S. 14           ;    0;                    ;      0.00;       -3801.00;    0; 1;3809;HONORABLE CONCEJO DELIBERANTE ;
499391;GALLO MARIA FLORENCIA         ;  42646479;27426464794; 9;HONORABLE CONCEJO DELIBERANTE ; 9;TEMPORARIO HCD                ;17;TEMPORARIOS HCD               ;33;EMPLEADO- A  H.C.D.           ;1808;C9   HCD MENSUALIZADOS C9     ;C000000000;HONORABLE CONCEJO DELIBERANTE                                                                                           ;441;OBRA SOCIAL         ;    0;                    ;      0.00;        -814.50;    0; 1;3809;HONORABLE CONCEJO DELIBERANTE ;
499881;DE ROSE CECILIA BEATRIZ       ;  25359149;27253591493; 2;CARRERA MEDICO HOSPITALARIA   ; 2;INTERINO                      ; 9;CARRERA MEDICA                ;39;OFTALMOLOGO/A                 ;9873;12   MEDICO ASIST.24 HS.      ;AO00000033;HOSPITAL DE OFTALMOLOGIA DE AVELLANEDA                                                                                  ;101;SUELDO BASICO       ;    0;                    ;      0.00;       10834.72;  222; 3;2312;CARRERA MEDICO HOSPITALARIA   ;
499881;DE ROSE CECILIA BEATRIZ       ;  25359149;27253591493; 2;CARRERA MEDICO HOSPITALARIA   ; 2;INTERINO                      ; 9;CARRERA MEDICA                ;39;OFTALMOLOGO/A                 ;9873;12   MEDICO ASIST.24 HS.      ;AO00000033;HOSPITAL DE OFTALMOLOGIA DE AVELLANEDA                                                                                  ;109;BONIF.X PTA.MEDICOS ;    0;                    ;      0.00;        4333.72;  222; 3;2312;CARRERA MEDICO HOSPITALARIA   ;
499881;DE ROSE CECILIA BEATRIZ       ;  25359149;27253591493; 2;CARRERA MEDICO HOSPITALARIA   ; 2;INTERINO                      ; 9;CARRERA MEDICA                ;39;OFTALMOLOGO/A                 ;9873;12   MEDICO ASIST.24 HS.      ;AO00000033;HOSPITAL DE OFTALMOLOGIA DE AVELLANEDA                                                                                  ;133;BONIF.RETRIB.MEDICOS;    0;                    ;      0.00;          20.00;  222; 3;2312;CARRERA MEDICO HOSPITALARIA   ;
499881;DE ROSE CECILIA BEATRIZ       ;  25359149;27253591493; 2;CARRERA MEDICO HOSPITALARIA   ; 2;INTERINO                      ; 9;CARRERA MEDICA                ;39;OFTALMOLOGO/A                 ;9873;12   MEDICO ASIST.24 HS.      ;AO00000033;HOSPITAL DE OFTALMOLOGIA DE AVELLANEDA                                                                                  ;154;TITULO UNIVERSITARIO;    0;                    ;      0.00;        3793.38;  222; 3;2312;CARRERA MEDICO HOSPITALARIA   ;
499881;DE ROSE CECILIA BEATRIZ       ;  25359149;27253591493; 2;CARRERA MEDICO HOSPITALARIA   ; 2;INTERINO                      ; 9;CARRERA MEDICA                ;39;OFTALMOLOGO/A                 ;9873;12   MEDICO ASIST.24 HS.      ;AO00000033;HOSPITAL DE OFTALMOLOGIA DE AVELLANEDA                                                                                  ;159;BONIFIC. RETRIBUTIVA;    0;                    ;      0.00;        7266.56;  222; 3;2312;CARRERA MEDICO HOSPITALARIA   ;
499881;DE ROSE CECILIA BEATRIZ       ;  25359149;27253591493; 2;CARRERA MEDICO HOSPITALARIA   ; 2;INTERINO                      ; 9;CARRERA MEDICA                ;39;OFTALMOLOGO/A                 ;9873;12   MEDICO ASIST.24 HS.      ;AO00000033;HOSPITAL DE OFTALMOLOGIA DE AVELLANEDA                                                                                  ;168;BON.X CARGA HORARIA ;    0;                    ;      0.00;         382.94;  222; 3;2312;CARRERA MEDICO HOSPITALARIA   ;
499881;DE ROSE CECILIA BEATRIZ       ;  25359149;27253591493; 2;CARRERA MEDICO HOSPITALARIA   ; 2;INTERINO                      ; 9;CARRERA MEDICA                ;39;OFTALMOLOGO/A                 ;9873;12   MEDICO ASIST.24 HS.      ;AO00000033;HOSPITAL DE OFTALMOLOGIA DE AVELLANEDA                                                                                  ;169;BONIF.X GRADO       ;    0;                    ;      0.00;        1723.21;  222; 3;2312;CARRERA MEDICO HOSPITALARIA   ;
499881;DE ROSE CECILIA BEATRIZ       ;  25359149;27253591493; 2;CARRERA MEDICO HOSPITALARIA   ; 2;INTERINO                      ; 9;CARRERA MEDICA                ;39;OFTALMOLOGO/A                 ;9873;12   MEDICO ASIST.24 HS.      ;AO00000033;HOSPITAL DE OFTALMOLOGIA DE AVELLANEDA                                                                                  ;440;I.P.S. 14           ;    0;                    ;      0.00;       -3969.63;    0; 3;2312;CARRERA MEDICO HOSPITALARIA   ;
499881;DE ROSE CECILIA BEATRIZ       ;  25359149;27253591493; 2;CARRERA MEDICO HOSPITALARIA   ; 2;INTERINO                      ; 9;CARRERA MEDICA                ;39;OFTALMOLOGO/A                 ;9873;12   MEDICO ASIST.24 HS.      ;AO00000033;HOSPITAL DE OFTALMOLOGIA DE AVELLANEDA                                                                                  ;441;OBRA SOCIAL         ;    0;                    ;      0.00;        -850.64;    0; 3;2312;CARRERA MEDICO HOSPITALARIA   ;
499891;ESCOBAR RODRIGUEZ PEDRO GONZAL;  95896497;20958964979; 2;CARRERA MEDICO HOSPITALARIA   ; 2;INTERINO                      ; 9;CARRERA MEDICA                ;39;MEDICO-A                      ;1307;12   MEDICO ASIST.24 HS.      ;AO00000037;UNIDAD DE EMERGENCIAS (SEC SAL                                                                                          ;101;SUELDO BASICO       ;    0;                    ;      0.00;       10834.72;  222; 3;2312;CARRERA MEDICO HOSPITALARIA   ;
499891;ESCOBAR RODRIGUEZ PEDRO GONZAL;  95896497;20958964979; 2;CARRERA MEDICO HOSPITALARIA   ; 2;INTERINO                      ; 9;CARRERA MEDICA                ;39;MEDICO-A                      ;1307;12   MEDICO ASIST.24 HS.      ;AO00000037;UNIDAD DE EMERGENCIAS (SEC SAL                                                                                          ;117;BONIF.X GRDIA.MEDICA;    0;                    ;      0.00;        8667.77;  222; 3;2312;CARRERA MEDICO HOSPITALARIA   ;
499891;ESCOBAR RODRIGUEZ PEDRO GONZAL;  95896497;20958964979; 2;CARRERA MEDICO HOSPITALARIA   ; 2;INTERINO                      ; 9;CARRERA MEDICA                ;39;MEDICO-A                      ;1307;12   MEDICO ASIST.24 HS.      ;AO00000037;UNIDAD DE EMERGENCIAS (SEC SAL                                                                                          ;133;BONIF.RETRIB.MEDICOS;    0;                    ;      0.00;          20.00;  222; 3;2312;CARRERA MEDICO HOSPITALARIA   ;
499891;ESCOBAR RODRIGUEZ PEDRO GONZAL;  95896497;20958964979; 2;CARRERA MEDICO HOSPITALARIA   ; 2;INTERINO                      ; 9;CARRERA MEDICA                ;39;MEDICO-A                      ;1307;12   MEDICO ASIST.24 HS.      ;AO00000037;UNIDAD DE EMERGENCIAS (SEC SAL                                                                                          ;154;TITULO UNIVERSITARIO;    0;                    ;      0.00;        3793.38;  222; 3;2312;CARRERA MEDICO HOSPITALARIA   ;
499891;ESCOBAR RODRIGUEZ PEDRO GONZAL;  95896497;20958964979; 2;CARRERA MEDICO HOSPITALARIA   ; 2;INTERINO                      ; 9;CARRERA MEDICA                ;39;MEDICO-A                      ;1307;12   MEDICO ASIST.24 HS.      ;AO00000037;UNIDAD DE EMERGENCIAS (SEC SAL                                                                                          ;159;BONIFIC. RETRIBUTIVA;    0;                    ;      0.00;        7266.56;  222; 3;2312;CARRERA MEDICO HOSPITALARIA   ;
499891;ESCOBAR RODRIGUEZ PEDRO GONZAL;  95896497;20958964979; 2;CARRERA MEDICO HOSPITALARIA   ; 2;INTERINO                      ; 9;CARRERA MEDICA                ;39;MEDICO-A                      ;1307;12   MEDICO ASIST.24 HS.      ;AO00000037;UNIDAD DE EMERGENCIAS (SEC SAL                                                                                          ;168;BON.X CARGA HORARIA ;    0;                    ;      0.00;         382.94;  222; 3;2312;CARRERA MEDICO HOSPITALARIA   ;
499891;ESCOBAR RODRIGUEZ PEDRO GONZAL;  95896497;20958964979; 2;CARRERA MEDICO HOSPITALARIA   ; 2;INTERINO                      ; 9;CARRERA MEDICA                ;39;MEDICO-A                      ;1307;12   MEDICO ASIST.24 HS.      ;AO00000037;UNIDAD DE EMERGENCIAS (SEC SAL                                                                                          ;169;BONIF.X GRADO       ;    0;                    ;      0.00;        1723.21;  222; 3;2312;CARRERA MEDICO HOSPITALARIA   ;
499891;ESCOBAR RODRIGUEZ PEDRO GONZAL;  95896497;20958964979; 2;CARRERA MEDICO HOSPITALARIA   ; 2;INTERINO                      ; 9;CARRERA MEDICA                ;39;MEDICO-A                      ;1307;12   MEDICO ASIST.24 HS.      ;AO00000037;UNIDAD DE EMERGENCIAS (SEC SAL                                                                                          ;440;I.P.S. 14           ;    0;                    ;      0.00;       -4576.40;    0; 3;2312;CARRERA MEDICO HOSPITALARIA   ;
499891;ESCOBAR RODRIGUEZ PEDRO GONZAL;  95896497;20958964979; 2;CARRERA MEDICO HOSPITALARIA   ; 2;INTERINO                      ; 9;CARRERA MEDICA                ;39;MEDICO-A                      ;1307;12   MEDICO ASIST.24 HS.      ;AO00000037;UNIDAD DE EMERGENCIAS (SEC SAL                                                                                          ;441;OBRA SOCIAL         ;    0;                    ;      0.00;        -980.66;    0; 3;2312;CARRERA MEDICO HOSPITALARIA   ;
499901;CASSINO JORGE MARTIN          ;  29945407;20299454070; 2;CARRERA MEDICO HOSPITALARIA   ; 2;INTERINO                      ; 9;CARRERA MEDICA                ;39;KINESIOLOGO-A                 ; 444;12   MEDICO ASIST.24 HS.      ;AO0A000027;INSTITUTO DE MEDICINA DEPORTIVA                                                                                         ;101;SUELDO BASICO       ;    0;                    ;      0.00;       10834.72;  222; 3;2312;CARRERA MEDICO HOSPITALARIA   ;
499901;CASSINO JORGE MARTIN          ;  29945407;20299454070; 2;CARRERA MEDICO HOSPITALARIA   ; 2;INTERINO                      ; 9;CARRERA MEDICA                ;39;KINESIOLOGO-A                 ; 444;12   MEDICO ASIST.24 HS.      ;AO0A000027;INSTITUTO DE MEDICINA DEPORTIVA                                                                                         ;109;BONIF.X PTA.MEDICOS ;    0;                    ;      0.00;        4333.72;  222; 3;2312;CARRERA MEDICO HOSPITALARIA   ;
499901;CASSINO JORGE MARTIN          ;  29945407;20299454070; 2;CARRERA MEDICO HOSPITALARIA   ; 2;INTERINO                      ; 9;CARRERA MEDICA                ;39;KINESIOLOGO-A                 ; 444;12   MEDICO ASIST.24 HS.      ;AO0A000027;INSTITUTO DE MEDICINA DEPORTIVA                                                                                         ;133;BONIF.RETRIB.MEDICOS;    0;                    ;      0.00;          20.00;  222; 3;2312;CARRERA MEDICO HOSPITALARIA   ;
499901;CASSINO JORGE MARTIN          ;  29945407;20299454070; 2;CARRERA MEDICO HOSPITALARIA   ; 2;INTERINO                      ; 9;CARRERA MEDICA                ;39;KINESIOLOGO-A                 ; 444;12   MEDICO ASIST.24 HS.      ;AO0A000027;INSTITUTO DE MEDICINA DEPORTIVA                                                                                         ;154;TITULO UNIVERSITARIO;    0;                    ;      0.00;        3793.38;  222; 3;2312;CARRERA MEDICO HOSPITALARIA   ;
499901;CASSINO JORGE MARTIN          ;  29945407;20299454070; 2;CARRERA MEDICO HOSPITALARIA   ; 2;INTERINO                      ; 9;CARRERA MEDICA                ;39;KINESIOLOGO-A                 ; 444;12   MEDICO ASIST.24 HS.      ;AO0A000027;INSTITUTO DE MEDICINA DEPORTIVA                                                                                         ;159;BONIFIC. RETRIBUTIVA;    0;                    ;      0.00;        7266.56;  222; 3;2312;CARRERA MEDICO HOSPITALARIA   ;
499901;CASSINO JORGE MARTIN          ;  29945407;20299454070; 2;CARRERA MEDICO HOSPITALARIA   ; 2;INTERINO                      ; 9;CARRERA MEDICA                ;39;KINESIOLOGO-A                 ; 444;12   MEDICO ASIST.24 HS.      ;AO0A000027;INSTITUTO DE MEDICINA DEPORTIVA                                                                                         ;168;BON.X CARGA HORARIA ;    0;                    ;      0.00;         382.94;  222; 3;2312;CARRERA MEDICO HOSPITALARIA   ;
499901;CASSINO JORGE MARTIN          ;  29945407;20299454070; 2;CARRERA MEDICO HOSPITALARIA   ; 2;INTERINO                      ; 9;CARRERA MEDICA                ;39;KINESIOLOGO-A                 ; 444;12   MEDICO ASIST.24 HS.      ;AO0A000027;INSTITUTO DE MEDICINA DEPORTIVA                                                                                         ;169;BONIF.X GRADO       ;    0;                    ;      0.00;        1723.21;  222; 3;2312;CARRERA MEDICO HOSPITALARIA   ;
499901;CASSINO JORGE MARTIN          ;  29945407;20299454070; 2;CARRERA MEDICO HOSPITALARIA   ; 2;INTERINO                      ; 9;CARRERA MEDICA                ;39;KINESIOLOGO-A                 ; 444;12   MEDICO ASIST.24 HS.      ;AO0A000027;INSTITUTO DE MEDICINA DEPORTIVA                                                                                         ;440;I.P.S. 14           ;    0;                    ;      0.00;       -3969.63;    0; 3;2312;CARRERA MEDICO HOSPITALARIA   ;
499901;CASSINO JORGE MARTIN          ;  29945407;20299454070; 2;CARRERA MEDICO HOSPITALARIA   ; 2;INTERINO                      ; 9;CARRERA MEDICA                ;39;KINESIOLOGO-A                 ; 444;12   MEDICO ASIST.24 HS.      ;AO0A000027;INSTITUTO DE MEDICINA DEPORTIVA                                                                                         ;441;OBRA SOCIAL         ;    0;                    ;      0.00;        -850.64;    0; 3;2312;CARRERA MEDICO HOSPITALARIA   ;
499911;RIVERO BONETTO EZEQUIEL NICOLA;  36552643;20365526436; 6;MENSUALIZADOS                 ; 6;MENSUALIZADO                  ;11;PERSONAL MENSUALIZADO         ;40;ADMINISTRATIVO                ;4501;MA12   ADMINISTRATIVO XII     ;ASB0000000;CONSEJO MUNICIPAL DE ECONOMIA SOCIAL Y POPULAR                                                                          ;101;SUELDO BASICO       ;    0;                    ;      0.00;       57255.52;  222; 1;6070;MENSUALIZADOS                 ;
499911;RIVERO BONETTO EZEQUIEL NICOLA;  36552643;20365526436; 6;MENSUALIZADOS                 ; 6;MENSUALIZADO                  ;11;PERSONAL MENSUALIZADO         ;40;ADMINISTRATIVO                ;4501;MA12   ADMINISTRATIVO XII     ;ASB0000000;CONSEJO MUNICIPAL DE ECONOMIA SOCIAL Y POPULAR                                                                          ;126;TRABAJO EN EQUIPO   ;    0;                    ;      0.00;       50000.00;  222; 1;6070;MENSUALIZADOS                 ;
499911;RIVERO BONETTO EZEQUIEL NICOLA;  36552643;20365526436; 6;MENSUALIZADOS                 ; 6;MENSUALIZADO                  ;11;PERSONAL MENSUALIZADO         ;40;ADMINISTRATIVO                ;4501;MA12   ADMINISTRATIVO XII     ;ASB0000000;CONSEJO MUNICIPAL DE ECONOMIA SOCIAL Y POPULAR                                                                          ;159;BONIFIC. RETRIBUTIVA;    0;                    ;      0.00;       24544.81;  222; 1;6070;MENSUALIZADOS                 ;
499911;RIVERO BONETTO EZEQUIEL NICOLA;  36552643;20365526436; 6;MENSUALIZADOS                 ; 6;MENSUALIZADO                  ;11;PERSONAL MENSUALIZADO         ;40;ADMINISTRATIVO                ;4501;MA12   ADMINISTRATIVO XII     ;ASB0000000;CONSEJO MUNICIPAL DE ECONOMIA SOCIAL Y POPULAR                                                                          ;365;HORAS EXTRAS 50%    ;    0;                    ;     36.00;       33463.77;  222; 1;6070;MENSUALIZADOS                 ;
499911;RIVERO BONETTO EZEQUIEL NICOLA;  36552643;20365526436; 6;MENSUALIZADOS                 ; 6;MENSUALIZADO                  ;11;PERSONAL MENSUALIZADO         ;40;ADMINISTRATIVO                ;4501;MA12   ADMINISTRATIVO XII     ;ASB0000000;CONSEJO MUNICIPAL DE ECONOMIA SOCIAL Y POPULAR                                                                          ;440;I.P.S. 14           ;    0;                    ;      0.00;      -18452.05;    0; 1;6070;MENSUALIZADOS                 ;
499911;RIVERO BONETTO EZEQUIEL NICOLA;  36552643;20365526436; 6;MENSUALIZADOS                 ; 6;MENSUALIZADO                  ;11;PERSONAL MENSUALIZADO         ;40;ADMINISTRATIVO                ;4501;MA12   ADMINISTRATIVO XII     ;ASB0000000;CONSEJO MUNICIPAL DE ECONOMIA SOCIAL Y POPULAR                                                                          ;441;OBRA SOCIAL         ;    0;                    ;      0.00;       -4957.92;    0; 1;6070;MENSUALIZADOS                 ;
