LEGAJO;NOMBRE Y APELLIDO;DOCUMENTO;CUIL;GRUPO LIQUIDACION;DESCRIPCION GRUPO LIQUIDACION;CODIGO TIPO DE PLANTA;DESCRIPCION TIPO DE PLANTA;CODIGO TIPO DE PUESTO;DESCRIPCION TIPO DE PUESTO;CODIGO GRUPO PERSONAL;DESCRIPCION GRUPO PERSONAL;CODIGO DE FUNCION;DESCRIPCION FUNCION;CODEP;DESCRIPCION CODEP;CODIGO DE CONCEPTO;DESCRIPCION DE CONCEPTO;CODIGO DE ENTIDAD;DESCRIPCION DE ENTIDAD;UNIDADES;IMPORTE;ANO-MES RETROACTIVO;ESCALAFON;CATEGORIA;DESCRIPCION
358451;GEREZ SERGIO ANTONIO          ;12143535;20121435358;7;HORAS CATEDRA                 ;7;INTERINO                      ;9;HORA CATEDRA NO REGULADA      ;16;PROFESOR HORA CATEDRA         ;9481;PF   HORA CATEDRA PF. (2DEC.) ;ASI0C00000;DIRECCION DE CIUDADANIA CULTURAL                                                                                        ;102;HORA CATEDRA        ;1021;HORAS DESREGULADAS  ;     35.00;        6360.55;322;2;7805;HORAS CATEDRA                 
358451;GEREZ SERGIO ANTONIO          ;12143535;20121435358;7;HORAS CATEDRA                 ;7;INTERINO                      ;9;HORA CATEDRA NO REGULADA      ;16;PROFESOR HORA CATEDRA         ;9481;PF   HORA CATEDRA PF. (2DEC.) ;ASI0C00000;DIRECCION DE CIUDADANIA CULTURAL                                                                                        ;441;OBRA SOCIAL         ;0;                    ;      0.00;        -190.82;0;2;7805;HORAS CATEDRA                 
358451;GEREZ SERGIO ANTONIO          ;12143535;20121435358;7;HORAS CATEDRA                 ;7;INTERINO                      ;9;HORA CATEDRA NO REGULADA      ;16;PROFESOR HORA CATEDRA         ;9481;PF   HORA CATEDRA PF. (2DEC.) ;ASI0C00000;DIRECCION DE CIUDADANIA CULTURAL                                                                                        ;442;I.P.S. 16           ;0;                    ;      0.00;       -1017.69;0;2;7805;HORAS CATEDRA                 
424234;BAIGORRIA MARINA SAMANTA      ;27050255;27270502550;7;HORAS CATEDRA                 ;7;INTERINO                      ;9;HORA CATEDRA NO REGULADA      ;16;PROFESOR HORA CATEDRA         ;9481;PF   HORA CATEDRA PF. (2DEC.) ;ASI0A00000;ESCUELA MUNICIPAL DE DANZAS CLASICAS                                                                                    ;102;HORA CATEDRA        ;1021;HORAS DESREGULADAS  ;     40.00;        7269.20;322;2;7805;HORAS CATEDRA                 
424234;BAIGORRIA MARINA SAMANTA      ;27050255;27270502550;7;HORAS CATEDRA                 ;7;INTERINO                      ;9;HORA CATEDRA NO REGULADA      ;16;PROFESOR HORA CATEDRA         ;9481;PF   HORA CATEDRA PF. (2DEC.) ;ASI0A00000;ESCUELA MUNICIPAL DE DANZAS CLASICAS                                                                                    ;441;OBRA SOCIAL         ;0;                    ;      0.00;        -218.08;0;2;7805;HORAS CATEDRA                 
424234;BAIGORRIA MARINA SAMANTA      ;27050255;27270502550;7;HORAS CATEDRA                 ;7;INTERINO                      ;9;HORA CATEDRA NO REGULADA      ;16;PROFESOR HORA CATEDRA         ;9481;PF   HORA CATEDRA PF. (2DEC.) ;ASI0A00000;ESCUELA MUNICIPAL DE DANZAS CLASICAS                                                                                    ;442;I.P.S. 16           ;0;                    ;      0.00;       -1163.07;0;2;7805;HORAS CATEDRA                 
426791;SOLITO NICOLAS FEDERICO       ;35639934;20356399340;7;HORAS CATEDRA                 ;7;INTERINO                      ;9;HORA CATEDRA NO REGULADA      ;16;PROFESOR HORA CATEDRA         ;9481;PF   HORA CATEDRA PF. (2DEC.) ;AZ00000000;SECRETARIA DE DEPORTES                                                                                                  ;102;HORA CATEDRA        ;1023;HORAS ORD 28563     ;     77.00;       45781.12;322;2;7805;HORAS CATEDRA                 
426791;SOLITO NICOLAS FEDERICO       ;35639934;20356399340;7;HORAS CATEDRA                 ;7;INTERINO                      ;9;HORA CATEDRA NO REGULADA      ;16;PROFESOR HORA CATEDRA         ;9481;PF   HORA CATEDRA PF. (2DEC.) ;AZ00000000;SECRETARIA DE DEPORTES                                                                                                  ;441;OBRA SOCIAL         ;0;                    ;      0.00;       -1373.43;0;2;7805;HORAS CATEDRA                 
426791;SOLITO NICOLAS FEDERICO       ;35639934;20356399340;7;HORAS CATEDRA                 ;7;INTERINO                      ;9;HORA CATEDRA NO REGULADA      ;16;PROFESOR HORA CATEDRA         ;9481;PF   HORA CATEDRA PF. (2DEC.) ;AZ00000000;SECRETARIA DE DEPORTES                                                                                                  ;442;I.P.S. 16           ;0;                    ;      0.00;       -7324.98;0;2;7805;HORAS CATEDRA                 
442271;BRAGAN MARIANO ISIDRO         ;24235816;20242358164;7;HORAS CATEDRA                 ;7;INTERINO                      ;9;HORA CATEDRA                  ;10;PROFESOR HORA CATEDRA         ;9481;PF   HORA CATEDRA PF. (2DEC.) ;ASL0000000;SUBSECRETARIA DE ENSEÑANZA ARTISTICA                                                                                    ;10;S.BASICO H.CAT.N/INS;0;                    ;     12.00;        6558.24;322;2;7805;HORAS CATEDRA                 
442271;BRAGAN MARIANO ISIDRO         ;24235816;20242358164;7;HORAS CATEDRA                 ;7;INTERINO                      ;9;HORA CATEDRA                  ;10;PROFESOR HORA CATEDRA         ;9481;PF   HORA CATEDRA PF. (2DEC.) ;ASL0000000;SUBSECRETARIA DE ENSEÑANZA ARTISTICA                                                                                    ;104;ANTIGUEDAD          ;0;                    ;      6.00;        2164.22;322;2;7805;HORAS CATEDRA                 
442271;BRAGAN MARIANO ISIDRO         ;24235816;20242358164;7;HORAS CATEDRA                 ;7;INTERINO                      ;9;HORA CATEDRA                  ;10;PROFESOR HORA CATEDRA         ;9481;PF   HORA CATEDRA PF. (2DEC.) ;ASL0000000;SUBSECRETARIA DE ENSEÑANZA ARTISTICA                                                                                    ;441;OBRA SOCIAL         ;0;                    ;      0.00;        -261.67;0;2;7805;HORAS CATEDRA                 
442271;BRAGAN MARIANO ISIDRO         ;24235816;20242358164;7;HORAS CATEDRA                 ;7;INTERINO                      ;9;HORA CATEDRA                  ;10;PROFESOR HORA CATEDRA         ;9481;PF   HORA CATEDRA PF. (2DEC.) ;ASL0000000;SUBSECRETARIA DE ENSEÑANZA ARTISTICA                                                                                    ;442;I.P.S. 16           ;0;                    ;      0.00;       -1395.59;0;2;7805;HORAS CATEDRA                 
442271;BRAGAN MARIANO ISIDRO         ;24235816;20242358164;7;HORAS CATEDRA                 ;7;INTERINO                      ;9;HORA CATEDRA                  ;10;PROFESOR HORA CATEDRA         ;9481;PF   HORA CATEDRA PF. (2DEC.) ;ASL0000000;SUBSECRETARIA DE ENSEÑANZA ARTISTICA                                                                                    ;445;CTA. S.U.M.A.       ;0;                    ;      0.00;        -174.45;0;2;7805;HORAS CATEDRA                 
459181;CHARAB MICAELA BELEN          ;39549941;27395499411;7;HORAS CATEDRA                 ;7;INTERINO                      ;9;HORA CATEDRA                  ;10;PROFESOR HORA CATEDRA         ;9481;PF   HORA CATEDRA PF. (2DEC.) ;ASI0A00000;ESCUELA MUNICIPAL DE DANZAS CLASICAS                                                                                    ;10;S.BASICO H.CAT.N/INS;0;                    ;      6.00;        3279.12;322;2;7805;HORAS CATEDRA                 
459181;CHARAB MICAELA BELEN          ;39549941;27395499411;7;HORAS CATEDRA                 ;7;INTERINO                      ;9;HORA CATEDRA                  ;10;PROFESOR HORA CATEDRA         ;9481;PF   HORA CATEDRA PF. (2DEC.) ;ASI0A00000;ESCUELA MUNICIPAL DE DANZAS CLASICAS                                                                                    ;104;ANTIGUEDAD          ;0;                    ;      4.00;        1082.11;322;2;7805;HORAS CATEDRA                 
459181;CHARAB MICAELA BELEN          ;39549941;27395499411;7;HORAS CATEDRA                 ;7;INTERINO                      ;9;HORA CATEDRA                  ;10;PROFESOR HORA CATEDRA         ;9481;PF   HORA CATEDRA PF. (2DEC.) ;ASI0A00000;ESCUELA MUNICIPAL DE DANZAS CLASICAS                                                                                    ;146;B/R/N/B A.5 DTO.1432;0;                    ;      6.00;        1049.34;322;2;7805;HORAS CATEDRA                 
459181;CHARAB MICAELA BELEN          ;39549941;27395499411;7;HORAS CATEDRA                 ;7;INTERINO                      ;9;HORA CATEDRA                  ;10;PROFESOR HORA CATEDRA         ;9481;PF   HORA CATEDRA PF. (2DEC.) ;ASI0A00000;ESCUELA MUNICIPAL DE DANZAS CLASICAS                                                                                    ;163;B.REM.N/BON.DTO.PCIA;0;                    ;      6.00;        1323.60;322;2;7805;HORAS CATEDRA                 
459181;CHARAB MICAELA BELEN          ;39549941;27395499411;7;HORAS CATEDRA                 ;7;INTERINO                      ;9;HORA CATEDRA                  ;10;PROFESOR HORA CATEDRA         ;9481;PF   HORA CATEDRA PF. (2DEC.) ;ASI0A00000;ESCUELA MUNICIPAL DE DANZAS CLASICAS                                                                                    ;441;OBRA SOCIAL         ;0;                    ;      0.00;        -202.03;0;2;7805;HORAS CATEDRA                 
459181;CHARAB MICAELA BELEN          ;39549941;27395499411;7;HORAS CATEDRA                 ;7;INTERINO                      ;9;HORA CATEDRA                  ;10;PROFESOR HORA CATEDRA         ;9481;PF   HORA CATEDRA PF. (2DEC.) ;ASI0A00000;ESCUELA MUNICIPAL DE DANZAS CLASICAS                                                                                    ;442;I.P.S. 16           ;0;                    ;      0.00;       -1077.47;0;2;7805;HORAS CATEDRA                 
459191;KROGOR BENITEZ ANAHI MARIA BEL;36165322;27361653225;7;HORAS CATEDRA                 ;7;INTERINO                      ;9;HORA CATEDRA                  ;10;PROFESOR HORA CATEDRA         ;9481;PF   HORA CATEDRA PF. (2DEC.) ;ASI0A00000;ESCUELA MUNICIPAL DE DANZAS CLASICAS                                                                                    ;10;S.BASICO H.CAT.N/INS;0;                    ;      6.00;        3279.12;322;2;7805;HORAS CATEDRA                 
459191;KROGOR BENITEZ ANAHI MARIA BEL;36165322;27361653225;7;HORAS CATEDRA                 ;7;INTERINO                      ;9;HORA CATEDRA                  ;10;PROFESOR HORA CATEDRA         ;9481;PF   HORA CATEDRA PF. (2DEC.) ;ASI0A00000;ESCUELA MUNICIPAL DE DANZAS CLASICAS                                                                                    ;104;ANTIGUEDAD          ;0;                    ;      4.00;        1082.11;322;2;7805;HORAS CATEDRA                 
459191;KROGOR BENITEZ ANAHI MARIA BEL;36165322;27361653225;7;HORAS CATEDRA                 ;7;INTERINO                      ;9;HORA CATEDRA                  ;10;PROFESOR HORA CATEDRA         ;9481;PF   HORA CATEDRA PF. (2DEC.) ;ASI0A00000;ESCUELA MUNICIPAL DE DANZAS CLASICAS                                                                                    ;146;B/R/N/B A.5 DTO.1432;0;                    ;      6.00;        1049.34;322;2;7805;HORAS CATEDRA                 
459191;KROGOR BENITEZ ANAHI MARIA BEL;36165322;27361653225;7;HORAS CATEDRA                 ;7;INTERINO                      ;9;HORA CATEDRA                  ;10;PROFESOR HORA CATEDRA         ;9481;PF   HORA CATEDRA PF. (2DEC.) ;ASI0A00000;ESCUELA MUNICIPAL DE DANZAS CLASICAS                                                                                    ;163;B.REM.N/BON.DTO.PCIA;0;                    ;      6.00;        1323.60;322;2;7805;HORAS CATEDRA                 
459191;KROGOR BENITEZ ANAHI MARIA BEL;36165322;27361653225;7;HORAS CATEDRA                 ;7;INTERINO                      ;9;HORA CATEDRA                  ;10;PROFESOR HORA CATEDRA         ;9481;PF   HORA CATEDRA PF. (2DEC.) ;ASI0A00000;ESCUELA MUNICIPAL DE DANZAS CLASICAS                                                                                    ;441;OBRA SOCIAL         ;0;                    ;      0.00;        -202.03;0;2;7805;HORAS CATEDRA                 
459191;KROGOR BENITEZ ANAHI MARIA BEL;36165322;27361653225;7;HORAS CATEDRA                 ;7;INTERINO                      ;9;HORA CATEDRA                  ;10;PROFESOR HORA CATEDRA         ;9481;PF   HORA CATEDRA PF. (2DEC.) ;ASI0A00000;ESCUELA MUNICIPAL DE DANZAS CLASICAS                                                                                    ;442;I.P.S. 16           ;0;                    ;      0.00;       -1077.47;0;2;7805;HORAS CATEDRA                 
468621;CORONA ABRIL BELEN            ;38684130;27386841301;7;HORAS CATEDRA                 ;7;INTERINO                      ;9;HORA CATEDRA                  ;10;PROFESOR HORA CATEDRA         ;9481;PF   HORA CATEDRA PF. (2DEC.) ;ASI0A00000;ESCUELA MUNICIPAL DE DANZAS CLASICAS                                                                                    ;10;S.BASICO H.CAT.N/INS;0;                    ;     12.00;        6558.24;322;2;7805;HORAS CATEDRA                 
468621;CORONA ABRIL BELEN            ;38684130;27386841301;7;HORAS CATEDRA                 ;7;INTERINO                      ;9;HORA CATEDRA                  ;10;PROFESOR HORA CATEDRA         ;9481;PF   HORA CATEDRA PF. (2DEC.) ;ASI0A00000;ESCUELA MUNICIPAL DE DANZAS CLASICAS                                                                                    ;104;ANTIGUEDAD          ;0;                    ;      4.00;        2164.22;322;2;7805;HORAS CATEDRA                 
468621;CORONA ABRIL BELEN            ;38684130;27386841301;7;HORAS CATEDRA                 ;7;INTERINO                      ;9;HORA CATEDRA                  ;10;PROFESOR HORA CATEDRA         ;9481;PF   HORA CATEDRA PF. (2DEC.) ;ASI0A00000;ESCUELA MUNICIPAL DE DANZAS CLASICAS                                                                                    ;146;B/R/N/B A.5 DTO.1432;0;                    ;     12.00;        2098.68;322;2;7805;HORAS CATEDRA                 
468621;CORONA ABRIL BELEN            ;38684130;27386841301;7;HORAS CATEDRA                 ;7;INTERINO                      ;9;HORA CATEDRA                  ;10;PROFESOR HORA CATEDRA         ;9481;PF   HORA CATEDRA PF. (2DEC.) ;ASI0A00000;ESCUELA MUNICIPAL DE DANZAS CLASICAS                                                                                    ;163;B.REM.N/BON.DTO.PCIA;0;                    ;     12.00;        2647.20;322;2;7805;HORAS CATEDRA                 
468621;CORONA ABRIL BELEN            ;38684130;27386841301;7;HORAS CATEDRA                 ;7;INTERINO                      ;9;HORA CATEDRA                  ;10;PROFESOR HORA CATEDRA         ;9481;PF   HORA CATEDRA PF. (2DEC.) ;ASI0A00000;ESCUELA MUNICIPAL DE DANZAS CLASICAS                                                                                    ;441;OBRA SOCIAL         ;0;                    ;      0.00;        -404.05;0;2;7805;HORAS CATEDRA                 
468621;CORONA ABRIL BELEN            ;38684130;27386841301;7;HORAS CATEDRA                 ;7;INTERINO                      ;9;HORA CATEDRA                  ;10;PROFESOR HORA CATEDRA         ;9481;PF   HORA CATEDRA PF. (2DEC.) ;ASI0A00000;ESCUELA MUNICIPAL DE DANZAS CLASICAS                                                                                    ;442;I.P.S. 16           ;0;                    ;      0.00;       -2154.93;0;2;7805;HORAS CATEDRA                 
468651;LEMA MARIA LEONELA            ;35862517;27358625172;7;HORAS CATEDRA                 ;7;INTERINO                      ;9;HORA CATEDRA                  ;10;PROFESOR HORA CATEDRA         ;9481;PF   HORA CATEDRA PF. (2DEC.) ;ASI0A00000;ESCUELA MUNICIPAL DE DANZAS CLASICAS                                                                                    ;10;S.BASICO H.CAT.N/INS;0;                    ;      6.00;        3279.12;322;2;7805;HORAS CATEDRA                 
468651;LEMA MARIA LEONELA            ;35862517;27358625172;7;HORAS CATEDRA                 ;7;INTERINO                      ;9;HORA CATEDRA                  ;10;PROFESOR HORA CATEDRA         ;9481;PF   HORA CATEDRA PF. (2DEC.) ;ASI0A00000;ESCUELA MUNICIPAL DE DANZAS CLASICAS                                                                                    ;104;ANTIGUEDAD          ;0;                    ;      4.00;        1082.11;322;2;7805;HORAS CATEDRA                 
468651;LEMA MARIA LEONELA            ;35862517;27358625172;7;HORAS CATEDRA                 ;7;INTERINO                      ;9;HORA CATEDRA                  ;10;PROFESOR HORA CATEDRA         ;9481;PF   HORA CATEDRA PF. (2DEC.) ;ASI0A00000;ESCUELA MUNICIPAL DE DANZAS CLASICAS                                                                                    ;146;B/R/N/B A.5 DTO.1432;0;                    ;      6.00;        1049.34;322;2;7805;HORAS CATEDRA                 
468651;LEMA MARIA LEONELA            ;35862517;27358625172;7;HORAS CATEDRA                 ;7;INTERINO                      ;9;HORA CATEDRA                  ;10;PROFESOR HORA CATEDRA         ;9481;PF   HORA CATEDRA PF. (2DEC.) ;ASI0A00000;ESCUELA MUNICIPAL DE DANZAS CLASICAS                                                                                    ;163;B.REM.N/BON.DTO.PCIA;0;                    ;      6.00;        1323.60;322;2;7805;HORAS CATEDRA                 
468651;LEMA MARIA LEONELA            ;35862517;27358625172;7;HORAS CATEDRA                 ;7;INTERINO                      ;9;HORA CATEDRA                  ;10;PROFESOR HORA CATEDRA         ;9481;PF   HORA CATEDRA PF. (2DEC.) ;ASI0A00000;ESCUELA MUNICIPAL DE DANZAS CLASICAS                                                                                    ;441;OBRA SOCIAL         ;0;                    ;      0.00;        -202.03;0;2;7805;HORAS CATEDRA                 
468651;LEMA MARIA LEONELA            ;35862517;27358625172;7;HORAS CATEDRA                 ;7;INTERINO                      ;9;HORA CATEDRA                  ;10;PROFESOR HORA CATEDRA         ;9481;PF   HORA CATEDRA PF. (2DEC.) ;ASI0A00000;ESCUELA MUNICIPAL DE DANZAS CLASICAS                                                                                    ;442;I.P.S. 16           ;0;                    ;      0.00;       -1077.47;0;2;7805;HORAS CATEDRA                 
468661;CALVO GABRIELA FERNANDA       ;21111955;27211119557;7;HORAS CATEDRA                 ;7;INTERINO                      ;9;HORA CATEDRA NO REGULADA      ;16;PROFESOR HORA CATEDRA         ;9481;PF   HORA CATEDRA PF. (2DEC.) ;ASI0A00000;ESCUELA MUNICIPAL DE DANZAS CLASICAS                                                                                    ;102;HORA CATEDRA        ;1021;HORAS DESREGULADAS  ;     28.00;        5088.44;322;2;7805;HORAS CATEDRA                 
468661;CALVO GABRIELA FERNANDA       ;21111955;27211119557;7;HORAS CATEDRA                 ;7;INTERINO                      ;9;HORA CATEDRA NO REGULADA      ;16;PROFESOR HORA CATEDRA         ;9481;PF   HORA CATEDRA PF. (2DEC.) ;ASI0A00000;ESCUELA MUNICIPAL DE DANZAS CLASICAS                                                                                    ;441;OBRA SOCIAL         ;0;                    ;      0.00;        -152.65;0;2;7805;HORAS CATEDRA                 
468661;CALVO GABRIELA FERNANDA       ;21111955;27211119557;7;HORAS CATEDRA                 ;7;INTERINO                      ;9;HORA CATEDRA NO REGULADA      ;16;PROFESOR HORA CATEDRA         ;9481;PF   HORA CATEDRA PF. (2DEC.) ;ASI0A00000;ESCUELA MUNICIPAL DE DANZAS CLASICAS                                                                                    ;442;I.P.S. 16           ;0;                    ;      0.00;        -814.15;0;2;7805;HORAS CATEDRA                 
468761;CABRERA RAUL JOAQUIN          ;30827429;20308274293;7;HORAS CATEDRA                 ;7;INTERINO                      ;9;HORA CATEDRA                  ;10;PROFESOR HORA CATEDRA         ;9481;PF   HORA CATEDRA PF. (2DEC.) ;ASI0C00000;DIRECCION DE CIUDADANIA CULTURAL                                                                                        ;10;S.BASICO H.CAT.N/INS;0;                    ;     36.00;       19674.22;322;2;7805;HORAS CATEDRA                 
468761;CABRERA RAUL JOAQUIN          ;30827429;20308274293;7;HORAS CATEDRA                 ;7;INTERINO                      ;9;HORA CATEDRA                  ;10;PROFESOR HORA CATEDRA         ;9481;PF   HORA CATEDRA PF. (2DEC.) ;ASI0C00000;DIRECCION DE CIUDADANIA CULTURAL                                                                                        ;104;ANTIGUEDAD          ;0;                    ;      4.00;        6492.66;322;2;7805;HORAS CATEDRA                 
468761;CABRERA RAUL JOAQUIN          ;30827429;20308274293;7;HORAS CATEDRA                 ;7;INTERINO                      ;9;HORA CATEDRA                  ;10;PROFESOR HORA CATEDRA         ;9481;PF   HORA CATEDRA PF. (2DEC.) ;ASI0C00000;DIRECCION DE CIUDADANIA CULTURAL                                                                                        ;146;B/R/N/B A.5 DTO.1432;0;                    ;     36.00;        6296.04;322;2;7805;HORAS CATEDRA                 
468761;CABRERA RAUL JOAQUIN          ;30827429;20308274293;7;HORAS CATEDRA                 ;7;INTERINO                      ;9;HORA CATEDRA                  ;10;PROFESOR HORA CATEDRA         ;9481;PF   HORA CATEDRA PF. (2DEC.) ;ASI0C00000;DIRECCION DE CIUDADANIA CULTURAL                                                                                        ;163;B.REM.N/BON.DTO.PCIA;0;                    ;     36.00;        7941.60;322;2;7805;HORAS CATEDRA                 
468761;CABRERA RAUL JOAQUIN          ;30827429;20308274293;7;HORAS CATEDRA                 ;7;INTERINO                      ;9;HORA CATEDRA                  ;10;PROFESOR HORA CATEDRA         ;9481;PF   HORA CATEDRA PF. (2DEC.) ;ASI0C00000;DIRECCION DE CIUDADANIA CULTURAL                                                                                        ;441;OBRA SOCIAL         ;0;                    ;      0.00;       -1212.14;0;2;7805;HORAS CATEDRA                 
468761;CABRERA RAUL JOAQUIN          ;30827429;20308274293;7;HORAS CATEDRA                 ;7;INTERINO                      ;9;HORA CATEDRA                  ;10;PROFESOR HORA CATEDRA         ;9481;PF   HORA CATEDRA PF. (2DEC.) ;ASI0C00000;DIRECCION DE CIUDADANIA CULTURAL                                                                                        ;442;I.P.S. 16           ;0;                    ;      0.00;       -6464.72;0;2;7805;HORAS CATEDRA                 
472851;GIMENEZ SOFIA MARIA           ;35353228;27353532281;7;HORAS CATEDRA                 ;7;INTERINO                      ;9;HORA CATEDRA NO REGULADA      ;16;PROFESOR HORA CATEDRA         ;9481;PF   HORA CATEDRA PF. (2DEC.) ;ASL0000000;SUBSECRETARIA DE ENSEÑANZA ARTISTICA                                                                                    ;102;HORA CATEDRA        ;1021;HORAS DESREGULADAS  ;     84.00;       15265.32;322;2;7805;HORAS CATEDRA                 
472851;GIMENEZ SOFIA MARIA           ;35353228;27353532281;7;HORAS CATEDRA                 ;7;INTERINO                      ;9;HORA CATEDRA NO REGULADA      ;16;PROFESOR HORA CATEDRA         ;9481;PF   HORA CATEDRA PF. (2DEC.) ;ASL0000000;SUBSECRETARIA DE ENSEÑANZA ARTISTICA                                                                                    ;441;OBRA SOCIAL         ;0;                    ;      0.00;        -457.96;0;2;7805;HORAS CATEDRA                 
472851;GIMENEZ SOFIA MARIA           ;35353228;27353532281;7;HORAS CATEDRA                 ;7;INTERINO                      ;9;HORA CATEDRA NO REGULADA      ;16;PROFESOR HORA CATEDRA         ;9481;PF   HORA CATEDRA PF. (2DEC.) ;ASL0000000;SUBSECRETARIA DE ENSEÑANZA ARTISTICA                                                                                    ;442;I.P.S. 16           ;0;                    ;      0.00;       -2442.45;0;2;7805;HORAS CATEDRA                 
484161;RODRIGUEZ GUTMAN GUADALUPE    ;38614074;27386140745;7;HORAS CATEDRA                 ;7;INTERINO                      ;9;HORA CATEDRA                  ;10;PROFESOR HORA CATEDRA         ;9481;PF   HORA CATEDRA PF. (2DEC.) ;ASI0C00000;DIRECCION DE CIUDADANIA CULTURAL                                                                                        ;10;S.BASICO H.CAT.N/INS;0;                    ;     24.00;       13116.48;322;2;7805;HORAS CATEDRA                 
484161;RODRIGUEZ GUTMAN GUADALUPE    ;38614074;27386140745;7;HORAS CATEDRA                 ;7;INTERINO                      ;9;HORA CATEDRA                  ;10;PROFESOR HORA CATEDRA         ;9481;PF   HORA CATEDRA PF. (2DEC.) ;ASI0C00000;DIRECCION DE CIUDADANIA CULTURAL                                                                                        ;104;ANTIGUEDAD          ;0;                    ;      2.00;        3147.96;322;2;7805;HORAS CATEDRA                 
484161;RODRIGUEZ GUTMAN GUADALUPE    ;38614074;27386140745;7;HORAS CATEDRA                 ;7;INTERINO                      ;9;HORA CATEDRA                  ;10;PROFESOR HORA CATEDRA         ;9481;PF   HORA CATEDRA PF. (2DEC.) ;ASI0C00000;DIRECCION DE CIUDADANIA CULTURAL                                                                                        ;146;B/R/N/B A.5 DTO.1432;0;                    ;     24.00;        4197.36;322;2;7805;HORAS CATEDRA                 
484161;RODRIGUEZ GUTMAN GUADALUPE    ;38614074;27386140745;7;HORAS CATEDRA                 ;7;INTERINO                      ;9;HORA CATEDRA                  ;10;PROFESOR HORA CATEDRA         ;9481;PF   HORA CATEDRA PF. (2DEC.) ;ASI0C00000;DIRECCION DE CIUDADANIA CULTURAL                                                                                        ;163;B.REM.N/BON.DTO.PCIA;0;                    ;     24.00;        5294.40;322;2;7805;HORAS CATEDRA                 
484161;RODRIGUEZ GUTMAN GUADALUPE    ;38614074;27386140745;7;HORAS CATEDRA                 ;7;INTERINO                      ;9;HORA CATEDRA                  ;10;PROFESOR HORA CATEDRA         ;9481;PF   HORA CATEDRA PF. (2DEC.) ;ASI0C00000;DIRECCION DE CIUDADANIA CULTURAL                                                                                        ;441;OBRA SOCIAL         ;0;                    ;      0.00;        -772.69;0;2;7805;HORAS CATEDRA                 
484161;RODRIGUEZ GUTMAN GUADALUPE    ;38614074;27386140745;7;HORAS CATEDRA                 ;7;INTERINO                      ;9;HORA CATEDRA                  ;10;PROFESOR HORA CATEDRA         ;9481;PF   HORA CATEDRA PF. (2DEC.) ;ASI0C00000;DIRECCION DE CIUDADANIA CULTURAL                                                                                        ;442;I.P.S. 16           ;0;                    ;      0.00;       -4120.99;0;2;7805;HORAS CATEDRA                 
484181;MEDINA SILVA MATIAS FERNANDO  ;32395110;20323951102;7;HORAS CATEDRA                 ;7;INTERINO                      ;9;HORA CATEDRA                  ;10;PROFESOR HORA CATEDRA         ;9481;PF   HORA CATEDRA PF. (2DEC.) ;ASI0C00000;DIRECCION DE CIUDADANIA CULTURAL                                                                                        ;10;S.BASICO H.CAT.N/INS;0;                    ;     24.00;       13116.48;322;2;7805;HORAS CATEDRA                 
484181;MEDINA SILVA MATIAS FERNANDO  ;32395110;20323951102;7;HORAS CATEDRA                 ;7;INTERINO                      ;9;HORA CATEDRA                  ;10;PROFESOR HORA CATEDRA         ;9481;PF   HORA CATEDRA PF. (2DEC.) ;ASI0C00000;DIRECCION DE CIUDADANIA CULTURAL                                                                                        ;104;ANTIGUEDAD          ;0;                    ;      2.00;        3147.96;322;2;7805;HORAS CATEDRA                 
484181;MEDINA SILVA MATIAS FERNANDO  ;32395110;20323951102;7;HORAS CATEDRA                 ;7;INTERINO                      ;9;HORA CATEDRA                  ;10;PROFESOR HORA CATEDRA         ;9481;PF   HORA CATEDRA PF. (2DEC.) ;ASI0C00000;DIRECCION DE CIUDADANIA CULTURAL                                                                                        ;146;B/R/N/B A.5 DTO.1432;0;                    ;     24.00;        4197.36;322;2;7805;HORAS CATEDRA                 
484181;MEDINA SILVA MATIAS FERNANDO  ;32395110;20323951102;7;HORAS CATEDRA                 ;7;INTERINO                      ;9;HORA CATEDRA                  ;10;PROFESOR HORA CATEDRA         ;9481;PF   HORA CATEDRA PF. (2DEC.) ;ASI0C00000;DIRECCION DE CIUDADANIA CULTURAL                                                                                        ;163;B.REM.N/BON.DTO.PCIA;0;                    ;     24.00;        5294.40;322;2;7805;HORAS CATEDRA                 
484181;MEDINA SILVA MATIAS FERNANDO  ;32395110;20323951102;7;HORAS CATEDRA                 ;7;INTERINO                      ;9;HORA CATEDRA                  ;10;PROFESOR HORA CATEDRA         ;9481;PF   HORA CATEDRA PF. (2DEC.) ;ASI0C00000;DIRECCION DE CIUDADANIA CULTURAL                                                                                        ;441;OBRA SOCIAL         ;0;                    ;      0.00;        -772.69;0;2;7805;HORAS CATEDRA                 
484181;MEDINA SILVA MATIAS FERNANDO  ;32395110;20323951102;7;HORAS CATEDRA                 ;7;INTERINO                      ;9;HORA CATEDRA                  ;10;PROFESOR HORA CATEDRA         ;9481;PF   HORA CATEDRA PF. (2DEC.) ;ASI0C00000;DIRECCION DE CIUDADANIA CULTURAL                                                                                        ;442;I.P.S. 16           ;0;                    ;      0.00;       -4120.99;0;2;7805;HORAS CATEDRA                 
484201;AMORUSO EMMANUEL LEONARDO     ;33079162;20330791625;7;HORAS CATEDRA                 ;7;INTERINO                      ;9;HORA CATEDRA                  ;10;PROFESOR HORA CATEDRA         ;9481;PF   HORA CATEDRA PF. (2DEC.) ;ASI0C00000;DIRECCION DE CIUDADANIA CULTURAL                                                                                        ;10;S.BASICO H.CAT.N/INS;0;                    ;     24.00;       13116.48;322;2;7805;HORAS CATEDRA                 
484201;AMORUSO EMMANUEL LEONARDO     ;33079162;20330791625;7;HORAS CATEDRA                 ;7;INTERINO                      ;9;HORA CATEDRA                  ;10;PROFESOR HORA CATEDRA         ;9481;PF   HORA CATEDRA PF. (2DEC.) ;ASI0C00000;DIRECCION DE CIUDADANIA CULTURAL                                                                                        ;104;ANTIGUEDAD          ;0;                    ;      2.00;        3147.96;322;2;7805;HORAS CATEDRA                 
484201;AMORUSO EMMANUEL LEONARDO     ;33079162;20330791625;7;HORAS CATEDRA                 ;7;INTERINO                      ;9;HORA CATEDRA                  ;10;PROFESOR HORA CATEDRA         ;9481;PF   HORA CATEDRA PF. (2DEC.) ;ASI0C00000;DIRECCION DE CIUDADANIA CULTURAL                                                                                        ;146;B/R/N/B A.5 DTO.1432;0;                    ;     24.00;        4197.36;322;2;7805;HORAS CATEDRA                 
484201;AMORUSO EMMANUEL LEONARDO     ;33079162;20330791625;7;HORAS CATEDRA                 ;7;INTERINO                      ;9;HORA CATEDRA                  ;10;PROFESOR HORA CATEDRA         ;9481;PF   HORA CATEDRA PF. (2DEC.) ;ASI0C00000;DIRECCION DE CIUDADANIA CULTURAL                                                                                        ;163;B.REM.N/BON.DTO.PCIA;0;                    ;     24.00;        5294.40;322;2;7805;HORAS CATEDRA                 
484201;AMORUSO EMMANUEL LEONARDO     ;33079162;20330791625;7;HORAS CATEDRA                 ;7;INTERINO                      ;9;HORA CATEDRA                  ;10;PROFESOR HORA CATEDRA         ;9481;PF   HORA CATEDRA PF. (2DEC.) ;ASI0C00000;DIRECCION DE CIUDADANIA CULTURAL                                                                                        ;441;OBRA SOCIAL         ;0;                    ;      0.00;        -772.69;0;2;7805;HORAS CATEDRA                 
484201;AMORUSO EMMANUEL LEONARDO     ;33079162;20330791625;7;HORAS CATEDRA                 ;7;INTERINO                      ;9;HORA CATEDRA                  ;10;PROFESOR HORA CATEDRA         ;9481;PF   HORA CATEDRA PF. (2DEC.) ;ASI0C00000;DIRECCION DE CIUDADANIA CULTURAL                                                                                        ;442;I.P.S. 16           ;0;                    ;      0.00;       -4120.99;0;2;7805;HORAS CATEDRA                 
484811;MASELLI MELINA                ;30465786;27304657869;7;HORAS CATEDRA                 ;7;INTERINO                      ;9;HORA CATEDRA NO REGULADA      ;16;PROFESOR HORA CATEDRA         ;9481;PF   HORA CATEDRA PF. (2DEC.) ;AO00000000;SECRETARIA DE SALUD                                                                                                     ;126;TRABAJO EN EQUIPO   ;0;                    ;      0.00;       15500.00;322;2;7805;HORAS CATEDRA                 
484811;MASELLI MELINA                ;30465786;27304657869;7;HORAS CATEDRA                 ;7;INTERINO                      ;9;HORA CATEDRA NO REGULADA      ;16;PROFESOR HORA CATEDRA         ;9481;PF   HORA CATEDRA PF. (2DEC.) ;AO00000000;SECRETARIA DE SALUD                                                                                                     ;441;OBRA SOCIAL         ;0;                    ;      0.00;        -465.00;0;2;7805;HORAS CATEDRA                 
484811;MASELLI MELINA                ;30465786;27304657869;7;HORAS CATEDRA                 ;7;INTERINO                      ;9;HORA CATEDRA NO REGULADA      ;16;PROFESOR HORA CATEDRA         ;9481;PF   HORA CATEDRA PF. (2DEC.) ;AO00000000;SECRETARIA DE SALUD                                                                                                     ;442;I.P.S. 16           ;0;                    ;      0.00;       -2480.00;0;2;7805;HORAS CATEDRA                 
490091;ABAD SILVINA LORENA           ;27593512;27275935129;7;HORAS CATEDRA                 ;7;INTERINO                      ;9;HORA CATEDRA NO REGULADA      ;16;PROFESOR HORA CATEDRA         ;9481;PF   HORA CATEDRA PF. (2DEC.) ;ASI0A00000;ESCUELA MUNICIPAL DE DANZAS CLASICAS                                                                                    ;102;HORA CATEDRA        ;1021;HORAS DESREGULADAS  ;     36.00;        6542.28;322;2;7805;HORAS CATEDRA                 
490091;ABAD SILVINA LORENA           ;27593512;27275935129;7;HORAS CATEDRA                 ;7;INTERINO                      ;9;HORA CATEDRA NO REGULADA      ;16;PROFESOR HORA CATEDRA         ;9481;PF   HORA CATEDRA PF. (2DEC.) ;ASI0A00000;ESCUELA MUNICIPAL DE DANZAS CLASICAS                                                                                    ;441;OBRA SOCIAL         ;0;                    ;      0.00;        -196.27;0;2;7805;HORAS CATEDRA                 
490091;ABAD SILVINA LORENA           ;27593512;27275935129;7;HORAS CATEDRA                 ;7;INTERINO                      ;9;HORA CATEDRA NO REGULADA      ;16;PROFESOR HORA CATEDRA         ;9481;PF   HORA CATEDRA PF. (2DEC.) ;ASI0A00000;ESCUELA MUNICIPAL DE DANZAS CLASICAS                                                                                    ;442;I.P.S. 16           ;0;                    ;      0.00;       -1046.76;0;2;7805;HORAS CATEDRA                 
490431;SPINA MILAGROS AYELEN         ;42118289;27421182898;7;HORAS CATEDRA                 ;7;INTERINO                      ;9;HORA CATEDRA                  ;10;PROFESOR HORA CATEDRA         ;9481;PF   HORA CATEDRA PF. (2DEC.) ;ASI0C00000;DIRECCION DE CIUDADANIA CULTURAL                                                                                        ;10;S.BASICO H.CAT.N/INS;0;                    ;     12.00;        6558.24;322;2;7805;HORAS CATEDRA                 
490431;SPINA MILAGROS AYELEN         ;42118289;27421182898;7;HORAS CATEDRA                 ;7;INTERINO                      ;9;HORA CATEDRA                  ;10;PROFESOR HORA CATEDRA         ;9481;PF   HORA CATEDRA PF. (2DEC.) ;ASI0C00000;DIRECCION DE CIUDADANIA CULTURAL                                                                                        ;104;ANTIGUEDAD          ;0;                    ;      1.00;        1377.23;322;2;7805;HORAS CATEDRA                 
490431;SPINA MILAGROS AYELEN         ;42118289;27421182898;7;HORAS CATEDRA                 ;7;INTERINO                      ;9;HORA CATEDRA                  ;10;PROFESOR HORA CATEDRA         ;9481;PF   HORA CATEDRA PF. (2DEC.) ;ASI0C00000;DIRECCION DE CIUDADANIA CULTURAL                                                                                        ;146;B/R/N/B A.5 DTO.1432;0;                    ;     12.00;        2098.68;322;2;7805;HORAS CATEDRA                 
490431;SPINA MILAGROS AYELEN         ;42118289;27421182898;7;HORAS CATEDRA                 ;7;INTERINO                      ;9;HORA CATEDRA                  ;10;PROFESOR HORA CATEDRA         ;9481;PF   HORA CATEDRA PF. (2DEC.) ;ASI0C00000;DIRECCION DE CIUDADANIA CULTURAL                                                                                        ;163;B.REM.N/BON.DTO.PCIA;0;                    ;     12.00;        2647.20;322;2;7805;HORAS CATEDRA                 
490431;SPINA MILAGROS AYELEN         ;42118289;27421182898;7;HORAS CATEDRA                 ;7;INTERINO                      ;9;HORA CATEDRA                  ;10;PROFESOR HORA CATEDRA         ;9481;PF   HORA CATEDRA PF. (2DEC.) ;ASI0C00000;DIRECCION DE CIUDADANIA CULTURAL                                                                                        ;441;OBRA SOCIAL         ;0;                    ;      0.00;        -380.44;0;2;7805;HORAS CATEDRA                 
490431;SPINA MILAGROS AYELEN         ;42118289;27421182898;7;HORAS CATEDRA                 ;7;INTERINO                      ;9;HORA CATEDRA                  ;10;PROFESOR HORA CATEDRA         ;9481;PF   HORA CATEDRA PF. (2DEC.) ;ASI0C00000;DIRECCION DE CIUDADANIA CULTURAL                                                                                        ;442;I.P.S. 16           ;0;                    ;      0.00;       -2029.02;0;2;7805;HORAS CATEDRA                 
490461;POMPEY CARLOS ALBERTO         ;14647505;20146475052;7;HORAS CATEDRA                 ;7;INTERINO                      ;9;HORA CATEDRA NO REGULADA      ;16;PROFESOR HORA CATEDRA         ;9481;PF   HORA CATEDRA PF. (2DEC.) ;ASI0C00000;DIRECCION DE CIUDADANIA CULTURAL                                                                                        ;102;HORA CATEDRA        ;1021;HORAS DESREGULADAS  ;    100.00;       18173.00;322;2;7805;HORAS CATEDRA                 
490461;POMPEY CARLOS ALBERTO         ;14647505;20146475052;7;HORAS CATEDRA                 ;7;INTERINO                      ;9;HORA CATEDRA NO REGULADA      ;16;PROFESOR HORA CATEDRA         ;9481;PF   HORA CATEDRA PF. (2DEC.) ;ASI0C00000;DIRECCION DE CIUDADANIA CULTURAL                                                                                        ;441;OBRA SOCIAL         ;0;                    ;      0.00;        -545.19;0;2;7805;HORAS CATEDRA                 
490461;POMPEY CARLOS ALBERTO         ;14647505;20146475052;7;HORAS CATEDRA                 ;7;INTERINO                      ;9;HORA CATEDRA NO REGULADA      ;16;PROFESOR HORA CATEDRA         ;9481;PF   HORA CATEDRA PF. (2DEC.) ;ASI0C00000;DIRECCION DE CIUDADANIA CULTURAL                                                                                        ;442;I.P.S. 16           ;0;                    ;      0.00;       -2907.68;0;2;7805;HORAS CATEDRA                 
494551;MORINIGO GUSTAVO EDUARDO      ;26997185;20269971852;7;HORAS CATEDRA                 ;7;INTERINO                      ;9;HORA CATEDRA                  ;10;PROFESOR HORA CATEDRA         ;9481;PF   HORA CATEDRA PF. (2DEC.) ;ASI0C00000;DIRECCION DE CIUDADANIA CULTURAL                                                                                        ;10;S.BASICO H.CAT.N/INS;0;                    ;     11.00;        6011.72;322;2;7805;HORAS CATEDRA                 
494551;MORINIGO GUSTAVO EDUARDO      ;26997185;20269971852;7;HORAS CATEDRA                 ;7;INTERINO                      ;9;HORA CATEDRA                  ;10;PROFESOR HORA CATEDRA         ;9481;PF   HORA CATEDRA PF. (2DEC.) ;ASI0C00000;DIRECCION DE CIUDADANIA CULTURAL                                                                                        ;104;ANTIGUEDAD          ;0;                    ;      0.00;        1262.46;322;2;7805;HORAS CATEDRA                 
494551;MORINIGO GUSTAVO EDUARDO      ;26997185;20269971852;7;HORAS CATEDRA                 ;7;INTERINO                      ;9;HORA CATEDRA                  ;10;PROFESOR HORA CATEDRA         ;9481;PF   HORA CATEDRA PF. (2DEC.) ;ASI0C00000;DIRECCION DE CIUDADANIA CULTURAL                                                                                        ;146;B/R/N/B A.5 DTO.1432;0;                    ;     11.00;        1923.79;322;2;7805;HORAS CATEDRA                 
494551;MORINIGO GUSTAVO EDUARDO      ;26997185;20269971852;7;HORAS CATEDRA                 ;7;INTERINO                      ;9;HORA CATEDRA                  ;10;PROFESOR HORA CATEDRA         ;9481;PF   HORA CATEDRA PF. (2DEC.) ;ASI0C00000;DIRECCION DE CIUDADANIA CULTURAL                                                                                        ;163;B.REM.N/BON.DTO.PCIA;0;                    ;     11.00;        2426.60;322;2;7805;HORAS CATEDRA                 
494551;MORINIGO GUSTAVO EDUARDO      ;26997185;20269971852;7;HORAS CATEDRA                 ;7;INTERINO                      ;9;HORA CATEDRA                  ;10;PROFESOR HORA CATEDRA         ;9481;PF   HORA CATEDRA PF. (2DEC.) ;ASI0C00000;DIRECCION DE CIUDADANIA CULTURAL                                                                                        ;441;OBRA SOCIAL         ;0;                    ;      0.00;        -348.74;0;2;7805;HORAS CATEDRA                 
494551;MORINIGO GUSTAVO EDUARDO      ;26997185;20269971852;7;HORAS CATEDRA                 ;7;INTERINO                      ;9;HORA CATEDRA                  ;10;PROFESOR HORA CATEDRA         ;9481;PF   HORA CATEDRA PF. (2DEC.) ;ASI0C00000;DIRECCION DE CIUDADANIA CULTURAL                                                                                        ;442;I.P.S. 16           ;0;                    ;      0.00;       -1859.93;0;2;7805;HORAS CATEDRA                 
