LEGAJO;NOMBRE Y APELLIDO;DOCUMENTO;CUIL;GRUPO LIQUIDACION;DESCRIPCION GRUPO LIQUIDACION;CODIGO TIPO DE PLANTA;DESCRIPCION TIPO DE PLANTA;CODIGO TIPO DE PUESTO;DESCRIPCION TIPO DE PUESTO;CODIGO GRUPO PERSONAL;DESCRIPCION GRUPO PERSONAL;CODIGO DE FUNCION;DESCRIPCION FUNCION;CODEP;DESCRIPCION CODEP;CODIGO DE CONCEPTO;DESCRIPCION DE CONCEPTO;CODIGO DE ENTIDAD;DESCRIPCION DE ENTIDAD;UNIDADES;IMPORTE;ANO-MES RETROACTIVO;ESCALAFON;CATEGORIA;DESCRIPCION;
174661;ORTIZ DARIO ALBERTO           ;  24492834;20244928340; 4;PLANTA PERMANENTE B1 A 10     ; 1;EFECTIVO                      ; 1;ADMINISTRATIVO                ; 5;ADMINISTRATIVO                ;4501;10    ADMINISTRATIVO CAT.10   ;ABA0000000;SUBSECRETARIA DE CEMENTERIO                                                                                             ;397;REINTEGRO DS.INASIS.;    0;                    ;      2.00;        9449.20; 1021; 1;1510;PLANTA PERMANENTE             ;
174661;ORTIZ DARIO ALBERTO           ;  24492834;20244928340; 4;PLANTA PERMANENTE B1 A 10     ; 1;EFECTIVO                      ; 1;ADMINISTRATIVO                ; 5;ADMINISTRATIVO                ;4501;10    ADMINISTRATIVO CAT.10   ;ABA0000000;SUBSECRETARIA DE CEMENTERIO                                                                                             ;440;I.P.S. 14           ;    0;                    ;      0.00;       -1322.89;    0; 1;1510;PLANTA PERMANENTE             ;
174661;ORTIZ DARIO ALBERTO           ;  24492834;20244928340; 4;PLANTA PERMANENTE B1 A 10     ; 1;EFECTIVO                      ; 1;ADMINISTRATIVO                ; 5;ADMINISTRATIVO                ;4501;10    ADMINISTRATIVO CAT.10   ;ABA0000000;SUBSECRETARIA DE CEMENTERIO                                                                                             ;441;OBRA SOCIAL         ;    0;                    ;      0.00;        -283.48;    0; 1;1510;PLANTA PERMANENTE             ;
174661;ORTIZ DARIO ALBERTO           ;  24492834;20244928340; 4;PLANTA PERMANENTE B1 A 10     ; 1;EFECTIVO                      ; 1;ADMINISTRATIVO                ; 5;ADMINISTRATIVO                ;4501;10    ADMINISTRATIVO CAT.10   ;ABA0000000;SUBSECRETARIA DE CEMENTERIO                                                                                             ;443;CUOTA S.T.M.A.      ;    0;                    ;      0.00;        -283.48;    0; 1;1510;PLANTA PERMANENTE             ;
175351;SANTIN ROBERTO CARLOS         ;  21700481;20217004811; 4;PLANTA PERMANENTE B1 A 10     ; 1;EFECTIVO                      ; 1;ADMINISTRATIVO                ; 5;ADMINISTRATIVO                ;4501;09   ADMINISTRATIVO-CAT09     ;AZ00000000;SECRETARIA DE DEPORTES                                                                                                  ;397;REINTEGRO DS.INASIS.;    0;                    ;      7.00;       22101.00; 1121; 1;1509;PLANTA PERMANENTE             ;
175351;SANTIN ROBERTO CARLOS         ;  21700481;20217004811; 4;PLANTA PERMANENTE B1 A 10     ; 1;EFECTIVO                      ; 1;ADMINISTRATIVO                ; 5;ADMINISTRATIVO                ;4501;09   ADMINISTRATIVO-CAT09     ;AZ00000000;SECRETARIA DE DEPORTES                                                                                                  ;440;I.P.S. 14           ;    0;                    ;      0.00;       -3094.14;    0; 1;1509;PLANTA PERMANENTE             ;
175351;SANTIN ROBERTO CARLOS         ;  21700481;20217004811; 4;PLANTA PERMANENTE B1 A 10     ; 1;EFECTIVO                      ; 1;ADMINISTRATIVO                ; 5;ADMINISTRATIVO                ;4501;09   ADMINISTRATIVO-CAT09     ;AZ00000000;SECRETARIA DE DEPORTES                                                                                                  ;441;OBRA SOCIAL         ;    0;                    ;      0.00;        -663.03;    0; 1;1509;PLANTA PERMANENTE             ;
175351;SANTIN ROBERTO CARLOS         ;  21700481;20217004811; 4;PLANTA PERMANENTE B1 A 10     ; 1;EFECTIVO                      ; 1;ADMINISTRATIVO                ; 5;ADMINISTRATIVO                ;4501;09   ADMINISTRATIVO-CAT09     ;AZ00000000;SECRETARIA DE DEPORTES                                                                                                  ;443;CUOTA S.T.M.A.      ;    0;                    ;      0.00;        -663.03;    0; 1;1509;PLANTA PERMANENTE             ;
195511;CLEMENTE STELLA MARIS         ;  12535003;27125350033; 1;PLANTA PERMANENTE CAT 11-18   ; 1;EFECTIVO                      ; 1;ADMINISTRATIVO                ; 5;ADMINISTRATIVO                ;4501;12   ADMINISTRATIVO-CAT12     ;AA00000000;SECRETARIA DE PRODUCCION COMERCIO Y AMBIENTE                                                                            ;397;REINTEGRO DS.INASIS.;    0;                    ;      2.00;        7145.09;  921; 1;1512;PLANTA PERMANENTE             ;
195511;CLEMENTE STELLA MARIS         ;  12535003;27125350033; 1;PLANTA PERMANENTE CAT 11-18   ; 1;EFECTIVO                      ; 1;ADMINISTRATIVO                ; 5;ADMINISTRATIVO                ;4501;12   ADMINISTRATIVO-CAT12     ;AA00000000;SECRETARIA DE PRODUCCION COMERCIO Y AMBIENTE                                                                            ;397;REINTEGRO DS.INASIS.;    0;                    ;      1.00;        3837.18; 1121; 1;1512;PLANTA PERMANENTE             ;
195511;CLEMENTE STELLA MARIS         ;  12535003;27125350033; 1;PLANTA PERMANENTE CAT 11-18   ; 1;EFECTIVO                      ; 1;ADMINISTRATIVO                ; 5;ADMINISTRATIVO                ;4501;12   ADMINISTRATIVO-CAT12     ;AA00000000;SECRETARIA DE PRODUCCION COMERCIO Y AMBIENTE                                                                            ;440;I.P.S. 14           ;    0;                    ;      0.00;       -1537.52;    0; 1;1512;PLANTA PERMANENTE             ;
195511;CLEMENTE STELLA MARIS         ;  12535003;27125350033; 1;PLANTA PERMANENTE CAT 11-18   ; 1;EFECTIVO                      ; 1;ADMINISTRATIVO                ; 5;ADMINISTRATIVO                ;4501;12   ADMINISTRATIVO-CAT12     ;AA00000000;SECRETARIA DE PRODUCCION COMERCIO Y AMBIENTE                                                                            ;441;OBRA SOCIAL         ;    0;                    ;      0.00;        -329.47;    0; 1;1512;PLANTA PERMANENTE             ;
195522;JEREZ RAMON ANTONIO           ;  23013825;20230138258; 1;PLANTA PERMANENTE CAT 11-18   ; 1;INTERINO                      ; 9;JERARQUICO                    ; 2;JEFE-A DIVISION               ;1203;J4   JEFE DIVISION            ;AR00A00000;DIRECCION DE DESPACHO (SECRETARIA LEGAL Y TECNICA)                                                                      ;364;EXTEN. EXTRA LABORAL;    0;                    ;     18.00;       16029.78; 1121; 1;1215;PLANTA PERMANENTE             ;
195522;JEREZ RAMON ANTONIO           ;  23013825;20230138258; 1;PLANTA PERMANENTE CAT 11-18   ; 1;INTERINO                      ; 9;JERARQUICO                    ; 2;JEFE-A DIVISION               ;1203;J4   JEFE DIVISION            ;AR00A00000;DIRECCION DE DESPACHO (SECRETARIA LEGAL Y TECNICA)                                                                      ;440;I.P.S. 14           ;    0;                    ;      0.00;       -2244.17;    0; 1;1215;PLANTA PERMANENTE             ;
195522;JEREZ RAMON ANTONIO           ;  23013825;20230138258; 1;PLANTA PERMANENTE CAT 11-18   ; 1;INTERINO                      ; 9;JERARQUICO                    ; 2;JEFE-A DIVISION               ;1203;J4   JEFE DIVISION            ;AR00A00000;DIRECCION DE DESPACHO (SECRETARIA LEGAL Y TECNICA)                                                                      ;441;OBRA SOCIAL         ;    0;                    ;      0.00;        -480.89;    0; 1;1215;PLANTA PERMANENTE             ;
324041;NADER GUSTAVO ERNESTO         ;  20473390;20204733903; 4;PLANTA PERMANENTE B1 A 10     ; 1;EFECTIVO                      ; 1;OBRERO                        ; 6;PEON                          ;8601;10    OBRERO CAT.10           ;AMB0000000;SUBSECRETARIA DE OBRAS PUBLICAS                                                                                         ;397;REINTEGRO DS.INASIS.;    0;                    ;      2.00;        4994.56;  821; 1;1610;PLANTA PERMANENTE             ;
324041;NADER GUSTAVO ERNESTO         ;  20473390;20204733903; 4;PLANTA PERMANENTE B1 A 10     ; 1;EFECTIVO                      ; 1;OBRERO                        ; 6;PEON                          ;8601;10    OBRERO CAT.10           ;AMB0000000;SUBSECRETARIA DE OBRAS PUBLICAS                                                                                         ;397;REINTEGRO DS.INASIS.;    0;                    ;      1.00;        2739.45;  921; 1;1610;PLANTA PERMANENTE             ;
324041;NADER GUSTAVO ERNESTO         ;  20473390;20204733903; 4;PLANTA PERMANENTE B1 A 10     ; 1;EFECTIVO                      ; 1;OBRERO                        ; 6;PEON                          ;8601;10    OBRERO CAT.10           ;AMB0000000;SUBSECRETARIA DE OBRAS PUBLICAS                                                                                         ;397;REINTEGRO DS.INASIS.;    0;                    ;      3.00;        8218.35; 1021; 1;1610;PLANTA PERMANENTE             ;
324041;NADER GUSTAVO ERNESTO         ;  20473390;20204733903; 4;PLANTA PERMANENTE B1 A 10     ; 1;EFECTIVO                      ; 1;OBRERO                        ; 6;PEON                          ;8601;10    OBRERO CAT.10           ;AMB0000000;SUBSECRETARIA DE OBRAS PUBLICAS                                                                                         ;440;I.P.S. 14           ;    0;                    ;      0.00;       -2233.33;    0; 1;1610;PLANTA PERMANENTE             ;
324041;NADER GUSTAVO ERNESTO         ;  20473390;20204733903; 4;PLANTA PERMANENTE B1 A 10     ; 1;EFECTIVO                      ; 1;OBRERO                        ; 6;PEON                          ;8601;10    OBRERO CAT.10           ;AMB0000000;SUBSECRETARIA DE OBRAS PUBLICAS                                                                                         ;441;OBRA SOCIAL         ;    0;                    ;      0.00;        -478.57;    0; 1;1610;PLANTA PERMANENTE             ;
324041;NADER GUSTAVO ERNESTO         ;  20473390;20204733903; 4;PLANTA PERMANENTE B1 A 10     ; 1;EFECTIVO                      ; 1;OBRERO                        ; 6;PEON                          ;8601;10    OBRERO CAT.10           ;AMB0000000;SUBSECRETARIA DE OBRAS PUBLICAS                                                                                         ;443;CUOTA S.T.M.A.      ;    0;                    ;      0.00;        -478.57;    0; 1;1610;PLANTA PERMANENTE             ;
327271;ASTORGA DIEGO NORBERTO        ;  23554677;23235546779; 4;PLANTA PERMANENTE B1 A 10     ; 1;EFECTIVO                      ; 1;ADMINISTRATIVO                ; 5;ADMINISTRATIVO                ;4501;08   ADMINISTRATIVO CAT.08    ;APBA000000;DIRECCION GENERAL DE SEGURIDAD CIUDADANA                                                                                ;397;REINTEGRO DS.INASIS.;    0;                    ;      2.00;        7935.19;  721; 1;1508;PLANTA PERMANENTE             ;
327271;ASTORGA DIEGO NORBERTO        ;  23554677;23235546779; 4;PLANTA PERMANENTE B1 A 10     ; 1;EFECTIVO                      ; 1;ADMINISTRATIVO                ; 5;ADMINISTRATIVO                ;4501;08   ADMINISTRATIVO CAT.08    ;APBA000000;DIRECCION GENERAL DE SEGURIDAD CIUDADANA                                                                                ;440;I.P.S. 14           ;    0;                    ;      0.00;       -1110.93;    0; 1;1508;PLANTA PERMANENTE             ;
327271;ASTORGA DIEGO NORBERTO        ;  23554677;23235546779; 4;PLANTA PERMANENTE B1 A 10     ; 1;EFECTIVO                      ; 1;ADMINISTRATIVO                ; 5;ADMINISTRATIVO                ;4501;08   ADMINISTRATIVO CAT.08    ;APBA000000;DIRECCION GENERAL DE SEGURIDAD CIUDADANA                                                                                ;441;OBRA SOCIAL         ;    0;                    ;      0.00;        -238.06;    0; 1;1508;PLANTA PERMANENTE             ;
327271;ASTORGA DIEGO NORBERTO        ;  23554677;23235546779; 4;PLANTA PERMANENTE B1 A 10     ; 1;EFECTIVO                      ; 1;ADMINISTRATIVO                ; 5;ADMINISTRATIVO                ;4501;08   ADMINISTRATIVO CAT.08    ;APBA000000;DIRECCION GENERAL DE SEGURIDAD CIUDADANA                                                                                ;443;CUOTA S.T.M.A.      ;    0;                    ;      0.00;        -238.06;    0; 1;1508;PLANTA PERMANENTE             ;
346342;DASSO ADRIANA SILVIA          ;  26581089;27265810891; 2;CARRERA MEDICO HOSPITALARIA   ; 2;TITULAR                       ; 2;CARRERA MEDICA                ;39;OBSTETRA                      ;2310;22   MEDICO AGREG.24 HS.      ;AO0A000001;UNIDAD SANITARIA N 01                                                                                                   ;397;REINTEGRO DS.INASIS.;    0;                    ;      1.00;        4457.01; 1021; 3;2322;CARRERA MEDICO HOSPITALARIA   ;
346342;DASSO ADRIANA SILVIA          ;  26581089;27265810891; 2;CARRERA MEDICO HOSPITALARIA   ; 2;TITULAR                       ; 2;CARRERA MEDICA                ;39;OBSTETRA                      ;2310;22   MEDICO AGREG.24 HS.      ;AO0A000001;UNIDAD SANITARIA N 01                                                                                                   ;440;I.P.S. 14           ;    0;                    ;      0.00;        -623.98;    0; 3;2322;CARRERA MEDICO HOSPITALARIA   ;
346342;DASSO ADRIANA SILVIA          ;  26581089;27265810891; 2;CARRERA MEDICO HOSPITALARIA   ; 2;TITULAR                       ; 2;CARRERA MEDICA                ;39;OBSTETRA                      ;2310;22   MEDICO AGREG.24 HS.      ;AO0A000001;UNIDAD SANITARIA N 01                                                                                                   ;441;OBRA SOCIAL         ;    0;                    ;      0.00;        -133.71;    0; 3;2322;CARRERA MEDICO HOSPITALARIA   ;
346342;DASSO ADRIANA SILVIA          ;  26581089;27265810891; 2;CARRERA MEDICO HOSPITALARIA   ; 2;TITULAR                       ; 2;CARRERA MEDICA                ;39;OBSTETRA                      ;2310;22   MEDICO AGREG.24 HS.      ;AO0A000001;UNIDAD SANITARIA N 01                                                                                                   ;443;CUOTA S.T.M.A.      ;    0;                    ;      0.00;        -133.71;    0; 3;2322;CARRERA MEDICO HOSPITALARIA   ;
348621;CAMBILLA PEDRO RAMON          ;  23210448;20232104482; 4;PLANTA PERMANENTE B1 A 10     ; 1;EFECTIVO                      ; 1;ADMINISTRATIVO                ; 5;ADMINISTRATIVO                ;4501;08   ADMINISTRATIVO CAT.08    ;AP00C00000;DIRECCION DE DEFENSA CIVIL                                                                                              ;397;REINTEGRO DS.INASIS.;    0;                    ;      2.00;        5730.75; 1021; 1;1508;PLANTA PERMANENTE             ;
348621;CAMBILLA PEDRO RAMON          ;  23210448;20232104482; 4;PLANTA PERMANENTE B1 A 10     ; 1;EFECTIVO                      ; 1;ADMINISTRATIVO                ; 5;ADMINISTRATIVO                ;4501;08   ADMINISTRATIVO CAT.08    ;AP00C00000;DIRECCION DE DEFENSA CIVIL                                                                                              ;440;I.P.S. 14           ;    0;                    ;      0.00;        -802.31;    0; 1;1508;PLANTA PERMANENTE             ;
348621;CAMBILLA PEDRO RAMON          ;  23210448;20232104482; 4;PLANTA PERMANENTE B1 A 10     ; 1;EFECTIVO                      ; 1;ADMINISTRATIVO                ; 5;ADMINISTRATIVO                ;4501;08   ADMINISTRATIVO CAT.08    ;AP00C00000;DIRECCION DE DEFENSA CIVIL                                                                                              ;441;OBRA SOCIAL         ;    0;                    ;      0.00;        -171.92;    0; 1;1508;PLANTA PERMANENTE             ;
348621;CAMBILLA PEDRO RAMON          ;  23210448;20232104482; 4;PLANTA PERMANENTE B1 A 10     ; 1;EFECTIVO                      ; 1;ADMINISTRATIVO                ; 5;ADMINISTRATIVO                ;4501;08   ADMINISTRATIVO CAT.08    ;AP00C00000;DIRECCION DE DEFENSA CIVIL                                                                                              ;443;CUOTA S.T.M.A.      ;    0;                    ;      0.00;        -171.92;    0; 1;1508;PLANTA PERMANENTE             ;
364271;CABANA KARINA ANDREA          ;  21963200;27219632008; 2;CARRERA MEDICO HOSPITALARIA   ; 2;TITULAR                       ; 2;CARRERA MEDICA                ;39;PEDIATRA                      ;9782;12   MEDICO ASIST.24 HS.      ;AO0A000002;UNIDAD SANITARIA N 02                                                                                                   ;397;REINTEGRO DS.INASIS.;    0;                    ;      1.00;        4036.12; 1021; 3;2312;CARRERA MEDICO HOSPITALARIA   ;
364271;CABANA KARINA ANDREA          ;  21963200;27219632008; 2;CARRERA MEDICO HOSPITALARIA   ; 2;TITULAR                       ; 2;CARRERA MEDICA                ;39;PEDIATRA                      ;9782;12   MEDICO ASIST.24 HS.      ;AO0A000002;UNIDAD SANITARIA N 02                                                                                                   ;440;I.P.S. 14           ;    0;                    ;      0.00;        -565.06;    0; 3;2312;CARRERA MEDICO HOSPITALARIA   ;
364271;CABANA KARINA ANDREA          ;  21963200;27219632008; 2;CARRERA MEDICO HOSPITALARIA   ; 2;TITULAR                       ; 2;CARRERA MEDICA                ;39;PEDIATRA                      ;9782;12   MEDICO ASIST.24 HS.      ;AO0A000002;UNIDAD SANITARIA N 02                                                                                                   ;441;OBRA SOCIAL         ;    0;                    ;      0.00;        -121.08;    0; 3;2312;CARRERA MEDICO HOSPITALARIA   ;
366202;JIMENEZ LAURA NOEMI           ;  22508518;27225085183; 2;CARRERA MEDICO HOSPITALARIA   ; 2;TITULAR                       ; 2;CARRERA MEDICA                ;39;PEDIATRA                      ;9782;12   MEDICO ASIST.24 HS.      ;AO0A000002;UNIDAD SANITARIA N 02                                                                                                   ;397;REINTEGRO DS.INASIS.;    0;                    ;      1.00;        4062.37; 1021; 3;2312;CARRERA MEDICO HOSPITALARIA   ;
366202;JIMENEZ LAURA NOEMI           ;  22508518;27225085183; 2;CARRERA MEDICO HOSPITALARIA   ; 2;TITULAR                       ; 2;CARRERA MEDICA                ;39;PEDIATRA                      ;9782;12   MEDICO ASIST.24 HS.      ;AO0A000002;UNIDAD SANITARIA N 02                                                                                                   ;440;I.P.S. 14           ;    0;                    ;      0.00;        -568.73;    0; 3;2312;CARRERA MEDICO HOSPITALARIA   ;
366202;JIMENEZ LAURA NOEMI           ;  22508518;27225085183; 2;CARRERA MEDICO HOSPITALARIA   ; 2;TITULAR                       ; 2;CARRERA MEDICA                ;39;PEDIATRA                      ;9782;12   MEDICO ASIST.24 HS.      ;AO0A000002;UNIDAD SANITARIA N 02                                                                                                   ;441;OBRA SOCIAL         ;    0;                    ;      0.00;        -121.87;    0; 3;2312;CARRERA MEDICO HOSPITALARIA   ;
378911;RIVERO DIANA EMILCE           ;  22350986;27223509865; 4;PLANTA PERMANENTE B1 A 10     ; 1;EFECTIVO                      ; 1;SERVICIO                      ; 7;AUXILIAR DE SALA              ;9808;08   SERVICIO CAT.08          ;AI0A000003;JARDIN DE INFANTES N 03                                                                                                 ;101;SUELDO BASICO       ;    0;                    ;      0.00;       25938.05; 1221; 1;1708;PLANTA PERMANENTE             ;
378911;RIVERO DIANA EMILCE           ;  22350986;27223509865; 4;PLANTA PERMANENTE B1 A 10     ; 1;EFECTIVO                      ; 1;SERVICIO                      ; 7;AUXILIAR DE SALA              ;9808;08   SERVICIO CAT.08          ;AI0A000003;JARDIN DE INFANTES N 03                                                                                                 ;104;ANTIGUEDAD          ;    0;                    ;      0.00;       12190.88; 1221; 1;1708;PLANTA PERMANENTE             ;
378911;RIVERO DIANA EMILCE           ;  22350986;27223509865; 4;PLANTA PERMANENTE B1 A 10     ; 1;EFECTIVO                      ; 1;SERVICIO                      ; 7;AUXILIAR DE SALA              ;9808;08   SERVICIO CAT.08          ;AI0A000003;JARDIN DE INFANTES N 03                                                                                                 ;159;BONIFIC. RETRIBUTIVA;    0;                    ;      0.00;       24544.81; 1221; 1;1708;PLANTA PERMANENTE             ;
378911;RIVERO DIANA EMILCE           ;  22350986;27223509865; 4;PLANTA PERMANENTE B1 A 10     ; 1;EFECTIVO                      ; 1;SERVICIO                      ; 7;AUXILIAR DE SALA              ;9808;08   SERVICIO CAT.08          ;AI0A000003;JARDIN DE INFANTES N 03                                                                                                 ;183;SUMA FIJA N/RE.N/BON;    0;                    ;      0.00;       20000.00; 1221; 1;1708;PLANTA PERMANENTE             ;
378911;RIVERO DIANA EMILCE           ;  22350986;27223509865; 4;PLANTA PERMANENTE B1 A 10     ; 1;EFECTIVO                      ; 1;SERVICIO                      ; 7;AUXILIAR DE SALA              ;9808;08   SERVICIO CAT.08          ;AI0A000003;JARDIN DE INFANTES N 03                                                                                                 ;377;ASIG.POR HIJO       ;    0;                    ;      0.00;        5677.00; 1221; 1;1708;PLANTA PERMANENTE             ;
378911;RIVERO DIANA EMILCE           ;  22350986;27223509865; 4;PLANTA PERMANENTE B1 A 10     ; 1;EFECTIVO                      ; 1;SERVICIO                      ; 7;AUXILIAR DE SALA              ;9808;08   SERVICIO CAT.08          ;AI0A000003;JARDIN DE INFANTES N 03                                                                                                 ;390;SUELDO ANUAL COMPLEM;    0;                    ;      0.00;       31336.87; 1221; 1;1708;PLANTA PERMANENTE             ;
378911;RIVERO DIANA EMILCE           ;  22350986;27223509865; 4;PLANTA PERMANENTE B1 A 10     ; 1;EFECTIVO                      ; 1;SERVICIO                      ; 7;AUXILIAR DE SALA              ;9808;08   SERVICIO CAT.08          ;AI0A000003;JARDIN DE INFANTES N 03                                                                                                 ;410;COMP.ADIC.POR HIJO  ;    0;                    ;      0.00;        4449.00; 1221; 1;1708;PLANTA PERMANENTE             ;
378911;RIVERO DIANA EMILCE           ;  22350986;27223509865; 4;PLANTA PERMANENTE B1 A 10     ; 1;EFECTIVO                      ; 1;SERVICIO                      ; 7;AUXILIAR DE SALA              ;9808;08   SERVICIO CAT.08          ;AI0A000003;JARDIN DE INFANTES N 03                                                                                                 ;400;AMEPORT AFIL.       ;    0;                    ;      0.00;        -490.00; 1221; 1;1708;PLANTA PERMANENTE             ;
378911;RIVERO DIANA EMILCE           ;  22350986;27223509865; 4;PLANTA PERMANENTE B1 A 10     ; 1;EFECTIVO                      ; 1;SERVICIO                      ; 7;AUXILIAR DE SALA              ;9808;08   SERVICIO CAT.08          ;AI0A000003;JARDIN DE INFANTES N 03                                                                                                 ;440;I.P.S. 14           ;    0;                    ;      0.00;       -8774.32;    0; 1;1708;PLANTA PERMANENTE             ;
378911;RIVERO DIANA EMILCE           ;  22350986;27223509865; 4;PLANTA PERMANENTE B1 A 10     ; 1;EFECTIVO                      ; 1;SERVICIO                      ; 7;AUXILIAR DE SALA              ;9808;08   SERVICIO CAT.08          ;AI0A000003;JARDIN DE INFANTES N 03                                                                                                 ;441;OBRA SOCIAL         ;    0;                    ;      0.00;       -1880.21;    0; 1;1708;PLANTA PERMANENTE             ;
378911;RIVERO DIANA EMILCE           ;  22350986;27223509865; 4;PLANTA PERMANENTE B1 A 10     ; 1;EFECTIVO                      ; 1;SERVICIO                      ; 7;AUXILIAR DE SALA              ;9808;08   SERVICIO CAT.08          ;AI0A000003;JARDIN DE INFANTES N 03                                                                                                 ;443;CUOTA S.T.M.A.      ;    0;                    ;      0.00;       -1880.21;    0; 1;1708;PLANTA PERMANENTE             ;
378911;RIVERO DIANA EMILCE           ;  22350986;27223509865; 4;PLANTA PERMANENTE B1 A 10     ; 1;EFECTIVO                      ; 1;SERVICIO                      ; 7;AUXILIAR DE SALA              ;9808;08   SERVICIO CAT.08          ;AI0A000003;JARDIN DE INFANTES N 03                                                                                                 ;457;MUTRAMA AFIL.       ;    0;                    ;      0.00;        -871.14; 1221; 1;1708;PLANTA PERMANENTE             ;
378911;RIVERO DIANA EMILCE           ;  22350986;27223509865; 4;PLANTA PERMANENTE B1 A 10     ; 1;EFECTIVO                      ; 1;SERVICIO                      ; 7;AUXILIAR DE SALA              ;9808;08   SERVICIO CAT.08          ;AI0A000003;JARDIN DE INFANTES N 03                                                                                                 ;458;CUOTA S.T.M.A. SAC  ;    0;                    ;      0.00;        -940.11;    0; 1;1708;PLANTA PERMANENTE             ;
378911;RIVERO DIANA EMILCE           ;  22350986;27223509865; 4;PLANTA PERMANENTE B1 A 10     ; 1;EFECTIVO                      ; 1;SERVICIO                      ; 7;AUXILIAR DE SALA              ;9808;08   SERVICIO CAT.08          ;AI0A000003;JARDIN DE INFANTES N 03                                                                                                 ;463;OBRA SOCIAL SAC     ;    0;                    ;      0.00;        -940.11;    0; 1;1708;PLANTA PERMANENTE             ;
378911;RIVERO DIANA EMILCE           ;  22350986;27223509865; 4;PLANTA PERMANENTE B1 A 10     ; 1;EFECTIVO                      ; 1;SERVICIO                      ; 7;AUXILIAR DE SALA              ;9808;08   SERVICIO CAT.08          ;AI0A000003;JARDIN DE INFANTES N 03                                                                                                 ;465;I.P.S. 14 SAC       ;    0;                    ;      0.00;       -4387.16;    0; 1;1708;PLANTA PERMANENTE             ;
378911;RIVERO DIANA EMILCE           ;  22350986;27223509865; 4;PLANTA PERMANENTE B1 A 10     ; 1;EFECTIVO                      ; 1;SERVICIO                      ; 7;AUXILIAR DE SALA              ;9808;08   SERVICIO CAT.08          ;AI0A000003;JARDIN DE INFANTES N 03                                                                                                 ;832;CREDITO DINERO      ;    0;                    ;      0.00;        -905.56; 1221; 1;1708;PLANTA PERMANENTE             ;
378911;RIVERO DIANA EMILCE           ;  22350986;27223509865; 4;PLANTA PERMANENTE B1 A 10     ; 1;EFECTIVO                      ; 1;SERVICIO                      ; 7;AUXILIAR DE SALA              ;9808;08   SERVICIO CAT.08          ;AI0A000003;JARDIN DE INFANTES N 03                                                                                                 ;832;CREDITO DINERO      ;    0;                    ;      0.00;       -4980.56; 1221; 1;1708;PLANTA PERMANENTE             ;
378911;RIVERO DIANA EMILCE           ;  22350986;27223509865; 4;PLANTA PERMANENTE B1 A 10     ; 1;EFECTIVO                      ; 1;SERVICIO                      ; 7;AUXILIAR DE SALA              ;9808;08   SERVICIO CAT.08          ;AI0A000003;JARDIN DE INFANTES N 03                                                                                                 ;832;CREDITO DINERO      ;    0;                    ;      0.00;       -2823.33; 1221; 1;1708;PLANTA PERMANENTE             ;
390871;PEREIRO MYRIAN CRISTINA       ;  20481440;27204814401; 2;CARRERA MEDICO HOSPITALARIA   ; 2;TITULAR                       ; 2;CARRERA MEDICA                ;39;TOCOGINECOLOGICO              ;9785;23   MEDICO AGREGADO 36HS     ;AO0A000006;UNIDAD SANITARIA N 06                                                                                                   ;397;REINTEGRO DS.INASIS.;    0;                    ;      1.00;        5686.29; 1021; 3;2323;CARRERA MEDICO HOSPITALARIA   ;
390871;PEREIRO MYRIAN CRISTINA       ;  20481440;27204814401; 2;CARRERA MEDICO HOSPITALARIA   ; 2;TITULAR                       ; 2;CARRERA MEDICA                ;39;TOCOGINECOLOGICO              ;9785;23   MEDICO AGREGADO 36HS     ;AO0A000006;UNIDAD SANITARIA N 06                                                                                                   ;440;I.P.S. 14           ;    0;                    ;      0.00;        -796.08;    0; 3;2323;CARRERA MEDICO HOSPITALARIA   ;
390871;PEREIRO MYRIAN CRISTINA       ;  20481440;27204814401; 2;CARRERA MEDICO HOSPITALARIA   ; 2;TITULAR                       ; 2;CARRERA MEDICA                ;39;TOCOGINECOLOGICO              ;9785;23   MEDICO AGREGADO 36HS     ;AO0A000006;UNIDAD SANITARIA N 06                                                                                                   ;441;OBRA SOCIAL         ;    0;                    ;      0.00;        -170.59;    0; 3;2323;CARRERA MEDICO HOSPITALARIA   ;
397211;LIVIERI MARCELO RUBEN         ;  12473192;20124731926; 7;HORAS CATEDRA                 ; 7;INTERINO                      ; 9;HORA CATEDRA                  ;10;PROFESOR HORA CATEDRA         ;9481;PF   HORA CATEDRA PF. (2DEC.) ;AI00000000;SECRETARIA DE EDUCACION                                                                                                 ;397;REINTEGRO DS.INASIS.;    0;                    ;      3.00;       10377.76;  821; 2;7805;HORAS CATEDRA                 ;
397211;LIVIERI MARCELO RUBEN         ;  12473192;20124731926; 7;HORAS CATEDRA                 ; 7;INTERINO                      ; 9;HORA CATEDRA                  ;10;PROFESOR HORA CATEDRA         ;9481;PF   HORA CATEDRA PF. (2DEC.) ;AI00000000;SECRETARIA DE EDUCACION                                                                                                 ;440;I.P.S. 14           ;    0;                    ;      0.00;       -1452.89;    0; 2;7805;HORAS CATEDRA                 ;
397211;LIVIERI MARCELO RUBEN         ;  12473192;20124731926; 7;HORAS CATEDRA                 ; 7;INTERINO                      ; 9;HORA CATEDRA                  ;10;PROFESOR HORA CATEDRA         ;9481;PF   HORA CATEDRA PF. (2DEC.) ;AI00000000;SECRETARIA DE EDUCACION                                                                                                 ;441;OBRA SOCIAL         ;    0;                    ;      0.00;        -311.33;    0; 2;7805;HORAS CATEDRA                 ;
404632;TAGLIATA DIEGO ALBERTO        ;  28265511;20282655110; 7;HORAS CATEDRA                 ; 7;INTERINO                      ; 9;HORA CATEDRA                  ;10;PROFESOR HORA CATEDRA         ;9481;PF   HORA CATEDRA PF. (2DEC.) ;AZA0000000;SUBSECRETARIA DE DEPORTES                                                                                               ;126;TRABAJO EN EQUIPO   ;    0;                    ;      0.00;       10000.00; 1221; 2;7805;HORAS CATEDRA                 ;
404632;TAGLIATA DIEGO ALBERTO        ;  28265511;20282655110; 7;HORAS CATEDRA                 ; 7;INTERINO                      ; 9;HORA CATEDRA                  ;10;PROFESOR HORA CATEDRA         ;9481;PF   HORA CATEDRA PF. (2DEC.) ;AZA0000000;SUBSECRETARIA DE DEPORTES                                                                                               ;441;OBRA SOCIAL         ;    0;                    ;      0.00;        -300.00;    0; 2;7805;HORAS CATEDRA                 ;
404632;TAGLIATA DIEGO ALBERTO        ;  28265511;20282655110; 7;HORAS CATEDRA                 ; 7;INTERINO                      ; 9;HORA CATEDRA                  ;10;PROFESOR HORA CATEDRA         ;9481;PF   HORA CATEDRA PF. (2DEC.) ;AZA0000000;SUBSECRETARIA DE DEPORTES                                                                                               ;442;I.P.S. 16           ;    0;                    ;      0.00;       -1600.00;    0; 2;7805;HORAS CATEDRA                 ;
429651;ALVAREZ MELISA MARIBEL        ;  31614923;27316149230; 1;PLANTA PERMANENTE CAT 11-18   ; 1;DESVINCULADO                  ;18;PROFESIONAL                   ; 3;LICENCIADA TRABAJO SOCIAL     ;9737;11    PROFESIONAL             ;BAJA12    ;                                                                                                                        ;158;LICENCIA NO GOZADA  ;    0;                    ;      0.00;       37943.21; 1221; 1;1311;PLANTA PERMANENTE             ;
429651;ALVAREZ MELISA MARIBEL        ;  31614923;27316149230; 1;PLANTA PERMANENTE CAT 11-18   ; 1;DESVINCULADO                  ;18;PROFESIONAL                   ; 3;LICENCIADA TRABAJO SOCIAL     ;9737;11    PROFESIONAL             ;BAJA12    ;                                                                                                                        ;390;SUELDO ANUAL COMPLEM;    0;                    ;      0.00;       24873.88; 1221; 1;1311;PLANTA PERMANENTE             ;
429651;ALVAREZ MELISA MARIBEL        ;  31614923;27316149230; 1;PLANTA PERMANENTE CAT 11-18   ; 1;DESVINCULADO                  ;18;PROFESIONAL                   ; 3;LICENCIADA TRABAJO SOCIAL     ;9737;11    PROFESIONAL             ;BAJA12    ;                                                                                                                        ;463;OBRA SOCIAL SAC     ;    0;                    ;      0.00;        -746.22;    0; 1;1311;PLANTA PERMANENTE             ;
429651;ALVAREZ MELISA MARIBEL        ;  31614923;27316149230; 1;PLANTA PERMANENTE CAT 11-18   ; 1;DESVINCULADO                  ;18;PROFESIONAL                   ; 3;LICENCIADA TRABAJO SOCIAL     ;9737;11    PROFESIONAL             ;BAJA12    ;                                                                                                                        ;465;I.P.S. 14 SAC       ;    0;                    ;      0.00;       -3482.34;    0; 1;1311;PLANTA PERMANENTE             ;
431121;FADER CRISTIAN ADOLFO         ;  22590629;20225906298; 5;PERSONAL DOCENTE              ; 5;TITULAR                       ; 2;DOCENTE EDUCACION Y CULTURA   ; 8;PROFESOR DE EDUCACION FISICA  ;5411;PE   PROFESOR EDUCAC.FIS.     ;AI0A000020;JARDIN DE INFANTES N 20                                                                                                 ;397;REINTEGRO DS.INASIS.;    0;                    ;      2.00;        5516.69;  921; 4;5814;PERSONAL DOCENTE              ;
431121;FADER CRISTIAN ADOLFO         ;  22590629;20225906298; 5;PERSONAL DOCENTE              ; 5;TITULAR                       ; 2;DOCENTE EDUCACION Y CULTURA   ; 8;PROFESOR DE EDUCACION FISICA  ;5411;PE   PROFESOR EDUCAC.FIS.     ;AI0A000020;JARDIN DE INFANTES N 20                                                                                                 ;441;OBRA SOCIAL         ;    0;                    ;      0.00;        -165.50;    0; 4;5814;PERSONAL DOCENTE              ;
431121;FADER CRISTIAN ADOLFO         ;  22590629;20225906298; 5;PERSONAL DOCENTE              ; 5;TITULAR                       ; 2;DOCENTE EDUCACION Y CULTURA   ; 8;PROFESOR DE EDUCACION FISICA  ;5411;PE   PROFESOR EDUCAC.FIS.     ;AI0A000020;JARDIN DE INFANTES N 20                                                                                                 ;442;I.P.S. 16           ;    0;                    ;      0.00;        -882.67;    0; 4;5814;PERSONAL DOCENTE              ;
433451;GALVAN NATALIA ALEJANDRA      ;  28833452;27288334523; 4;PLANTA PERMANENTE B1 A 10     ; 1;EFECTIVO                      ; 1;TECNICO                       ; 4;VIGILADOR PROGRAMA INTEGRAL DE;9828;10   TECNICO CAT.10           ;APBA000000;DIRECCION GENERAL DE SEGURIDAD CIUDADANA                                                                                ;397;REINTEGRO DS.INASIS.;    0;                    ;      1.00;        4509.09; 1121; 1;1410;PLANTA PERMANENTE             ;
433451;GALVAN NATALIA ALEJANDRA      ;  28833452;27288334523; 4;PLANTA PERMANENTE B1 A 10     ; 1;EFECTIVO                      ; 1;TECNICO                       ; 4;VIGILADOR PROGRAMA INTEGRAL DE;9828;10   TECNICO CAT.10           ;APBA000000;DIRECCION GENERAL DE SEGURIDAD CIUDADANA                                                                                ;440;I.P.S. 14           ;    0;                    ;      0.00;        -631.27;    0; 1;1410;PLANTA PERMANENTE             ;
433451;GALVAN NATALIA ALEJANDRA      ;  28833452;27288334523; 4;PLANTA PERMANENTE B1 A 10     ; 1;EFECTIVO                      ; 1;TECNICO                       ; 4;VIGILADOR PROGRAMA INTEGRAL DE;9828;10   TECNICO CAT.10           ;APBA000000;DIRECCION GENERAL DE SEGURIDAD CIUDADANA                                                                                ;441;OBRA SOCIAL         ;    0;                    ;      0.00;        -135.27;    0; 1;1410;PLANTA PERMANENTE             ;
433451;GALVAN NATALIA ALEJANDRA      ;  28833452;27288334523; 4;PLANTA PERMANENTE B1 A 10     ; 1;EFECTIVO                      ; 1;TECNICO                       ; 4;VIGILADOR PROGRAMA INTEGRAL DE;9828;10   TECNICO CAT.10           ;APBA000000;DIRECCION GENERAL DE SEGURIDAD CIUDADANA                                                                                ;443;CUOTA S.T.M.A.      ;    0;                    ;      0.00;        -135.27;    0; 1;1410;PLANTA PERMANENTE             ;
437371;ORTIZ MARIA TATIANA           ;  36593092;27365930924; 4;PLANTA PERMANENTE B1 A 10     ; 1;EFECTIVO                      ; 1;ADMINISTRATIVO                ; 5;ADMINISTRATIVO                ;4501;08   ADMINISTRATIVO CAT.08    ;AMC0000000;SUBSECRETARIA DE GESTION DE RESIDUOS                                                                                    ;395;REINTEGRO HS.INASIST;    0;                    ;      4.00;        2736.31; 1021; 1;1508;PLANTA PERMANENTE             ;
437371;ORTIZ MARIA TATIANA           ;  36593092;27365930924; 4;PLANTA PERMANENTE B1 A 10     ; 1;EFECTIVO                      ; 1;ADMINISTRATIVO                ; 5;ADMINISTRATIVO                ;4501;08   ADMINISTRATIVO CAT.08    ;AMC0000000;SUBSECRETARIA DE GESTION DE RESIDUOS                                                                                    ;397;REINTEGRO DS.INASIS.;    0;                    ;      1.00;        4104.47; 1021; 1;1508;PLANTA PERMANENTE             ;
437371;ORTIZ MARIA TATIANA           ;  36593092;27365930924; 4;PLANTA PERMANENTE B1 A 10     ; 1;EFECTIVO                      ; 1;ADMINISTRATIVO                ; 5;ADMINISTRATIVO                ;4501;08   ADMINISTRATIVO CAT.08    ;AMC0000000;SUBSECRETARIA DE GESTION DE RESIDUOS                                                                                    ;440;I.P.S. 14           ;    0;                    ;      0.00;        -957.71;    0; 1;1508;PLANTA PERMANENTE             ;
437371;ORTIZ MARIA TATIANA           ;  36593092;27365930924; 4;PLANTA PERMANENTE B1 A 10     ; 1;EFECTIVO                      ; 1;ADMINISTRATIVO                ; 5;ADMINISTRATIVO                ;4501;08   ADMINISTRATIVO CAT.08    ;AMC0000000;SUBSECRETARIA DE GESTION DE RESIDUOS                                                                                    ;441;OBRA SOCIAL         ;    0;                    ;      0.00;        -205.22;    0; 1;1508;PLANTA PERMANENTE             ;
437371;ORTIZ MARIA TATIANA           ;  36593092;27365930924; 4;PLANTA PERMANENTE B1 A 10     ; 1;EFECTIVO                      ; 1;ADMINISTRATIVO                ; 5;ADMINISTRATIVO                ;4501;08   ADMINISTRATIVO CAT.08    ;AMC0000000;SUBSECRETARIA DE GESTION DE RESIDUOS                                                                                    ;444;CUOTA U.P.C.N.      ;    0;                    ;      0.00;        -136.82;    0; 1;1508;PLANTA PERMANENTE             ;
437371;ORTIZ MARIA TATIANA           ;  36593092;27365930924; 4;PLANTA PERMANENTE B1 A 10     ; 1;EFECTIVO                      ; 1;ADMINISTRATIVO                ; 5;ADMINISTRATIVO                ;4501;08   ADMINISTRATIVO CAT.08    ;AMC0000000;SUBSECRETARIA DE GESTION DE RESIDUOS                                                                                    ;445;CTA. S.U.M.A.       ;    0;                    ;      0.00;        -136.82;    0; 1;1508;PLANTA PERMANENTE             ;
441141;GONZALEZ JAVIER LAUREANO      ;  25050392;20250503920; 4;PLANTA PERMANENTE B1 A 10     ; 1;EFECTIVO                      ; 1;OBRERO                        ; 6;PEON                          ;8601;06   OBRERO CAT.06            ;AMC0000000;SUBSECRETARIA DE GESTION DE RESIDUOS                                                                                    ;397;REINTEGRO DS.INASIS.;    0;                    ;      4.00;       14559.25; 1021; 1;1606;PLANTA PERMANENTE             ;
441141;GONZALEZ JAVIER LAUREANO      ;  25050392;20250503920; 4;PLANTA PERMANENTE B1 A 10     ; 1;EFECTIVO                      ; 1;OBRERO                        ; 6;PEON                          ;8601;06   OBRERO CAT.06            ;AMC0000000;SUBSECRETARIA DE GESTION DE RESIDUOS                                                                                    ;440;I.P.S. 14           ;    0;                    ;      0.00;       -2038.30;    0; 1;1606;PLANTA PERMANENTE             ;
441141;GONZALEZ JAVIER LAUREANO      ;  25050392;20250503920; 4;PLANTA PERMANENTE B1 A 10     ; 1;EFECTIVO                      ; 1;OBRERO                        ; 6;PEON                          ;8601;06   OBRERO CAT.06            ;AMC0000000;SUBSECRETARIA DE GESTION DE RESIDUOS                                                                                    ;441;OBRA SOCIAL         ;    0;                    ;      0.00;        -436.78;    0; 1;1606;PLANTA PERMANENTE             ;
441141;GONZALEZ JAVIER LAUREANO      ;  25050392;20250503920; 4;PLANTA PERMANENTE B1 A 10     ; 1;EFECTIVO                      ; 1;OBRERO                        ; 6;PEON                          ;8601;06   OBRERO CAT.06            ;AMC0000000;SUBSECRETARIA DE GESTION DE RESIDUOS                                                                                    ;444;CUOTA U.P.C.N.      ;    0;                    ;      0.00;        -291.19;    0; 1;1606;PLANTA PERMANENTE             ;
441141;GONZALEZ JAVIER LAUREANO      ;  25050392;20250503920; 4;PLANTA PERMANENTE B1 A 10     ; 1;EFECTIVO                      ; 1;OBRERO                        ; 6;PEON                          ;8601;06   OBRERO CAT.06            ;AMC0000000;SUBSECRETARIA DE GESTION DE RESIDUOS                                                                                    ;445;CTA. S.U.M.A.       ;    0;                    ;      0.00;        -291.19;    0; 1;1606;PLANTA PERMANENTE             ;
443741;VILARINO MARIEL BEATRIZ       ;  36374779;27363747790; 5;PERSONAL DOCENTE              ; 5;SUPLENTE                      ; 4;DOCENTE REEMPLAZANTE          ;15;MAESTRA JARDINERA             ;5405;MJ   MAESTRA JARDINERA        ;AI0A000027;JARDIN DE INFANTES N 27                                                                                                 ;397;REINTEGRO DS.INASIS.;    0;                    ;      2.00;       10638.68;  921; 4;5809;PERSONAL DOCENTE              ;
443741;VILARINO MARIEL BEATRIZ       ;  36374779;27363747790; 5;PERSONAL DOCENTE              ; 5;SUPLENTE                      ; 4;DOCENTE REEMPLAZANTE          ;15;MAESTRA JARDINERA             ;5405;MJ   MAESTRA JARDINERA        ;AI0A000027;JARDIN DE INFANTES N 27                                                                                                 ;441;OBRA SOCIAL         ;    0;                    ;      0.00;        -319.16;    0; 4;5809;PERSONAL DOCENTE              ;
443741;VILARINO MARIEL BEATRIZ       ;  36374779;27363747790; 5;PERSONAL DOCENTE              ; 5;SUPLENTE                      ; 4;DOCENTE REEMPLAZANTE          ;15;MAESTRA JARDINERA             ;5405;MJ   MAESTRA JARDINERA        ;AI0A000027;JARDIN DE INFANTES N 27                                                                                                 ;442;I.P.S. 16           ;    0;                    ;      0.00;       -1702.19;    0; 4;5809;PERSONAL DOCENTE              ;
443981;D ANDREA ALEXIS MATIAS        ;  34940362;20349403626; 4;PLANTA PERMANENTE B1 A 10     ; 1;EFECTIVO                      ; 1;ADMINISTRATIVO                ; 5;PROCESADOR DE DATOS           ;9874;08   ADMINISTRATIVO CAT.08    ;APBA000000;DIRECCION GENERAL DE SEGURIDAD CIUDADANA                                                                                ;397;REINTEGRO DS.INASIS.;    0;                    ;      1.00;        4037.42; 1021; 1;1508;PLANTA PERMANENTE             ;
443981;D ANDREA ALEXIS MATIAS        ;  34940362;20349403626; 4;PLANTA PERMANENTE B1 A 10     ; 1;EFECTIVO                      ; 1;ADMINISTRATIVO                ; 5;PROCESADOR DE DATOS           ;9874;08   ADMINISTRATIVO CAT.08    ;APBA000000;DIRECCION GENERAL DE SEGURIDAD CIUDADANA                                                                                ;397;REINTEGRO DS.INASIS.;    0;                    ;      1.00;        4336.48; 1121; 1;1508;PLANTA PERMANENTE             ;
443981;D ANDREA ALEXIS MATIAS        ;  34940362;20349403626; 4;PLANTA PERMANENTE B1 A 10     ; 1;EFECTIVO                      ; 1;ADMINISTRATIVO                ; 5;PROCESADOR DE DATOS           ;9874;08   ADMINISTRATIVO CAT.08    ;APBA000000;DIRECCION GENERAL DE SEGURIDAD CIUDADANA                                                                                ;440;I.P.S. 14           ;    0;                    ;      0.00;       -1172.35;    0; 1;1508;PLANTA PERMANENTE             ;
443981;D ANDREA ALEXIS MATIAS        ;  34940362;20349403626; 4;PLANTA PERMANENTE B1 A 10     ; 1;EFECTIVO                      ; 1;ADMINISTRATIVO                ; 5;PROCESADOR DE DATOS           ;9874;08   ADMINISTRATIVO CAT.08    ;APBA000000;DIRECCION GENERAL DE SEGURIDAD CIUDADANA                                                                                ;441;OBRA SOCIAL         ;    0;                    ;      0.00;        -251.22;    0; 1;1508;PLANTA PERMANENTE             ;
443981;D ANDREA ALEXIS MATIAS        ;  34940362;20349403626; 4;PLANTA PERMANENTE B1 A 10     ; 1;EFECTIVO                      ; 1;ADMINISTRATIVO                ; 5;PROCESADOR DE DATOS           ;9874;08   ADMINISTRATIVO CAT.08    ;APBA000000;DIRECCION GENERAL DE SEGURIDAD CIUDADANA                                                                                ;443;CUOTA S.T.M.A.      ;    0;                    ;      0.00;        -251.22;    0; 1;1508;PLANTA PERMANENTE             ;
446671;ROMANO NAHUEL MATIAS          ;  39209062;27392090628; 4;PLANTA PERMANENTE B1 A 10     ; 1;EFECTIVO                      ; 1;ADMINISTRATIVO                ; 5;ADMINISTRATIVO                ;4501;08   ADMINISTRATIVO CAT.08    ;AP00A00000;DIRECCION DEL CENTRO DE MONITOREO                                                                                       ;390;SUELDO ANUAL COMPLEM;    0;                    ;      0.00;        9799.37; 1221; 1;1508;PLANTA PERMANENTE             ;
446671;ROMANO NAHUEL MATIAS          ;  39209062;27392090628; 4;PLANTA PERMANENTE B1 A 10     ; 1;EFECTIVO                      ; 1;ADMINISTRATIVO                ; 5;ADMINISTRATIVO                ;4501;08   ADMINISTRATIVO CAT.08    ;AP00A00000;DIRECCION DEL CENTRO DE MONITOREO                                                                                       ;463;OBRA SOCIAL SAC     ;    0;                    ;      0.00;        -293.98;    0; 1;1508;PLANTA PERMANENTE             ;
446671;ROMANO NAHUEL MATIAS          ;  39209062;27392090628; 4;PLANTA PERMANENTE B1 A 10     ; 1;EFECTIVO                      ; 1;ADMINISTRATIVO                ; 5;ADMINISTRATIVO                ;4501;08   ADMINISTRATIVO CAT.08    ;AP00A00000;DIRECCION DEL CENTRO DE MONITOREO                                                                                       ;465;I.P.S. 14 SAC       ;    0;                    ;      0.00;       -1371.91;    0; 1;1508;PLANTA PERMANENTE             ;
450111;PANIZZI JUAN ALBERTO          ;  14116587;23141165879; 4;PLANTA PERMANENTE B1 A 10     ; 1;EFECTIVO                      ; 1;TECNICO                       ; 4;CHOFER                        ;5701;10   TECNICO CAT.10           ;AMC0000000;SUBSECRETARIA DE GESTION DE RESIDUOS                                                                                    ;395;REINTEGRO HS.INASIST;    0;                    ;      2.00;        1207.30; 1021; 1;1410;PLANTA PERMANENTE             ;
450111;PANIZZI JUAN ALBERTO          ;  14116587;23141165879; 4;PLANTA PERMANENTE B1 A 10     ; 1;EFECTIVO                      ; 1;TECNICO                       ; 4;CHOFER                        ;5701;10   TECNICO CAT.10           ;AMC0000000;SUBSECRETARIA DE GESTION DE RESIDUOS                                                                                    ;397;REINTEGRO DS.INASIS.;    0;                    ;      4.00;       14487.70; 1021; 1;1410;PLANTA PERMANENTE             ;
450111;PANIZZI JUAN ALBERTO          ;  14116587;23141165879; 4;PLANTA PERMANENTE B1 A 10     ; 1;EFECTIVO                      ; 1;TECNICO                       ; 4;CHOFER                        ;5701;10   TECNICO CAT.10           ;AMC0000000;SUBSECRETARIA DE GESTION DE RESIDUOS                                                                                    ;440;I.P.S. 14           ;    0;                    ;      0.00;       -2197.30;    0; 1;1410;PLANTA PERMANENTE             ;
450111;PANIZZI JUAN ALBERTO          ;  14116587;23141165879; 4;PLANTA PERMANENTE B1 A 10     ; 1;EFECTIVO                      ; 1;TECNICO                       ; 4;CHOFER                        ;5701;10   TECNICO CAT.10           ;AMC0000000;SUBSECRETARIA DE GESTION DE RESIDUOS                                                                                    ;441;OBRA SOCIAL         ;    0;                    ;      0.00;        -470.85;    0; 1;1410;PLANTA PERMANENTE             ;
456511;FIONDA RICARDO DOMINGO        ;  11604570;20116045703; 4;PLANTA PERMANENTE B1 A 10     ; 1;DESVINCULADO                  ;18;OBRERO                        ; 6;PEON                          ;8601;06   OBRERO CAT.06            ;AB00000000;SECRETARIA DE GOBIERNO                                                                                                  ;158;LICENCIA NO GOZADA  ;    0;                    ;      0.00;       17673.72; 1221; 1;1606;PLANTA PERMANENTE             ;
456511;FIONDA RICARDO DOMINGO        ;  11604570;20116045703; 4;PLANTA PERMANENTE B1 A 10     ; 1;DESVINCULADO                  ;18;OBRERO                        ; 6;PEON                          ;8601;06   OBRERO CAT.06            ;AB00000000;SECRETARIA DE GOBIERNO                                                                                                  ;390;SUELDO ANUAL COMPLEM;    0;                    ;      0.00;       16067.20; 1221; 1;1606;PLANTA PERMANENTE             ;
456511;FIONDA RICARDO DOMINGO        ;  11604570;20116045703; 4;PLANTA PERMANENTE B1 A 10     ; 1;DESVINCULADO                  ;18;OBRERO                        ; 6;PEON                          ;8601;06   OBRERO CAT.06            ;AB00000000;SECRETARIA DE GOBIERNO                                                                                                  ;463;OBRA SOCIAL SAC     ;    0;                    ;      0.00;        -482.02;    0; 1;1606;PLANTA PERMANENTE             ;
456511;FIONDA RICARDO DOMINGO        ;  11604570;20116045703; 4;PLANTA PERMANENTE B1 A 10     ; 1;DESVINCULADO                  ;18;OBRERO                        ; 6;PEON                          ;8601;06   OBRERO CAT.06            ;AB00000000;SECRETARIA DE GOBIERNO                                                                                                  ;465;I.P.S. 14 SAC       ;    0;                    ;      0.00;       -2249.41;    0; 1;1606;PLANTA PERMANENTE             ;
460811;GIMENEZ MARCOS AGUSTIN        ;  40741790;23407417909; 4;PLANTA PERMANENTE B1 A 10     ; 1;EFECTIVO                      ; 1;ADMINISTRATIVO                ; 5;ADMINISTRATIVO                ;4501;08   ADMINISTRATIVO CAT.08    ;AM00D00000;DIRECCION GENERAL DE ARQUITECTURA                                                                                       ;126;TRABAJO EN EQUIPO   ;    0;                    ;      0.00;       15330.00; 1121; 1;1508;PLANTA PERMANENTE             ;
460811;GIMENEZ MARCOS AGUSTIN        ;  40741790;23407417909; 4;PLANTA PERMANENTE B1 A 10     ; 1;EFECTIVO                      ; 1;ADMINISTRATIVO                ; 5;ADMINISTRATIVO                ;4501;08   ADMINISTRATIVO CAT.08    ;AM00D00000;DIRECCION GENERAL DE ARQUITECTURA                                                                                       ;390;SUELDO ANUAL COMPLEM;    0;                    ;      0.00;       29982.33; 1221; 1;1508;PLANTA PERMANENTE             ;
460811;GIMENEZ MARCOS AGUSTIN        ;  40741790;23407417909; 4;PLANTA PERMANENTE B1 A 10     ; 1;EFECTIVO                      ; 1;ADMINISTRATIVO                ; 5;ADMINISTRATIVO                ;4501;08   ADMINISTRATIVO CAT.08    ;AM00D00000;DIRECCION GENERAL DE ARQUITECTURA                                                                                       ;440;I.P.S. 14           ;    0;                    ;      0.00;       -2146.20;    0; 1;1508;PLANTA PERMANENTE             ;
460811;GIMENEZ MARCOS AGUSTIN        ;  40741790;23407417909; 4;PLANTA PERMANENTE B1 A 10     ; 1;EFECTIVO                      ; 1;ADMINISTRATIVO                ; 5;ADMINISTRATIVO                ;4501;08   ADMINISTRATIVO CAT.08    ;AM00D00000;DIRECCION GENERAL DE ARQUITECTURA                                                                                       ;441;OBRA SOCIAL         ;    0;                    ;      0.00;        -459.90;    0; 1;1508;PLANTA PERMANENTE             ;
460811;GIMENEZ MARCOS AGUSTIN        ;  40741790;23407417909; 4;PLANTA PERMANENTE B1 A 10     ; 1;EFECTIVO                      ; 1;ADMINISTRATIVO                ; 5;ADMINISTRATIVO                ;4501;08   ADMINISTRATIVO CAT.08    ;AM00D00000;DIRECCION GENERAL DE ARQUITECTURA                                                                                       ;463;OBRA SOCIAL SAC     ;    0;                    ;      0.00;        -899.47;    0; 1;1508;PLANTA PERMANENTE             ;
460811;GIMENEZ MARCOS AGUSTIN        ;  40741790;23407417909; 4;PLANTA PERMANENTE B1 A 10     ; 1;EFECTIVO                      ; 1;ADMINISTRATIVO                ; 5;ADMINISTRATIVO                ;4501;08   ADMINISTRATIVO CAT.08    ;AM00D00000;DIRECCION GENERAL DE ARQUITECTURA                                                                                       ;465;I.P.S. 14 SAC       ;    0;                    ;      0.00;       -4197.53;    0; 1;1508;PLANTA PERMANENTE             ;
466591;RODRIGUEZ LUIS ALBERTO        ;  14948561;23149485619; 4;PLANTA PERMANENTE B1 A 10     ; 1;EFECTIVO                      ; 1;SERVICIO                      ; 7;PEON                          ;8601;06   SERVICIO CAT.06          ;AO0B000000;DIRECCION GENERAL DE ZOONOSIS MUNICIPAL                                                                                 ;397;REINTEGRO DS.INASIS.;    0;                    ;      2.00;        5159.04; 1021; 1;1706;PLANTA PERMANENTE             ;
466591;RODRIGUEZ LUIS ALBERTO        ;  14948561;23149485619; 4;PLANTA PERMANENTE B1 A 10     ; 1;EFECTIVO                      ; 1;SERVICIO                      ; 7;PEON                          ;8601;06   SERVICIO CAT.06          ;AO0B000000;DIRECCION GENERAL DE ZOONOSIS MUNICIPAL                                                                                 ;440;I.P.S. 14           ;    0;                    ;      0.00;        -722.27;    0; 1;1706;PLANTA PERMANENTE             ;
466591;RODRIGUEZ LUIS ALBERTO        ;  14948561;23149485619; 4;PLANTA PERMANENTE B1 A 10     ; 1;EFECTIVO                      ; 1;SERVICIO                      ; 7;PEON                          ;8601;06   SERVICIO CAT.06          ;AO0B000000;DIRECCION GENERAL DE ZOONOSIS MUNICIPAL                                                                                 ;441;OBRA SOCIAL         ;    0;                    ;      0.00;        -154.77;    0; 1;1706;PLANTA PERMANENTE             ;
468461;CUENCA ARIANA AGUSTINA        ;  41389948;27413899481; 6;MENSUALIZADOS                 ; 6;MENSUALIZADO                  ;11;PERSONAL MENSUALIZADO         ;40;ADMINISTRATIVO                ;4501;MA01    ADMINIST  I           ;AC00A00000;DIRECCION DE REGULARIZACION DOMINIAL                                                                                    ;183;SUMA FIJA N/RE.N/BON;    0;                    ;      0.00;       20000.00; 1221; 1;6021;MENSUALIZADOS                 ;
468941;PERTOLDI CECILIA CRISTINA     ;  32195475;27321954753; 6;MENSUALIZADOS                 ; 6;MENSUALIZADO                  ;11;PERSONAL MENSUALIZADO         ;40;ADMINISTRATIVO                ;4501;MA01    ADMINIST  I           ;AC00A00000;DIRECCION DE REGULARIZACION DOMINIAL                                                                                    ;183;SUMA FIJA N/RE.N/BON;    0;                    ;      0.00;       20000.00; 1221; 1;6021;MENSUALIZADOS                 ;
470561;BENAVIDEZ JUAN BENITO ANDRES  ;  30429080;20304290804; 6;MENSUALIZADOS                 ; 6;DESVINCULADO                  ;18;PERSONAL MENSUALIZADO         ;40;PEON                          ;8601;MO03   OBR/SERV III           ;AM00000007;BASE OPERATIVA DE SERVICIOS DESCENTRALIZADOS NRO.06                                                                     ;158;LICENCIA NO GOZADA  ;    0;                    ;      0.00;        8699.53; 1221; 1;6003;MENSUALIZADOS                 ;
470561;BENAVIDEZ JUAN BENITO ANDRES  ;  30429080;20304290804; 6;MENSUALIZADOS                 ; 6;DESVINCULADO                  ;18;PERSONAL MENSUALIZADO         ;40;PEON                          ;8601;MO03   OBR/SERV III           ;AM00000007;BASE OPERATIVA DE SERVICIOS DESCENTRALIZADOS NRO.06                                                                     ;365;HORAS EXTRAS 50%    ;    0;                    ;     45.00;       26691.74; 1121; 1;6003;MENSUALIZADOS                 ;
470561;BENAVIDEZ JUAN BENITO ANDRES  ;  30429080;20304290804; 6;MENSUALIZADOS                 ; 6;DESVINCULADO                  ;18;PERSONAL MENSUALIZADO         ;40;PEON                          ;8601;MO03   OBR/SERV III           ;AM00000007;BASE OPERATIVA DE SERVICIOS DESCENTRALIZADOS NRO.06                                                                     ;366;HORAS EXTRAS 100%   ;    0;                    ;     28.00;       22144.26; 1121; 1;6003;MENSUALIZADOS                 ;
470561;BENAVIDEZ JUAN BENITO ANDRES  ;  30429080;20304290804; 6;MENSUALIZADOS                 ; 6;DESVINCULADO                  ;18;PERSONAL MENSUALIZADO         ;40;PEON                          ;8601;MO03   OBR/SERV III           ;AM00000007;BASE OPERATIVA DE SERVICIOS DESCENTRALIZADOS NRO.06                                                                     ;390;SUELDO ANUAL COMPLEM;    0;                    ;      0.00;       21748.83; 1221; 1;6003;MENSUALIZADOS                 ;
470561;BENAVIDEZ JUAN BENITO ANDRES  ;  30429080;20304290804; 6;MENSUALIZADOS                 ; 6;DESVINCULADO                  ;18;PERSONAL MENSUALIZADO         ;40;PEON                          ;8601;MO03   OBR/SERV III           ;AM00000007;BASE OPERATIVA DE SERVICIOS DESCENTRALIZADOS NRO.06                                                                     ;441;OBRA SOCIAL         ;    0;                    ;      0.00;       -1465.08;    0; 1;6003;MENSUALIZADOS                 ;
470561;BENAVIDEZ JUAN BENITO ANDRES  ;  30429080;20304290804; 6;MENSUALIZADOS                 ; 6;DESVINCULADO                  ;18;PERSONAL MENSUALIZADO         ;40;PEON                          ;8601;MO03   OBR/SERV III           ;AM00000007;BASE OPERATIVA DE SERVICIOS DESCENTRALIZADOS NRO.06                                                                     ;463;OBRA SOCIAL SAC     ;    0;                    ;      0.00;        -652.46;    0; 1;6003;MENSUALIZADOS                 ;
470561;BENAVIDEZ JUAN BENITO ANDRES  ;  30429080;20304290804; 6;MENSUALIZADOS                 ; 6;DESVINCULADO                  ;18;PERSONAL MENSUALIZADO         ;40;PEON                          ;8601;MO03   OBR/SERV III           ;AM00000007;BASE OPERATIVA DE SERVICIOS DESCENTRALIZADOS NRO.06                                                                     ;465;I.P.S. 14 SAC       ;    0;                    ;      0.00;       -3044.84;    0; 1;6003;MENSUALIZADOS                 ;
475201;GOMEZ FABIAN ALBERTO          ;  31751655;20317516550; 6;MENSUALIZADOS                 ; 6;MENSUALIZADO                  ;11;PERSONAL MENSUALIZADO         ;40;CUIDADORES CIUDADANOS         ;9876;MA01    ADMINIST  I           ;AA0A000000;DIRECCION GENERAL DE HABILITACIONES COMERCIALES E INSPECCION                                                            ;395;REINTEGRO HS.INASIST;    0;                    ;      3.00;        1261.00;  921; 1;6021;MENSUALIZADOS                 ;
475201;GOMEZ FABIAN ALBERTO          ;  31751655;20317516550; 6;MENSUALIZADOS                 ; 6;MENSUALIZADO                  ;11;PERSONAL MENSUALIZADO         ;40;CUIDADORES CIUDADANOS         ;9876;MA01    ADMINIST  I           ;AA0A000000;DIRECCION GENERAL DE HABILITACIONES COMERCIALES E INSPECCION                                                            ;395;REINTEGRO HS.INASIST;    0;                    ;      8.00;        3362.65; 1021; 1;6021;MENSUALIZADOS                 ;
475201;GOMEZ FABIAN ALBERTO          ;  31751655;20317516550; 6;MENSUALIZADOS                 ; 6;MENSUALIZADO                  ;11;PERSONAL MENSUALIZADO         ;40;CUIDADORES CIUDADANOS         ;9876;MA01    ADMINIST  I           ;AA0A000000;DIRECCION GENERAL DE HABILITACIONES COMERCIALES E INSPECCION                                                            ;397;REINTEGRO DS.INASIS.;    0;                    ;      1.00;        2521.99; 1021; 1;6021;MENSUALIZADOS                 ;
475201;GOMEZ FABIAN ALBERTO          ;  31751655;20317516550; 6;MENSUALIZADOS                 ; 6;MENSUALIZADO                  ;11;PERSONAL MENSUALIZADO         ;40;CUIDADORES CIUDADANOS         ;9876;MA01    ADMINIST  I           ;AA0A000000;DIRECCION GENERAL DE HABILITACIONES COMERCIALES E INSPECCION                                                            ;440;I.P.S. 14           ;    0;                    ;      0.00;       -1000.39;    0; 1;6021;MENSUALIZADOS                 ;
475201;GOMEZ FABIAN ALBERTO          ;  31751655;20317516550; 6;MENSUALIZADOS                 ; 6;MENSUALIZADO                  ;11;PERSONAL MENSUALIZADO         ;40;CUIDADORES CIUDADANOS         ;9876;MA01    ADMINIST  I           ;AA0A000000;DIRECCION GENERAL DE HABILITACIONES COMERCIALES E INSPECCION                                                            ;441;OBRA SOCIAL         ;    0;                    ;      0.00;        -214.37;    0; 1;6021;MENSUALIZADOS                 ;
475201;GOMEZ FABIAN ALBERTO          ;  31751655;20317516550; 6;MENSUALIZADOS                 ; 6;MENSUALIZADO                  ;11;PERSONAL MENSUALIZADO         ;40;CUIDADORES CIUDADANOS         ;9876;MA01    ADMINIST  I           ;AA0A000000;DIRECCION GENERAL DE HABILITACIONES COMERCIALES E INSPECCION                                                            ;445;CTA. S.U.M.A.       ;    0;                    ;      0.00;        -142.91;    0; 1;6021;MENSUALIZADOS                 ;
475301;JAIME PABLOFF EVANGELINA DE LO;  30338542;27303385423; 6;MENSUALIZADOS                 ; 6;MENSUALIZADO                  ;11;PERSONAL MENSUALIZADO         ;40;CUIDADORES CIUDADANOS         ;9876;MA01    ADMINIST  I           ;APBA000000;DIRECCION GENERAL DE SEGURIDAD CIUDADANA                                                                                ;395;REINTEGRO HS.INASIST;    0;                    ;      3.00;        1261.00;  921; 1;6021;MENSUALIZADOS                 ;
475301;JAIME PABLOFF EVANGELINA DE LO;  30338542;27303385423; 6;MENSUALIZADOS                 ; 6;MENSUALIZADO                  ;11;PERSONAL MENSUALIZADO         ;40;CUIDADORES CIUDADANOS         ;9876;MA01    ADMINIST  I           ;APBA000000;DIRECCION GENERAL DE SEGURIDAD CIUDADANA                                                                                ;395;REINTEGRO HS.INASIST;    0;                    ;      7.00;        2942.32; 1021; 1;6021;MENSUALIZADOS                 ;
475301;JAIME PABLOFF EVANGELINA DE LO;  30338542;27303385423; 6;MENSUALIZADOS                 ; 6;MENSUALIZADO                  ;11;PERSONAL MENSUALIZADO         ;40;CUIDADORES CIUDADANOS         ;9876;MA01    ADMINIST  I           ;APBA000000;DIRECCION GENERAL DE SEGURIDAD CIUDADANA                                                                                ;440;I.P.S. 14           ;    0;                    ;      0.00;        -588.46;    0; 1;6021;MENSUALIZADOS                 ;
475301;JAIME PABLOFF EVANGELINA DE LO;  30338542;27303385423; 6;MENSUALIZADOS                 ; 6;MENSUALIZADO                  ;11;PERSONAL MENSUALIZADO         ;40;CUIDADORES CIUDADANOS         ;9876;MA01    ADMINIST  I           ;APBA000000;DIRECCION GENERAL DE SEGURIDAD CIUDADANA                                                                                ;441;OBRA SOCIAL         ;    0;                    ;      0.00;        -126.10;    0; 1;6021;MENSUALIZADOS                 ;
475971;SARTAL MARICEL ESTEFANIA      ;  35271184;27352711840; 6;MENSUALIZADOS                 ; 6;DESVINCULADO                  ;18;PERSONAL MENSUALIZADO         ;40;CUIDADORES CIUDADANOS         ;9876;MA01    ADMINIST  I           ;APB0000000;SUBSECRETARIA DE SEGURIDAD CIUDADANA                                                                                    ;158;LICENCIA NO GOZADA  ;    0;                    ;      0.00;       22770.76; 1221; 1;6021;MENSUALIZADOS                 ;
475971;SARTAL MARICEL ESTEFANIA      ;  35271184;27352711840; 6;MENSUALIZADOS                 ; 6;DESVINCULADO                  ;18;PERSONAL MENSUALIZADO         ;40;CUIDADORES CIUDADANOS         ;9876;MA01    ADMINIST  I           ;APB0000000;SUBSECRETARIA DE SEGURIDAD CIUDADANA                                                                                    ;158;LICENCIA NO GOZADA  ;    0;                    ;      0.00;       17891.31; 1221; 1;6021;MENSUALIZADOS                 ;
475971;SARTAL MARICEL ESTEFANIA      ;  35271184;27352711840; 6;MENSUALIZADOS                 ; 6;DESVINCULADO                  ;18;PERSONAL MENSUALIZADO         ;40;CUIDADORES CIUDADANOS         ;9876;MA01    ADMINIST  I           ;APB0000000;SUBSECRETARIA DE SEGURIDAD CIUDADANA                                                                                    ;390;SUELDO ANUAL COMPLEM;    0;                    ;      0.00;       16264.83; 1221; 1;6021;MENSUALIZADOS                 ;
475971;SARTAL MARICEL ESTEFANIA      ;  35271184;27352711840; 6;MENSUALIZADOS                 ; 6;DESVINCULADO                  ;18;PERSONAL MENSUALIZADO         ;40;CUIDADORES CIUDADANOS         ;9876;MA01    ADMINIST  I           ;APB0000000;SUBSECRETARIA DE SEGURIDAD CIUDADANA                                                                                    ;399;DIAS INASISTENCIA   ;    0;                    ;      4.00;       -8406.63; 1021; 1;6021;MENSUALIZADOS                 ;
475971;SARTAL MARICEL ESTEFANIA      ;  35271184;27352711840; 6;MENSUALIZADOS                 ; 6;DESVINCULADO                  ;18;PERSONAL MENSUALIZADO         ;40;CUIDADORES CIUDADANOS         ;9876;MA01    ADMINIST  I           ;APB0000000;SUBSECRETARIA DE SEGURIDAD CIUDADANA                                                                                    ;440;I.P.S. 14           ;    0;                    ;      0.00;        1176.93;    0; 1;6021;MENSUALIZADOS                 ;
475971;SARTAL MARICEL ESTEFANIA      ;  35271184;27352711840; 6;MENSUALIZADOS                 ; 6;DESVINCULADO                  ;18;PERSONAL MENSUALIZADO         ;40;CUIDADORES CIUDADANOS         ;9876;MA01    ADMINIST  I           ;APB0000000;SUBSECRETARIA DE SEGURIDAD CIUDADANA                                                                                    ;441;OBRA SOCIAL         ;    0;                    ;      0.00;         252.20;    0; 1;6021;MENSUALIZADOS                 ;
475971;SARTAL MARICEL ESTEFANIA      ;  35271184;27352711840; 6;MENSUALIZADOS                 ; 6;DESVINCULADO                  ;18;PERSONAL MENSUALIZADO         ;40;CUIDADORES CIUDADANOS         ;9876;MA01    ADMINIST  I           ;APB0000000;SUBSECRETARIA DE SEGURIDAD CIUDADANA                                                                                    ;463;OBRA SOCIAL SAC     ;    0;                    ;      0.00;        -487.94;    0; 1;6021;MENSUALIZADOS                 ;
475971;SARTAL MARICEL ESTEFANIA      ;  35271184;27352711840; 6;MENSUALIZADOS                 ; 6;DESVINCULADO                  ;18;PERSONAL MENSUALIZADO         ;40;CUIDADORES CIUDADANOS         ;9876;MA01    ADMINIST  I           ;APB0000000;SUBSECRETARIA DE SEGURIDAD CIUDADANA                                                                                    ;465;I.P.S. 14 SAC       ;    0;                    ;      0.00;       -2277.08;    0; 1;6021;MENSUALIZADOS                 ;
476621;GALEANO EZEQUIEL              ;  36066723;20360667236; 6;MENSUALIZADOS                 ; 6;MENSUALIZADO                  ;11;PERSONAL MENSUALIZADO         ;40;CUIDADORES CIUDADANOS         ;9876;MA01    ADMINIST  I           ;APB0000000;SUBSECRETARIA DE SEGURIDAD CIUDADANA                                                                                    ;397;REINTEGRO DS.INASIS.;    0;                    ;      2.00;        4203.32; 1021; 1;6021;MENSUALIZADOS                 ;
476621;GALEANO EZEQUIEL              ;  36066723;20360667236; 6;MENSUALIZADOS                 ; 6;MENSUALIZADO                  ;11;PERSONAL MENSUALIZADO         ;40;CUIDADORES CIUDADANOS         ;9876;MA01    ADMINIST  I           ;APB0000000;SUBSECRETARIA DE SEGURIDAD CIUDADANA                                                                                    ;440;I.P.S. 14           ;    0;                    ;      0.00;        -588.46;    0; 1;6021;MENSUALIZADOS                 ;
476621;GALEANO EZEQUIEL              ;  36066723;20360667236; 6;MENSUALIZADOS                 ; 6;MENSUALIZADO                  ;11;PERSONAL MENSUALIZADO         ;40;CUIDADORES CIUDADANOS         ;9876;MA01    ADMINIST  I           ;APB0000000;SUBSECRETARIA DE SEGURIDAD CIUDADANA                                                                                    ;441;OBRA SOCIAL         ;    0;                    ;      0.00;        -126.10;    0; 1;6021;MENSUALIZADOS                 ;
476621;GALEANO EZEQUIEL              ;  36066723;20360667236; 6;MENSUALIZADOS                 ; 6;MENSUALIZADO                  ;11;PERSONAL MENSUALIZADO         ;40;CUIDADORES CIUDADANOS         ;9876;MA01    ADMINIST  I           ;APB0000000;SUBSECRETARIA DE SEGURIDAD CIUDADANA                                                                                    ;448;CUOTA A.T.E.        ;    0;                    ;      0.00;         -92.47;    0; 1;6021;MENSUALIZADOS                 ;
480731;MORALES ALFREDO               ;  40641277;20406412777; 6;MENSUALIZADOS                 ; 6;MENSUALIZADO                  ;11;PERSONAL MENSUALIZADO         ;40;PEON                          ;   9;MO01   OBR/SERV I             ;AM00000004;BASE OPERATIVA DE SERVICIOS DESCENTRALIZADOS NRO.03                                                                     ;366;HORAS EXTRAS 100%   ;    0;                    ;     25.00;       17979.39; 1121; 1;6001;MENSUALIZADOS                 ;
480731;MORALES ALFREDO               ;  40641277;20406412777; 6;MENSUALIZADOS                 ; 6;MENSUALIZADO                  ;11;PERSONAL MENSUALIZADO         ;40;PEON                          ;   9;MO01   OBR/SERV I             ;AM00000004;BASE OPERATIVA DE SERVICIOS DESCENTRALIZADOS NRO.03                                                                     ;441;OBRA SOCIAL         ;    0;                    ;      0.00;        -539.38;    0; 1;6001;MENSUALIZADOS                 ;
480731;MORALES ALFREDO               ;  40641277;20406412777; 6;MENSUALIZADOS                 ; 6;MENSUALIZADO                  ;11;PERSONAL MENSUALIZADO         ;40;PEON                          ;   9;MO01   OBR/SERV I             ;AM00000004;BASE OPERATIVA DE SERVICIOS DESCENTRALIZADOS NRO.03                                                                     ;445;CTA. S.U.M.A.       ;    0;                    ;      0.00;        -359.59;    0; 1;6001;MENSUALIZADOS                 ;
480801;PEREIRA LUCAS MATIAS          ;  29674581;20296745813; 6;MENSUALIZADOS                 ; 6;DESVINCULADO                  ;18;PERSONAL MENSUALIZADO         ;40;PEON                          ;   9;MO01   OBR/SERV I             ;BAJA12    ;                                                                                                                        ;158;LICENCIA NO GOZADA  ;    0;                    ;      0.00;        4419.21; 1221; 1;6001;MENSUALIZADOS                 ;
480801;PEREIRA LUCAS MATIAS          ;  29674581;20296745813; 6;MENSUALIZADOS                 ; 6;DESVINCULADO                  ;18;PERSONAL MENSUALIZADO         ;40;PEON                          ;   9;MO01   OBR/SERV I             ;BAJA12    ;                                                                                                                        ;390;SUELDO ANUAL COMPLEM;    0;                    ;      0.00;       14730.70; 1221; 1;6001;MENSUALIZADOS                 ;
480801;PEREIRA LUCAS MATIAS          ;  29674581;20296745813; 6;MENSUALIZADOS                 ; 6;DESVINCULADO                  ;18;PERSONAL MENSUALIZADO         ;40;PEON                          ;   9;MO01   OBR/SERV I             ;BAJA12    ;                                                                                                                        ;463;OBRA SOCIAL SAC     ;    0;                    ;      0.00;        -441.92;    0; 1;6001;MENSUALIZADOS                 ;
480801;PEREIRA LUCAS MATIAS          ;  29674581;20296745813; 6;MENSUALIZADOS                 ; 6;DESVINCULADO                  ;18;PERSONAL MENSUALIZADO         ;40;PEON                          ;   9;MO01   OBR/SERV I             ;BAJA12    ;                                                                                                                        ;465;I.P.S. 14 SAC       ;    0;                    ;      0.00;       -2062.30;    0; 1;6001;MENSUALIZADOS                 ;
483121;CIOCCA MELINA PAULA           ;  26634653;27266346536; 6;MENSUALIZADOS                 ; 6;DESVINCULADO                  ;18;PERSONAL MENSUALIZADO         ;40;VETERINARIO/A                 ;1309;MP02  PROFESIONALES II        ;AO0B000000;DIRECCION GENERAL DE ZOONOSIS MUNICIPAL                                                                                 ;158;LICENCIA NO GOZADA  ;    0;                    ;      0.00;       21640.32; 1221; 1;6042;MENSUALIZADOS                 ;
483121;CIOCCA MELINA PAULA           ;  26634653;27266346536; 6;MENSUALIZADOS                 ; 6;DESVINCULADO                  ;18;PERSONAL MENSUALIZADO         ;40;VETERINARIO/A                 ;1309;MP02  PROFESIONALES II        ;AO0B000000;DIRECCION GENERAL DE ZOONOSIS MUNICIPAL                                                                                 ;390;SUELDO ANUAL COMPLEM;    0;                    ;      0.00;       21640.32; 1221; 1;6042;MENSUALIZADOS                 ;
483121;CIOCCA MELINA PAULA           ;  26634653;27266346536; 6;MENSUALIZADOS                 ; 6;DESVINCULADO                  ;18;PERSONAL MENSUALIZADO         ;40;VETERINARIO/A                 ;1309;MP02  PROFESIONALES II        ;AO0B000000;DIRECCION GENERAL DE ZOONOSIS MUNICIPAL                                                                                 ;463;OBRA SOCIAL SAC     ;    0;                    ;      0.00;        -649.21;    0; 1;6042;MENSUALIZADOS                 ;
483121;CIOCCA MELINA PAULA           ;  26634653;27266346536; 6;MENSUALIZADOS                 ; 6;DESVINCULADO                  ;18;PERSONAL MENSUALIZADO         ;40;VETERINARIO/A                 ;1309;MP02  PROFESIONALES II        ;AO0B000000;DIRECCION GENERAL DE ZOONOSIS MUNICIPAL                                                                                 ;465;I.P.S. 14 SAC       ;    0;                    ;      0.00;       -3029.64;    0; 1;6042;MENSUALIZADOS                 ;
490551;PAVON PATRICIO GONZALO        ;  29173978;20291739785;11;PERSONAL SUPERIOR CAT A8-A0   ; 1;EFECTIVO                      ; 1;SUPERIOR                      ; 1;DIRECTOR GENERAL              ;1109;A7   DIRECTOR GENERAL         ;AS00000000;JEFATURA DE GABINETE DE SECRETARIOS                                                                                     ;101;SUELDO BASICO       ;    0;                    ;      0.00;       91249.61; 1221; 1;1107;PLANTA PERMANENTE             ;
490551;PAVON PATRICIO GONZALO        ;  29173978;20291739785;11;PERSONAL SUPERIOR CAT A8-A0   ; 1;EFECTIVO                      ; 1;SUPERIOR                      ; 1;DIRECTOR GENERAL              ;1109;A7   DIRECTOR GENERAL         ;AS00000000;JEFATURA DE GABINETE DE SECRETARIOS                                                                                     ;159;BONIFIC. RETRIBUTIVA;    0;                    ;      0.00;       24544.81; 1221; 1;1107;PLANTA PERMANENTE             ;
490551;PAVON PATRICIO GONZALO        ;  29173978;20291739785;11;PERSONAL SUPERIOR CAT A8-A0   ; 1;EFECTIVO                      ; 1;SUPERIOR                      ; 1;DIRECTOR GENERAL              ;1109;A7   DIRECTOR GENERAL         ;AS00000000;JEFATURA DE GABINETE DE SECRETARIOS                                                                                     ;183;SUMA FIJA N/RE.N/BON;    0;                    ;      0.00;       20000.00; 1221; 1;1107;PLANTA PERMANENTE             ;
490551;PAVON PATRICIO GONZALO        ;  29173978;20291739785;11;PERSONAL SUPERIOR CAT A8-A0   ; 1;EFECTIVO                      ; 1;SUPERIOR                      ; 1;DIRECTOR GENERAL              ;1109;A7   DIRECTOR GENERAL         ;AS00000000;JEFATURA DE GABINETE DE SECRETARIOS                                                                                     ;390;SUELDO ANUAL COMPLEM;    0;                    ;      0.00;        4728.27; 1221; 1;1107;PLANTA PERMANENTE             ;
490551;PAVON PATRICIO GONZALO        ;  29173978;20291739785;11;PERSONAL SUPERIOR CAT A8-A0   ; 1;EFECTIVO                      ; 1;SUPERIOR                      ; 1;DIRECTOR GENERAL              ;1109;A7   DIRECTOR GENERAL         ;AS00000000;JEFATURA DE GABINETE DE SECRETARIOS                                                                                     ;398;RECOBRO DE DIAS     ;    0;                    ;      9.00;      -34738.33; 1221; 1;1107;PLANTA PERMANENTE             ;
490551;PAVON PATRICIO GONZALO        ;  29173978;20291739785;11;PERSONAL SUPERIOR CAT A8-A0   ; 1;EFECTIVO                      ; 1;SUPERIOR                      ; 1;DIRECTOR GENERAL              ;1109;A7   DIRECTOR GENERAL         ;AS00000000;JEFATURA DE GABINETE DE SECRETARIOS                                                                                     ;440;I.P.S. 14           ;    0;                    ;      0.00;      -11347.85;    0; 1;1107;PLANTA PERMANENTE             ;
490551;PAVON PATRICIO GONZALO        ;  29173978;20291739785;11;PERSONAL SUPERIOR CAT A8-A0   ; 1;EFECTIVO                      ; 1;SUPERIOR                      ; 1;DIRECTOR GENERAL              ;1109;A7   DIRECTOR GENERAL         ;AS00000000;JEFATURA DE GABINETE DE SECRETARIOS                                                                                     ;441;OBRA SOCIAL         ;    0;                    ;      0.00;       -2431.68;    0; 1;1107;PLANTA PERMANENTE             ;
490551;PAVON PATRICIO GONZALO        ;  29173978;20291739785;11;PERSONAL SUPERIOR CAT A8-A0   ; 1;EFECTIVO                      ; 1;SUPERIOR                      ; 1;DIRECTOR GENERAL              ;1109;A7   DIRECTOR GENERAL         ;AS00000000;JEFATURA DE GABINETE DE SECRETARIOS                                                                                     ;463;OBRA SOCIAL SAC     ;    0;                    ;      0.00;        -141.85;    0; 1;1107;PLANTA PERMANENTE             ;
490551;PAVON PATRICIO GONZALO        ;  29173978;20291739785;11;PERSONAL SUPERIOR CAT A8-A0   ; 1;EFECTIVO                      ; 1;SUPERIOR                      ; 1;DIRECTOR GENERAL              ;1109;A7   DIRECTOR GENERAL         ;AS00000000;JEFATURA DE GABINETE DE SECRETARIOS                                                                                     ;465;I.P.S. 14 SAC       ;    0;                    ;      0.00;        -661.96;    0; 1;1107;PLANTA PERMANENTE             ;
491131;GUTIERREZ FACUNDO MARCELO     ;  35317838;20353178386;21;JORNALIZADOS                  ;10;JORNALIZADO                   ;15;JORNALIZADO                   ;32;SERENO                        ;6710;J003   OFICIAL ALBANIL        ;AME0000005;RECONSTRUIR PREDIO MACIEL                                                                                               ;158;LICENCIA NO GOZADA  ;    0;                    ;      0.00;       22811.17; 1221; 1;9022;JORNALIZADO                   ;
491131;GUTIERREZ FACUNDO MARCELO     ;  35317838;20353178386;21;JORNALIZADOS                  ;10;JORNALIZADO                   ;15;JORNALIZADO                   ;32;SERENO                        ;6710;J003   OFICIAL ALBANIL        ;AME0000005;RECONSTRUIR PREDIO MACIEL                                                                                               ;390;SUELDO ANUAL COMPLEM;    0;                    ;      0.00;       32044.26; 1221; 1;9022;JORNALIZADO                   ;
491131;GUTIERREZ FACUNDO MARCELO     ;  35317838;20353178386;21;JORNALIZADOS                  ;10;JORNALIZADO                   ;15;JORNALIZADO                   ;32;SERENO                        ;6710;J003   OFICIAL ALBANIL        ;AME0000005;RECONSTRUIR PREDIO MACIEL                                                                                               ;463;OBRA SOCIAL SAC     ;    0;                    ;      0.00;        -961.33;    0; 1;9022;JORNALIZADO                   ;
491131;GUTIERREZ FACUNDO MARCELO     ;  35317838;20353178386;21;JORNALIZADOS                  ;10;JORNALIZADO                   ;15;JORNALIZADO                   ;32;SERENO                        ;6710;J003   OFICIAL ALBANIL        ;AME0000005;RECONSTRUIR PREDIO MACIEL                                                                                               ;465;I.P.S. 14 SAC       ;    0;                    ;      0.00;       -4486.20;    0; 1;9022;JORNALIZADO                   ;
492361;SOSA GUSTAVO EMMANUEL         ;  31912146;20319121464;21;JORNALIZADOS                  ;10;DESVINCULADO                  ;18;JORNALIZADO                   ;32;PEON                          ;   9;J001   AYUDANTE ALBANIL       ;AME0000007;PREDIO CAEM RECONSTRUIR                                                                                                 ;100;JORNAL              ;    0;                    ;      0.00;       21862.20; 1121; 1;9020;JORNALIZADO                   ;
492361;SOSA GUSTAVO EMMANUEL         ;  31912146;20319121464;21;JORNALIZADOS                  ;10;DESVINCULADO                  ;18;JORNALIZADO                   ;32;PEON                          ;   9;J001   AYUDANTE ALBANIL       ;AME0000007;PREDIO CAEM RECONSTRUIR                                                                                                 ;158;LICENCIA NO GOZADA  ;    0;                    ;      0.00;       13576.45; 1221; 1;9020;JORNALIZADO                   ;
492361;SOSA GUSTAVO EMMANUEL         ;  31912146;20319121464;21;JORNALIZADOS                  ;10;DESVINCULADO                  ;18;JORNALIZADO                   ;32;PEON                          ;   9;J001   AYUDANTE ALBANIL       ;AME0000007;PREDIO CAEM RECONSTRUIR                                                                                                 ;329;BON.JORNADA PROLONG.;    0;                    ;      0.00;        7301.97; 1121; 1;9020;JORNALIZADO                   ;
492361;SOSA GUSTAVO EMMANUEL         ;  31912146;20319121464;21;JORNALIZADOS                  ;10;DESVINCULADO                  ;18;JORNALIZADO                   ;32;PEON                          ;   9;J001   AYUDANTE ALBANIL       ;AME0000007;PREDIO CAEM RECONSTRUIR                                                                                                 ;377;ASIG.POR HIJO       ;    0;                    ;      0.00;       20252.00; 1121; 1;9020;JORNALIZADO                   ;
492361;SOSA GUSTAVO EMMANUEL         ;  31912146;20319121464;21;JORNALIZADOS                  ;10;DESVINCULADO                  ;18;JORNALIZADO                   ;32;PEON                          ;   9;J001   AYUDANTE ALBANIL       ;AME0000007;PREDIO CAEM RECONSTRUIR                                                                                                 ;390;SUELDO ANUAL COMPLEM;    0;                    ;      0.00;       21269.77; 1221; 1;9020;JORNALIZADO                   ;
492361;SOSA GUSTAVO EMMANUEL         ;  31912146;20319121464;21;JORNALIZADOS                  ;10;DESVINCULADO                  ;18;JORNALIZADO                   ;32;PEON                          ;   9;J001   AYUDANTE ALBANIL       ;AME0000007;PREDIO CAEM RECONSTRUIR                                                                                                 ;410;COMP.ADIC.POR HIJO  ;    0;                    ;      0.00;       20252.00; 1121; 1;9020;JORNALIZADO                   ;
492361;SOSA GUSTAVO EMMANUEL         ;  31912146;20319121464;21;JORNALIZADOS                  ;10;DESVINCULADO                  ;18;JORNALIZADO                   ;32;PEON                          ;   9;J001   AYUDANTE ALBANIL       ;AME0000007;PREDIO CAEM RECONSTRUIR                                                                                                 ;440;I.P.S. 14           ;    0;                    ;      0.00;       -4082.98;    0; 1;9020;JORNALIZADO                   ;
492361;SOSA GUSTAVO EMMANUEL         ;  31912146;20319121464;21;JORNALIZADOS                  ;10;DESVINCULADO                  ;18;JORNALIZADO                   ;32;PEON                          ;   9;J001   AYUDANTE ALBANIL       ;AME0000007;PREDIO CAEM RECONSTRUIR                                                                                                 ;441;OBRA SOCIAL         ;    0;                    ;      0.00;        -874.93;    0; 1;9020;JORNALIZADO                   ;
492361;SOSA GUSTAVO EMMANUEL         ;  31912146;20319121464;21;JORNALIZADOS                  ;10;DESVINCULADO                  ;18;JORNALIZADO                   ;32;PEON                          ;   9;J001   AYUDANTE ALBANIL       ;AME0000007;PREDIO CAEM RECONSTRUIR                                                                                                 ;463;OBRA SOCIAL SAC     ;    0;                    ;      0.00;        -638.09;    0; 1;9020;JORNALIZADO                   ;
492361;SOSA GUSTAVO EMMANUEL         ;  31912146;20319121464;21;JORNALIZADOS                  ;10;DESVINCULADO                  ;18;JORNALIZADO                   ;32;PEON                          ;   9;J001   AYUDANTE ALBANIL       ;AME0000007;PREDIO CAEM RECONSTRUIR                                                                                                 ;465;I.P.S. 14 SAC       ;    0;                    ;      0.00;       -2977.77;    0; 1;9020;JORNALIZADO                   ;
493061;MOYA MARCELO JAVIER           ;  31697039;20316970398;21;JORNALIZADOS                  ;10;JORNALIZADO                   ;15;JORNALIZADO                   ;32;PEON                          ;   9;J003   OFICIAL ALBANIL        ;AME0000008;PREDIO VILLA AZUL RECONSTRUIR                                                                                           ;158;LICENCIA NO GOZADA  ;    0;                    ;      0.00;       21000.86; 1221; 1;9022;JORNALIZADO                   ;
493061;MOYA MARCELO JAVIER           ;  31697039;20316970398;21;JORNALIZADOS                  ;10;JORNALIZADO                   ;15;JORNALIZADO                   ;32;PEON                          ;   9;J003   OFICIAL ALBANIL        ;AME0000008;PREDIO VILLA AZUL RECONSTRUIR                                                                                           ;390;SUELDO ANUAL COMPLEM;    0;                    ;      0.00;       34418.07; 1221; 1;9022;JORNALIZADO                   ;
493061;MOYA MARCELO JAVIER           ;  31697039;20316970398;21;JORNALIZADOS                  ;10;JORNALIZADO                   ;15;JORNALIZADO                   ;32;PEON                          ;   9;J003   OFICIAL ALBANIL        ;AME0000008;PREDIO VILLA AZUL RECONSTRUIR                                                                                           ;463;OBRA SOCIAL SAC     ;    0;                    ;      0.00;       -1032.54;    0; 1;9022;JORNALIZADO                   ;
493061;MOYA MARCELO JAVIER           ;  31697039;20316970398;21;JORNALIZADOS                  ;10;JORNALIZADO                   ;15;JORNALIZADO                   ;32;PEON                          ;   9;J003   OFICIAL ALBANIL        ;AME0000008;PREDIO VILLA AZUL RECONSTRUIR                                                                                           ;465;I.P.S. 14 SAC       ;    0;                    ;      0.00;       -4818.53;    0; 1;9022;JORNALIZADO                   ;
495711;GOMEZ WALTER ADRIAN           ;  33422338;20334223389;21;JORNALIZADOS                  ;10;DESVINCULADO                  ;18;JORNALIZADO                   ;32;ALBANIL                       ;3602;J001   AYUDANTE ALBANIL       ;AME0000009;RECONSTRUIR - PREDIO GENOVA                                                                                             ;158;LICENCIA NO GOZADA  ;    0;                    ;      0.00;        2916.41; 1221; 1;9020;JORNALIZADO                   ;
495711;GOMEZ WALTER ADRIAN           ;  33422338;20334223389;21;JORNALIZADOS                  ;10;DESVINCULADO                  ;18;JORNALIZADO                   ;32;ALBANIL                       ;3602;J001   AYUDANTE ALBANIL       ;AME0000009;RECONSTRUIR - PREDIO GENOVA                                                                                             ;390;SUELDO ANUAL COMPLEM;    0;                    ;      0.00;       29407.20; 1221; 1;9020;JORNALIZADO                   ;
495711;GOMEZ WALTER ADRIAN           ;  33422338;20334223389;21;JORNALIZADOS                  ;10;DESVINCULADO                  ;18;JORNALIZADO                   ;32;ALBANIL                       ;3602;J001   AYUDANTE ALBANIL       ;AME0000009;RECONSTRUIR - PREDIO GENOVA                                                                                             ;463;OBRA SOCIAL SAC     ;    0;                    ;      0.00;        -882.22;    0; 1;9020;JORNALIZADO                   ;
495711;GOMEZ WALTER ADRIAN           ;  33422338;20334223389;21;JORNALIZADOS                  ;10;DESVINCULADO                  ;18;JORNALIZADO                   ;32;ALBANIL                       ;3602;J001   AYUDANTE ALBANIL       ;AME0000009;RECONSTRUIR - PREDIO GENOVA                                                                                             ;465;I.P.S. 14 SAC       ;    0;                    ;      0.00;       -4117.01;    0; 1;9020;JORNALIZADO                   ;
495811;MEDINA ARIEL SERGIO           ;  34339664;20343396644; 6;MENSUALIZADOS                 ; 6;MENSUALIZADO                  ;11;PERSONAL MENSUALIZADO         ;40;PEON INGRESANTE               ;9601;MO01   OBR/SERV I             ;AMB0000000;SUBSECRETARIA DE OBRAS PUBLICAS                                                                                         ;101;SUELDO BASICO       ;    0;                    ;      0.00;       25212.23; 1221; 1;6001;MENSUALIZADOS                 ;
495811;MEDINA ARIEL SERGIO           ;  34339664;20343396644; 6;MENSUALIZADOS                 ; 6;MENSUALIZADO                  ;11;PERSONAL MENSUALIZADO         ;40;PEON INGRESANTE               ;9601;MO01   OBR/SERV I             ;AMB0000000;SUBSECRETARIA DE OBRAS PUBLICAS                                                                                         ;159;BONIFIC. RETRIBUTIVA;    0;                    ;      0.00;       24544.81; 1221; 1;6001;MENSUALIZADOS                 ;
495811;MEDINA ARIEL SERGIO           ;  34339664;20343396644; 6;MENSUALIZADOS                 ; 6;MENSUALIZADO                  ;11;PERSONAL MENSUALIZADO         ;40;PEON INGRESANTE               ;9601;MO01   OBR/SERV I             ;AMB0000000;SUBSECRETARIA DE OBRAS PUBLICAS                                                                                         ;390;SUELDO ANUAL COMPLEM;    0;                    ;      0.00;        4146.42; 1221; 1;6001;MENSUALIZADOS                 ;
495811;MEDINA ARIEL SERGIO           ;  34339664;20343396644; 6;MENSUALIZADOS                 ; 6;MENSUALIZADO                  ;11;PERSONAL MENSUALIZADO         ;40;PEON INGRESANTE               ;9601;MO01   OBR/SERV I             ;AMB0000000;SUBSECRETARIA DE OBRAS PUBLICAS                                                                                         ;440;I.P.S. 14           ;    0;                    ;      0.00;       -6965.99;    0; 1;6001;MENSUALIZADOS                 ;
495811;MEDINA ARIEL SERGIO           ;  34339664;20343396644; 6;MENSUALIZADOS                 ; 6;MENSUALIZADO                  ;11;PERSONAL MENSUALIZADO         ;40;PEON INGRESANTE               ;9601;MO01   OBR/SERV I             ;AMB0000000;SUBSECRETARIA DE OBRAS PUBLICAS                                                                                         ;441;OBRA SOCIAL         ;    0;                    ;      0.00;       -1492.71;    0; 1;6001;MENSUALIZADOS                 ;
495811;MEDINA ARIEL SERGIO           ;  34339664;20343396644; 6;MENSUALIZADOS                 ; 6;MENSUALIZADO                  ;11;PERSONAL MENSUALIZADO         ;40;PEON INGRESANTE               ;9601;MO01   OBR/SERV I             ;AMB0000000;SUBSECRETARIA DE OBRAS PUBLICAS                                                                                         ;463;OBRA SOCIAL SAC     ;    0;                    ;      0.00;        -124.39;    0; 1;6001;MENSUALIZADOS                 ;
495811;MEDINA ARIEL SERGIO           ;  34339664;20343396644; 6;MENSUALIZADOS                 ; 6;MENSUALIZADO                  ;11;PERSONAL MENSUALIZADO         ;40;PEON INGRESANTE               ;9601;MO01   OBR/SERV I             ;AMB0000000;SUBSECRETARIA DE OBRAS PUBLICAS                                                                                         ;465;I.P.S. 14 SAC       ;    0;                    ;      0.00;        -580.50;    0; 1;6001;MENSUALIZADOS                 ;
