LEGAJO;NOMBRE Y APELLIDO;DOCUMENTO;CUIL;GRUPO LIQUIDACION;DESCRIPCION GRUPO LIQUIDACION;CODIGO TIPO DE PLANTA;DESCRIPCION TIPO DE PLANTA;CODIGO TIPO DE PUESTO;DESCRIPCION TIPO DE PUESTO;CODIGO GRUPO PERSONAL;DESCRIPCION GRUPO PERSONAL;CODIGO DE FUNCION;DESCRIPCION FUNCION;CODEP;DESCRIPCION CODEP;CODIGO DE CONCEPTO;DESCRIPCION DE CONCEPTO;CODIGO DE ENTIDAD;DESCRIPCION DE ENTIDAD;UNIDADES;IMPORTE;ANO-MES RETROACTIVO;ESCALAFON;CATEGORIA;DESCRIPCION;
129582;CATAFFO CARLOS ALBERTO        ;  10633811;20106338117;11;PERSONAL SUPERIOR CAT A8-A0   ; 1;EFECTIVO                      ; 1;SUPERIOR                      ; 1;JUECES                        ;1204;A3   CONTADOR/JUEZ FALTAS     ;AR00000001;TRIBUNAL DE FALTAS                                                                                                      ;101;SUELDO BASICO       ;    0;                    ;      0.00;       99602.10;    0; 1;1103;PLANTA PERMANENTE             ;
129582;CATAFFO CARLOS ALBERTO        ;  10633811;20106338117;11;PERSONAL SUPERIOR CAT A8-A0   ; 1;EFECTIVO                      ; 1;SUPERIOR                      ; 1;JUECES                        ;1204;A3   CONTADOR/JUEZ FALTAS     ;AR00000001;TRIBUNAL DE FALTAS                                                                                                      ;104;ANTIGUEDAD          ;    0;                    ;      0.00;      140438.96;    0; 1;1103;PLANTA PERMANENTE             ;
129582;CATAFFO CARLOS ALBERTO        ;  10633811;20106338117;11;PERSONAL SUPERIOR CAT A8-A0   ; 1;EFECTIVO                      ; 1;SUPERIOR                      ; 1;JUECES                        ;1204;A3   CONTADOR/JUEZ FALTAS     ;AR00000001;TRIBUNAL DE FALTAS                                                                                                      ;108;FUNCION JERARQUICA  ;    0;                    ;      0.00;       49801.05;    0; 1;1103;PLANTA PERMANENTE             ;
129582;CATAFFO CARLOS ALBERTO        ;  10633811;20106338117;11;PERSONAL SUPERIOR CAT A8-A0   ; 1;EFECTIVO                      ; 1;SUPERIOR                      ; 1;JUECES                        ;1204;A3   CONTADOR/JUEZ FALTAS     ;AR00000001;TRIBUNAL DE FALTAS                                                                                                      ;143;BONIFICACION RETRIB ;    0;                    ;      0.00;       19655.47;    0; 1;1103;PLANTA PERMANENTE             ;
129582;CATAFFO CARLOS ALBERTO        ;  10633811;20106338117;11;PERSONAL SUPERIOR CAT A8-A0   ; 1;EFECTIVO                      ; 1;SUPERIOR                      ; 1;JUECES                        ;1204;A3   CONTADOR/JUEZ FALTAS     ;AR00000001;TRIBUNAL DE FALTAS                                                                                                      ;148;BON.RET.NO.BONIF    ;    0;                    ;      0.00;        6480.40;    0; 1;1103;PLANTA PERMANENTE             ;
129582;CATAFFO CARLOS ALBERTO        ;  10633811;20106338117;11;PERSONAL SUPERIOR CAT A8-A0   ; 1;EFECTIVO                      ; 1;SUPERIOR                      ; 1;JUECES                        ;1204;A3   CONTADOR/JUEZ FALTAS     ;AR00000001;TRIBUNAL DE FALTAS                                                                                                      ;154;TITULO UNIVERSITARIO;    0;                    ;      0.00;       12813.20;    0; 1;1103;PLANTA PERMANENTE             ;
129582;CATAFFO CARLOS ALBERTO        ;  10633811;20106338117;11;PERSONAL SUPERIOR CAT A8-A0   ; 1;EFECTIVO                      ; 1;SUPERIOR                      ; 1;JUECES                        ;1204;A3   CONTADOR/JUEZ FALTAS     ;AR00000001;TRIBUNAL DE FALTAS                                                                                                      ;400;AMEPORT AFIL.       ;    0;                    ;      0.00;        -590.00;    0; 1;1103;PLANTA PERMANENTE             ;
129582;CATAFFO CARLOS ALBERTO        ;  10633811;20106338117;11;PERSONAL SUPERIOR CAT A8-A0   ; 1;EFECTIVO                      ; 1;SUPERIOR                      ; 1;JUECES                        ;1204;A3   CONTADOR/JUEZ FALTAS     ;AR00000001;TRIBUNAL DE FALTAS                                                                                                      ;440;I.P.S. 14           ;    0;                    ;      0.00;      -46030.77;    0; 1;1103;PLANTA PERMANENTE             ;
129582;CATAFFO CARLOS ALBERTO        ;  10633811;20106338117;11;PERSONAL SUPERIOR CAT A8-A0   ; 1;EFECTIVO                      ; 1;SUPERIOR                      ; 1;JUECES                        ;1204;A3   CONTADOR/JUEZ FALTAS     ;AR00000001;TRIBUNAL DE FALTAS                                                                                                      ;441;OBRA SOCIAL         ;    0;                    ;      0.00;       -9863.74;    0; 1;1103;PLANTA PERMANENTE             ;
129582;CATAFFO CARLOS ALBERTO        ;  10633811;20106338117;11;PERSONAL SUPERIOR CAT A8-A0   ; 1;EFECTIVO                      ; 1;SUPERIOR                      ; 1;JUECES                        ;1204;A3   CONTADOR/JUEZ FALTAS     ;AR00000001;TRIBUNAL DE FALTAS                                                                                                      ;443;CUOTA S.T.M.A.      ;    0;                    ;      0.00;       -9863.74;    0; 1;1103;PLANTA PERMANENTE             ;
185402;PRESTIA FABIAN HUMBERTO       ;  17030943;20170309430; 1;PLANTA PERMANENTE CAT 11-18   ; 1;EFECTIVO                      ; 1;SUPERIOR                      ; 1;SECRETARIOS LETRADOS          ;1207;A8   DIRECTOR                 ;AR00000001;TRIBUNAL DE FALTAS                                                                                                      ;101;SUELDO BASICO       ;    0;                    ;      0.00;       60867.95;    0; 1;1108;PLANTA PERMANENTE             ;
185402;PRESTIA FABIAN HUMBERTO       ;  17030943;20170309430; 1;PLANTA PERMANENTE CAT 11-18   ; 1;EFECTIVO                      ; 1;SUPERIOR                      ; 1;SECRETARIOS LETRADOS          ;1207;A8   DIRECTOR                 ;AR00000001;TRIBUNAL DE FALTAS                                                                                                      ;104;ANTIGUEDAD          ;    0;                    ;      0.00;       44433.60;    0; 1;1108;PLANTA PERMANENTE             ;
185402;PRESTIA FABIAN HUMBERTO       ;  17030943;20170309430; 1;PLANTA PERMANENTE CAT 11-18   ; 1;EFECTIVO                      ; 1;SUPERIOR                      ; 1;SECRETARIOS LETRADOS          ;1207;A8   DIRECTOR                 ;AR00000001;TRIBUNAL DE FALTAS                                                                                                      ;108;FUNCION JERARQUICA  ;    0;                    ;      0.00;       30433.98;    0; 1;1108;PLANTA PERMANENTE             ;
185402;PRESTIA FABIAN HUMBERTO       ;  17030943;20170309430; 1;PLANTA PERMANENTE CAT 11-18   ; 1;EFECTIVO                      ; 1;SUPERIOR                      ; 1;SECRETARIOS LETRADOS          ;1207;A8   DIRECTOR                 ;AR00000001;TRIBUNAL DE FALTAS                                                                                                      ;143;BONIFICACION RETRIB ;    0;                    ;      0.00;       19655.47;    0; 1;1108;PLANTA PERMANENTE             ;
185402;PRESTIA FABIAN HUMBERTO       ;  17030943;20170309430; 1;PLANTA PERMANENTE CAT 11-18   ; 1;EFECTIVO                      ; 1;SUPERIOR                      ; 1;SECRETARIOS LETRADOS          ;1207;A8   DIRECTOR                 ;AR00000001;TRIBUNAL DE FALTAS                                                                                                      ;154;TITULO UNIVERSITARIO;    0;                    ;      0.00;       12813.20;    0; 1;1108;PLANTA PERMANENTE             ;
185402;PRESTIA FABIAN HUMBERTO       ;  17030943;20170309430; 1;PLANTA PERMANENTE CAT 11-18   ; 1;EFECTIVO                      ; 1;SUPERIOR                      ; 1;SECRETARIOS LETRADOS          ;1207;A8   DIRECTOR                 ;AR00000001;TRIBUNAL DE FALTAS                                                                                                      ;440;I.P.S. 14           ;    0;                    ;      0.00;      -23548.59;    0; 1;1108;PLANTA PERMANENTE             ;
185402;PRESTIA FABIAN HUMBERTO       ;  17030943;20170309430; 1;PLANTA PERMANENTE CAT 11-18   ; 1;EFECTIVO                      ; 1;SUPERIOR                      ; 1;SECRETARIOS LETRADOS          ;1207;A8   DIRECTOR                 ;AR00000001;TRIBUNAL DE FALTAS                                                                                                      ;441;OBRA SOCIAL         ;    0;                    ;      0.00;       -5046.12;    0; 1;1108;PLANTA PERMANENTE             ;
185402;PRESTIA FABIAN HUMBERTO       ;  17030943;20170309430; 1;PLANTA PERMANENTE CAT 11-18   ; 1;EFECTIVO                      ; 1;SUPERIOR                      ; 1;SECRETARIOS LETRADOS          ;1207;A8   DIRECTOR                 ;AR00000001;TRIBUNAL DE FALTAS                                                                                                      ;980;IMP. A LAS GANANCIAS;    0;                    ;      0.00;      -47484.07;    0; 1;1108;PLANTA PERMANENTE             ;
192241;MARCHESE MONICA LEONOR        ;  13432682;23134326824; 1;PLANTA PERMANENTE CAT 11-18   ; 1;EFECTIVO                      ; 1;SUPERIOR                      ; 1;JUECES                        ;1204;A3   CONTADOR/JUEZ FALTAS     ;AR00000001;TRIBUNAL DE FALTAS                                                                                                      ;101;SUELDO BASICO       ;    0;                    ;      0.00;       99602.10;    0; 1;1103;PLANTA PERMANENTE             ;
192241;MARCHESE MONICA LEONOR        ;  13432682;23134326824; 1;PLANTA PERMANENTE CAT 11-18   ; 1;EFECTIVO                      ; 1;SUPERIOR                      ; 1;JUECES                        ;1204;A3   CONTADOR/JUEZ FALTAS     ;AR00000001;TRIBUNAL DE FALTAS                                                                                                      ;104;ANTIGUEDAD          ;    0;                    ;      0.00;       64741.37;    0; 1;1103;PLANTA PERMANENTE             ;
192241;MARCHESE MONICA LEONOR        ;  13432682;23134326824; 1;PLANTA PERMANENTE CAT 11-18   ; 1;EFECTIVO                      ; 1;SUPERIOR                      ; 1;JUECES                        ;1204;A3   CONTADOR/JUEZ FALTAS     ;AR00000001;TRIBUNAL DE FALTAS                                                                                                      ;108;FUNCION JERARQUICA  ;    0;                    ;      0.00;       49801.05;    0; 1;1103;PLANTA PERMANENTE             ;
192241;MARCHESE MONICA LEONOR        ;  13432682;23134326824; 1;PLANTA PERMANENTE CAT 11-18   ; 1;EFECTIVO                      ; 1;SUPERIOR                      ; 1;JUECES                        ;1204;A3   CONTADOR/JUEZ FALTAS     ;AR00000001;TRIBUNAL DE FALTAS                                                                                                      ;143;BONIFICACION RETRIB ;    0;                    ;      0.00;       19655.47;    0; 1;1103;PLANTA PERMANENTE             ;
192241;MARCHESE MONICA LEONOR        ;  13432682;23134326824; 1;PLANTA PERMANENTE CAT 11-18   ; 1;EFECTIVO                      ; 1;SUPERIOR                      ; 1;JUECES                        ;1204;A3   CONTADOR/JUEZ FALTAS     ;AR00000001;TRIBUNAL DE FALTAS                                                                                                      ;148;BON.RET.NO.BONIF    ;    0;                    ;      0.00;        3430.80;    0; 1;1103;PLANTA PERMANENTE             ;
192241;MARCHESE MONICA LEONOR        ;  13432682;23134326824; 1;PLANTA PERMANENTE CAT 11-18   ; 1;EFECTIVO                      ; 1;SUPERIOR                      ; 1;JUECES                        ;1204;A3   CONTADOR/JUEZ FALTAS     ;AR00000001;TRIBUNAL DE FALTAS                                                                                                      ;154;TITULO UNIVERSITARIO;    0;                    ;      0.00;       12813.20;    0; 1;1103;PLANTA PERMANENTE             ;
192241;MARCHESE MONICA LEONOR        ;  13432682;23134326824; 1;PLANTA PERMANENTE CAT 11-18   ; 1;EFECTIVO                      ; 1;SUPERIOR                      ; 1;JUECES                        ;1204;A3   CONTADOR/JUEZ FALTAS     ;AR00000001;TRIBUNAL DE FALTAS                                                                                                      ;440;I.P.S. 14           ;    0;                    ;      0.00;      -35006.16;    0; 1;1103;PLANTA PERMANENTE             ;
192241;MARCHESE MONICA LEONOR        ;  13432682;23134326824; 1;PLANTA PERMANENTE CAT 11-18   ; 1;EFECTIVO                      ; 1;SUPERIOR                      ; 1;JUECES                        ;1204;A3   CONTADOR/JUEZ FALTAS     ;AR00000001;TRIBUNAL DE FALTAS                                                                                                      ;441;OBRA SOCIAL         ;    0;                    ;      0.00;       -7501.32;    0; 1;1103;PLANTA PERMANENTE             ;
198041;RODRIGUEZ ALEJANDRO DIMAS     ;  14070283;20140702839; 1;PLANTA PERMANENTE CAT 11-18   ; 1;EFECTIVO                      ; 1;SUPERIOR                      ; 1;JUECES                        ;1204;A3   CONTADOR/JUEZ FALTAS     ;AR00000001;TRIBUNAL DE FALTAS                                                                                                      ;101;SUELDO BASICO       ;    0;                    ;      0.00;       99602.10;    0; 1;1103;PLANTA PERMANENTE             ;
198041;RODRIGUEZ ALEJANDRO DIMAS     ;  14070283;20140702839; 1;PLANTA PERMANENTE CAT 11-18   ; 1;EFECTIVO                      ; 1;SUPERIOR                      ; 1;JUECES                        ;1204;A3   CONTADOR/JUEZ FALTAS     ;AR00000001;TRIBUNAL DE FALTAS                                                                                                      ;104;ANTIGUEDAD          ;    0;                    ;      0.00;       63745.34;    0; 1;1103;PLANTA PERMANENTE             ;
198041;RODRIGUEZ ALEJANDRO DIMAS     ;  14070283;20140702839; 1;PLANTA PERMANENTE CAT 11-18   ; 1;EFECTIVO                      ; 1;SUPERIOR                      ; 1;JUECES                        ;1204;A3   CONTADOR/JUEZ FALTAS     ;AR00000001;TRIBUNAL DE FALTAS                                                                                                      ;108;FUNCION JERARQUICA  ;    0;                    ;      0.00;       49801.05;    0; 1;1103;PLANTA PERMANENTE             ;
198041;RODRIGUEZ ALEJANDRO DIMAS     ;  14070283;20140702839; 1;PLANTA PERMANENTE CAT 11-18   ; 1;EFECTIVO                      ; 1;SUPERIOR                      ; 1;JUECES                        ;1204;A3   CONTADOR/JUEZ FALTAS     ;AR00000001;TRIBUNAL DE FALTAS                                                                                                      ;143;BONIFICACION RETRIB ;    0;                    ;      0.00;       19655.47;    0; 1;1103;PLANTA PERMANENTE             ;
198041;RODRIGUEZ ALEJANDRO DIMAS     ;  14070283;20140702839; 1;PLANTA PERMANENTE CAT 11-18   ; 1;EFECTIVO                      ; 1;SUPERIOR                      ; 1;JUECES                        ;1204;A3   CONTADOR/JUEZ FALTAS     ;AR00000001;TRIBUNAL DE FALTAS                                                                                                      ;154;TITULO UNIVERSITARIO;    0;                    ;      0.00;       12813.20;    0; 1;1103;PLANTA PERMANENTE             ;
198041;RODRIGUEZ ALEJANDRO DIMAS     ;  14070283;20140702839; 1;PLANTA PERMANENTE CAT 11-18   ; 1;EFECTIVO                      ; 1;SUPERIOR                      ; 1;JUECES                        ;1204;A3   CONTADOR/JUEZ FALTAS     ;AR00000001;TRIBUNAL DE FALTAS                                                                                                      ;440;I.P.S. 14           ;    0;                    ;      0.00;      -34386.40;    0; 1;1103;PLANTA PERMANENTE             ;
198041;RODRIGUEZ ALEJANDRO DIMAS     ;  14070283;20140702839; 1;PLANTA PERMANENTE CAT 11-18   ; 1;EFECTIVO                      ; 1;SUPERIOR                      ; 1;JUECES                        ;1204;A3   CONTADOR/JUEZ FALTAS     ;AR00000001;TRIBUNAL DE FALTAS                                                                                                      ;441;OBRA SOCIAL         ;    0;                    ;      0.00;       -7368.52;    0; 1;1103;PLANTA PERMANENTE             ;
421681;GIMENEZ LUCAS GABRIEL         ;  17391991;20173919914;11;PERSONAL SUPERIOR CAT A8-A0   ; 1;EFECTIVO                      ; 1;SUPERIOR                      ; 1;SECRETARIO                    ;1102;A1  SECRETARIO                ;AA00000000;SECRETARIA DE PRODUCCION COMERCIO Y AMBIENTE                                                                            ;101;SUELDO BASICO       ;    0;                    ;      0.00;      110669.00;    0; 1;1101;PLANTA PERMANENTE             ;
421681;GIMENEZ LUCAS GABRIEL         ;  17391991;20173919914;11;PERSONAL SUPERIOR CAT A8-A0   ; 1;EFECTIVO                      ; 1;SUPERIOR                      ; 1;SECRETARIO                    ;1102;A1  SECRETARIO                ;AA00000000;SECRETARIA DE PRODUCCION COMERCIO Y AMBIENTE                                                                            ;104;ANTIGUEDAD          ;    0;                    ;      0.00;       59761.26;    0; 1;1101;PLANTA PERMANENTE             ;
421681;GIMENEZ LUCAS GABRIEL         ;  17391991;20173919914;11;PERSONAL SUPERIOR CAT A8-A0   ; 1;EFECTIVO                      ; 1;SUPERIOR                      ; 1;SECRETARIO                    ;1102;A1  SECRETARIO                ;AA00000000;SECRETARIA DE PRODUCCION COMERCIO Y AMBIENTE                                                                            ;115;BONIF.COMPUTACION   ;    0;                    ;      0.00;      166003.50;    0; 1;1101;PLANTA PERMANENTE             ;
421681;GIMENEZ LUCAS GABRIEL         ;  17391991;20173919914;11;PERSONAL SUPERIOR CAT A8-A0   ; 1;EFECTIVO                      ; 1;SUPERIOR                      ; 1;SECRETARIO                    ;1102;A1  SECRETARIO                ;AA00000000;SECRETARIA DE PRODUCCION COMERCIO Y AMBIENTE                                                                            ;143;BONIFICACION RETRIB ;    0;                    ;      0.00;       19655.47;    0; 1;1101;PLANTA PERMANENTE             ;
421681;GIMENEZ LUCAS GABRIEL         ;  17391991;20173919914;11;PERSONAL SUPERIOR CAT A8-A0   ; 1;EFECTIVO                      ; 1;SUPERIOR                      ; 1;SECRETARIO                    ;1102;A1  SECRETARIO                ;AA00000000;SECRETARIA DE PRODUCCION COMERCIO Y AMBIENTE                                                                            ;154;TITULO UNIVERSITARIO;    0;                    ;      0.00;       12813.20;    0; 1;1101;PLANTA PERMANENTE             ;
421681;GIMENEZ LUCAS GABRIEL         ;  17391991;20173919914;11;PERSONAL SUPERIOR CAT A8-A0   ; 1;EFECTIVO                      ; 1;SUPERIOR                      ; 1;SECRETARIO                    ;1102;A1  SECRETARIO                ;AA00000000;SECRETARIA DE PRODUCCION COMERCIO Y AMBIENTE                                                                            ;440;I.P.S. 14           ;    0;                    ;      0.00;      -51646.34;    0; 1;1101;PLANTA PERMANENTE             ;
421681;GIMENEZ LUCAS GABRIEL         ;  17391991;20173919914;11;PERSONAL SUPERIOR CAT A8-A0   ; 1;EFECTIVO                      ; 1;SUPERIOR                      ; 1;SECRETARIO                    ;1102;A1  SECRETARIO                ;AA00000000;SECRETARIA DE PRODUCCION COMERCIO Y AMBIENTE                                                                            ;441;OBRA SOCIAL         ;    0;                    ;      0.00;      -11067.07;    0; 1;1101;PLANTA PERMANENTE             ;
421681;GIMENEZ LUCAS GABRIEL         ;  17391991;20173919914;11;PERSONAL SUPERIOR CAT A8-A0   ; 1;EFECTIVO                      ; 1;SUPERIOR                      ; 1;SECRETARIO                    ;1102;A1  SECRETARIO                ;AA00000000;SECRETARIA DE PRODUCCION COMERCIO Y AMBIENTE                                                                            ;980;IMP. A LAS GANANCIAS;    0;                    ;      0.00;      -54042.31;    0; 1;1101;PLANTA PERMANENTE             ;
