LEGAJO;NOMBRE Y APELLIDO;DOCUMENTO;CUIL;GRUPO LIQUIDACION;DESCRIPCION GRUPO LIQUIDACION;CODIGO TIPO DE PLANTA;DESCRIPCION TIPO DE PLANTA;CODIGO TIPO DE PUESTO;DESCRIPCION TIPO DE PUESTO;CODIGO GRUPO PERSONAL;DESCRIPCION GRUPO PERSONAL;CODIGO DE FUNCION;DESCRIPCION FUNCION;CODEP;DESCRIPCION CODEP;CODIGO DE CONCEPTO;DESCRIPCION DE CONCEPTO;CODIGO DE ENTIDAD;DESCRIPCION DE ENTIDAD;UNIDADES;IMPORTE;ANO-MES RETROACTIVO;ESCALAFON;CATEGORIA;DESCRIPCION;
    21;TORRES JUAN DOMINGO           ;   8309456;20083094568; 3;PRE-JUBILADO                  ; 3;PRE-JUBILADO                  ; 6;PERSONAL MERCADO              ;99;ADMINISTRATIVO                ;   2;1    PERSONAL MERCADO         ;AB0A0A0000;SUBDIRECCION DE PREVISION SOCIAL                                                                                        ;158;LICENCIA NO GOZADA  ;    0;                    ;      0.00;      178981.40;  122; 1;0001;PRE-JUBILADO                  ;
141571;FERNANDEZ OSCAR ROBERTO       ;  12096153;20120961536; 3;PRE-JUBILADO                  ; 3;PRE-JUBILADO                  ; 6;INSPECCION                    ; 9;INSPECTOR DE OBRAS            ;2903;11   INSPECTOR CAT.11         ;AB0A0A0000;SUBDIRECCION DE PREVISION SOCIAL                                                                                        ;182;ANT.PRE-JUBILATORIO ;    0;                    ;      0.00;      104259.53;  122; 1;1911;PRE-JUBILADO                  ;
144243;VERA ALICIA                   ;  14071584;27140715846; 3;PRE-JUBILADO                  ; 3;PRE-JUBILADO                  ; 6;JERARQUICO                    ; 2;SUBDIRECTOR-A                 ;1201;J2   SUBDIRECTOR              ;AB0A0A0000;SUBDIRECCION DE PREVISION SOCIAL                                                                                        ;182;ANT.PRE-JUBILATORIO ;    0;                    ;      0.00;       99910.03;  122; 1;1217;PRE-JUBILADO                  ;
148841;DIAZ NORMA ELISABETH          ;  14078883;27140788835; 3;PRE-JUBILADO                  ; 3;PRE-JUBILADO                  ; 6;PERSONAL DE LA SALUD          ;12;ENFERMERA/O                   ;4401;14B  ENFERMERO SUPERVISOR     ;AB0A0A0000;SUBDIRECCION DE PREVISION SOCIAL                                                                                        ;182;ANT.PRE-JUBILATORIO ;    0;                    ;      0.00;       62056.40;  122; 1;2414;PRE-JUBILADO                  ;
149262;MENDEZ MIRTA                  ;  14643982;27146439824; 3;PRE-JUBILADO                  ; 3;PRE-JUBILADO                  ; 6;JERARQUICO                    ; 2;JEFE-A DIVISION               ;1203;AJ2   SUBDIRECTOR S/FUNC.     ;AB0A0A0000;SUBDIRECCION DE PREVISION SOCIAL                                                                                        ;182;ANT.PRE-JUBILATORIO ;    0;                    ;      0.00;       87083.54;  122; 1;1817;PRE-JUBILADO                  ;
153912;SOSA PABLO HECTOR             ;  14040015;20140400158; 3;PRE-JUBILADO                  ; 3;PRE-JUBILADO                  ; 6;JERARQUICO                    ; 2;SUBDIRECTOR-A                 ;1201;J2   SUBDIRECTOR              ;AB0A0A0000;SUBDIRECCION DE PREVISION SOCIAL                                                                                        ;182;ANT.PRE-JUBILATORIO ;    0;                    ;      0.00;       77278.60;  122; 0;1217;PRE-JUBILADO                  ;
157952;DOURADO DANIEL                ;  14557468;20145574685; 3;PRE-JUBILADO                  ; 3;PRE-JUBILADO                  ; 6;JERARQUICO                    ; 2;SUBDIRECTOR-A                 ;1201;J2   SUBDIRECTOR              ;AB0A0A0000;SUBDIRECCION DE PREVISION SOCIAL                                                                                        ;182;ANT.PRE-JUBILATORIO ;    0;                    ;      0.00;      145662.20;  122; 1;1217;PRE-JUBILADO                  ;
158311;SAAVEDRA DORA HILDA           ;  14056589;27140565895; 3;PRE-JUBILADO                  ; 3;PRE-JUBILADO                  ; 6;ADMINISTRATIVO                ; 5;ADMINISTRATIVO                ;4501;12   ADMINISTRATIVO-CAT12     ;AB0A0A0000;SUBDIRECCION DE PREVISION SOCIAL                                                                                        ;182;ANT.PRE-JUBILATORIO ;    0;                    ;      0.00;       71351.87;  122; 1;1512;PRE-JUBILADO                  ;
158672;CAMPOS MIRTA HAYDEE           ;  16402693;27164026936; 3;PRE-JUBILADO                  ; 3;PRE-JUBILADO                  ; 6;ADMINISTRATIVO                ; 5;ADMINISTRATIVO                ;4501;12   ADMINISTRATIVO-CAT12     ;AB0A0A0000;SUBDIRECCION DE PREVISION SOCIAL                                                                                        ;182;ANT.PRE-JUBILATORIO ;    0;                    ;      0.00;       50483.87;  122; 0;1512;PRE-JUBILADO                  ;
161101;MENDIGUIBEL ELBA MABEL        ;  11222828;23112228284; 3;PRE-JUBILADO                  ; 3;PRE-JUBILADO                  ; 6;CARRERA MEDICA                ;39;OBSTETRA                      ;2310;53   MEDICO HOSP. A 36 HS     ;AB0A0A0000;SUBDIRECCION DE PREVISION SOCIAL                                                                                        ;182;ANT.PRE-JUBILATORIO ;    0;                    ;      0.00;      110394.02;  122; 1;2353;PRE-JUBILADO                  ;
162631;SEUBE RICARDO ALBERTO         ;  14425103;20144251033; 3;PRE-JUBILADO                  ; 3;PRE-JUBILADO                  ; 6;INSPECCION                    ; 9;ADMINISTRATIVO                ;4501;10   INSPECTOR CAT.10         ;AB0A0A0000;SUBDIRECCION DE PREVISION SOCIAL                                                                                        ;178;SEIS MENSUALIDADES  ;    0;                    ;      0.00;       19628.00;  122; 1;1910;PRE-JUBILADO                  ;
162631;SEUBE RICARDO ALBERTO         ;  14425103;20144251033; 3;PRE-JUBILADO                  ; 3;PRE-JUBILADO                  ; 6;INSPECCION                    ; 9;ADMINISTRATIVO                ;4501;10   INSPECTOR CAT.10         ;AB0A0A0000;SUBDIRECCION DE PREVISION SOCIAL                                                                                        ;182;ANT.PRE-JUBILATORIO ;    0;                    ;      0.00;       53532.25;  122; 1;1910;PRE-JUBILADO                  ;
163901;MARTINEZ NANCY ELSA           ;  12656506;27126565068; 3;PRE-JUBILADO                  ; 3;PRE-JUBILADO                  ; 6;CARRERA MEDICA                ;39;PEDIATRA                      ;9782;53   MEDICO HOSP. A 36 HS     ;AB0A0A0000;SUBDIRECCION DE PREVISION SOCIAL                                                                                        ;182;ANT.PRE-JUBILATORIO ;    0;                    ;      0.00;      150958.83;  122; 0;2353;PRE-JUBILADO                  ;
164191;MIRANDA MARIA RAMONA          ;  11694653;27116946535; 3;PRE-JUBILADO                  ; 3;PRE-JUBILADO                  ; 6;CARRERA MEDICA                ;39;MEDICO                        ;4156;52   MEDICO HOSP. A 24 HS     ;AB0A0A0000;SUBDIRECCION DE PREVISION SOCIAL                                                                                        ;182;ANT.PRE-JUBILATORIO ;    0;                    ;      0.00;      110099.96;  122; 1;2352;PRE-JUBILADO                  ;
164931;TAGLIA JOSEFINA MARIA         ;  13391714;23133917144; 3;PRE-JUBILADO                  ; 3;PRE-JUBILADO                  ; 6;CARRERA MEDICA                ;39;ODONTOLOGO-A                  ;9770;53   MEDICO HOSP. A 36 HS     ;AB0A0A0000;SUBDIRECCION DE PREVISION SOCIAL                                                                                        ;182;ANT.PRE-JUBILATORIO ;    0;                    ;      0.00;      151008.07;  122; 1;2353;PRE-JUBILADO                  ;
165001;ARIAS CRISTINA MIRTA          ;  14056972;27140569726; 3;PRE-JUBILADO                  ; 3;PRE-JUBILADO                  ; 6;CARRERA MEDICA                ;39;ODONTOLOGO-A                  ;9770;53   MEDICO HOSP. A 36 HS     ;AB0A0A0000;SUBDIRECCION DE PREVISION SOCIAL                                                                                        ;182;ANT.PRE-JUBILATORIO ;    0;                    ;      0.00;      167308.22;  122; 1;2353;PRE-JUBILADO                  ;
167001;GONZALEZ SILVIA BEATRIZ       ;  13368119;27133681197; 3;PRE-JUBILADO                  ; 3;PRE-JUBILADO                  ; 6;CARRERA MEDICA                ;39;PEDIATRA                      ;9782;53   MEDICO HOSP. A 36 HS     ;AB0A0A0000;SUBDIRECCION DE PREVISION SOCIAL                                                                                        ;158;LICENCIA NO GOZADA  ;    0;                    ;      0.00;      196959.98;  122; 1;2353;PRE-JUBILADO                  ;
167001;GONZALEZ SILVIA BEATRIZ       ;  13368119;27133681197; 3;PRE-JUBILADO                  ; 3;PRE-JUBILADO                  ; 6;CARRERA MEDICA                ;39;PEDIATRA                      ;9782;53   MEDICO HOSP. A 36 HS     ;AB0A0A0000;SUBDIRECCION DE PREVISION SOCIAL                                                                                        ;178;SEIS MENSUALIDADES  ;    0;                    ;      0.00;      380298.66;  122; 1;2353;PRE-JUBILADO                  ;
167001;GONZALEZ SILVIA BEATRIZ       ;  13368119;27133681197; 3;PRE-JUBILADO                  ; 3;PRE-JUBILADO                  ; 6;CARRERA MEDICA                ;39;PEDIATRA                      ;9782;53   MEDICO HOSP. A 36 HS     ;AB0A0A0000;SUBDIRECCION DE PREVISION SOCIAL                                                                                        ;182;ANT.PRE-JUBILATORIO ;    0;                    ;      0.00;      118175.99;  122; 1;2353;PRE-JUBILADO                  ;
167001;GONZALEZ SILVIA BEATRIZ       ;  13368119;27133681197; 3;PRE-JUBILADO                  ; 3;PRE-JUBILADO                  ; 6;CARRERA MEDICA                ;39;PEDIATRA                      ;9782;53   MEDICO HOSP. A 36 HS     ;AB0A0A0000;SUBDIRECCION DE PREVISION SOCIAL                                                                                        ;980;IMP. A LAS GANANCIAS;    0;                    ;      0.00;     -122297.52;    0; 1;2353;PRE-JUBILADO                  ;
167972;FOCARAZZO SILVANA             ;  13912273;27139122734; 3;PRE-JUBILADO                  ; 3;PRE-JUBILADO                  ; 6;JERARQUICO                    ; 2;JEFE-A DEPARTAMENTO           ;1202;AJ2   SUBDIRECTOR S/FUNC.     ;AB0A0A0000;SUBDIRECCION DE PREVISION SOCIAL                                                                                        ;182;ANT.PRE-JUBILATORIO ;    0;                    ;      0.00;       80981.33;  122; 1;1817;PRE-JUBILADO                  ;
168121;ACOSTA MARIA DEL CARMEN       ;  12487387;27124873873; 3;PRE-JUBILADO                  ; 3;PRE-JUBILADO                  ; 6;CARRERA MEDICA                ;39;ODONTOLOGO-A                  ;9770;52   MEDICO HOSP. A 24 HS     ;AB0A0A0000;SUBDIRECCION DE PREVISION SOCIAL                                                                                        ;182;ANT.PRE-JUBILATORIO ;    0;                    ;      0.00;      102631.26;  122; 1;2352;PRE-JUBILADO                  ;
170462;COSTA TERESITA                ;  14391704;27143917040; 3;PRE-JUBILADO                  ; 3;PRE-JUBILADO                  ; 6;JERARQUICO                    ; 2;JEFE-A DEPARTAMENTO           ;1202;AJ2   SUBDIRECTOR S/FUNC.     ;AB0A0A0000;SUBDIRECCION DE PREVISION SOCIAL                                                                                        ;182;ANT.PRE-JUBILATORIO ;    0;                    ;      0.00;      100394.62;  122; 1;1817;PRE-JUBILADO                  ;
170471;YOCCO ROSA DEL CARMEN         ;  12583268;27125832682; 3;PRE-JUBILADO                  ; 3;PRE-JUBILADO                  ; 6;PROFESIONAL                   ; 3;ABOGADO-A                     ;1301;13A   PROFESIONAL             ;AB0A0A0000;SUBDIRECCION DE PREVISION SOCIAL                                                                                        ;158;LICENCIA NO GOZADA  ;    0;                    ;      0.00;      118544.17;  122; 1;1313;PRE-JUBILADO                  ;
170471;YOCCO ROSA DEL CARMEN         ;  12583268;27125832682; 3;PRE-JUBILADO                  ; 3;PRE-JUBILADO                  ; 6;PROFESIONAL                   ; 3;ABOGADO-A                     ;1301;13A   PROFESIONAL             ;AB0A0A0000;SUBDIRECCION DE PREVISION SOCIAL                                                                                        ;178;SEIS MENSUALIDADES  ;    0;                    ;      0.00;      191628.00;  122; 1;1313;PRE-JUBILADO                  ;
170471;YOCCO ROSA DEL CARMEN         ;  12583268;27125832682; 3;PRE-JUBILADO                  ; 3;PRE-JUBILADO                  ; 6;PROFESIONAL                   ; 3;ABOGADO-A                     ;1301;13A   PROFESIONAL             ;AB0A0A0000;SUBDIRECCION DE PREVISION SOCIAL                                                                                        ;182;ANT.PRE-JUBILATORIO ;    0;                    ;      0.00;       60965.57;  122; 1;1313;PRE-JUBILADO                  ;
170471;YOCCO ROSA DEL CARMEN         ;  12583268;27125832682; 3;PRE-JUBILADO                  ; 3;PRE-JUBILADO                  ; 6;PROFESIONAL                   ; 3;ABOGADO-A                     ;1301;13A   PROFESIONAL             ;AB0A0A0000;SUBDIRECCION DE PREVISION SOCIAL                                                                                        ;387;DUPLO 25 A�OS       ;    0;                    ;      0.00;       91612.19; 1221; 1;1313;PRE-JUBILADO                  ;
170471;YOCCO ROSA DEL CARMEN         ;  12583268;27125832682; 3;PRE-JUBILADO                  ; 3;PRE-JUBILADO                  ; 6;PROFESIONAL                   ; 3;ABOGADO-A                     ;1301;13A   PROFESIONAL             ;AB0A0A0000;SUBDIRECCION DE PREVISION SOCIAL                                                                                        ;980;IMP. A LAS GANANCIAS;    0;                    ;      0.00;      -61303.41;    0; 1;1313;PRE-JUBILADO                  ;
170822;BALADO JUAN HORACIO           ;  11721474;20117214746; 3;PRE-JUBILADO                  ; 3;PRE-JUBILADO                  ; 6;JERARQUICO                    ; 2;SUBDIRECTOR-A                 ;1201;J2   SUBDIRECTOR              ;AB0A0A0000;SUBDIRECCION DE PREVISION SOCIAL                                                                                        ;158;LICENCIA NO GOZADA  ;    0;                    ;      0.00;      162120.27;  122; 1;1217;PRE-JUBILADO                  ;
170822;BALADO JUAN HORACIO           ;  11721474;20117214746; 3;PRE-JUBILADO                  ; 3;PRE-JUBILADO                  ; 6;JERARQUICO                    ; 2;SUBDIRECTOR-A                 ;1201;J2   SUBDIRECTOR              ;AB0A0A0000;SUBDIRECCION DE PREVISION SOCIAL                                                                                        ;178;SEIS MENSUALIDADES  ;    0;                    ;      0.00;      191628.00;  122; 1;1217;PRE-JUBILADO                  ;
170822;BALADO JUAN HORACIO           ;  11721474;20117214746; 3;PRE-JUBILADO                  ; 3;PRE-JUBILADO                  ; 6;JERARQUICO                    ; 2;SUBDIRECTOR-A                 ;1201;J2   SUBDIRECTOR              ;AB0A0A0000;SUBDIRECCION DE PREVISION SOCIAL                                                                                        ;182;ANT.PRE-JUBILATORIO ;    0;                    ;      0.00;       83376.14;  122; 1;1217;PRE-JUBILADO                  ;
170822;BALADO JUAN HORACIO           ;  11721474;20117214746; 3;PRE-JUBILADO                  ; 3;PRE-JUBILADO                  ; 6;JERARQUICO                    ; 2;SUBDIRECTOR-A                 ;1201;J2   SUBDIRECTOR              ;AB0A0A0000;SUBDIRECCION DE PREVISION SOCIAL                                                                                        ;980;IMP. A LAS GANANCIAS;    0;                    ;      0.00;      -44082.84;    0; 1;1217;PRE-JUBILADO                  ;
173051;LUQUE ARMANDO RAFAEL          ;  14515161;23145151619; 3;PRE-JUBILADO                  ; 3;PRE-JUBILADO                  ; 6;INSPECCION                    ; 9;INSPECTOR DE OBRAS            ;2903;11   INSPECTOR CAT.11         ;AB0A0A0000;SUBDIRECCION DE PREVISION SOCIAL                                                                                        ;182;ANT.PRE-JUBILATORIO ;    0;                    ;      0.00;       51401.75;  122; 1;1911;PRE-JUBILADO                  ;
173221;PEREZ CLAUDIO ISMAEL          ;  11169688;20111696889; 3;PRE-JUBILADO                  ; 3;PRE-JUBILADO                  ; 6;JERARQUICO                    ; 2;SUBDIRECTOR-A                 ;1201;J2   SUBDIRECTOR              ;AB0A0A0000;SUBDIRECCION DE PREVISION SOCIAL                                                                                        ;182;ANT.PRE-JUBILATORIO ;    0;                    ;      0.00;       72575.22;  122; 1;1217;PRE-JUBILADO                  ;
174772;RIAL ENRIQUE ALBERTO          ;  13856154;20138561543; 3;PRE-JUBILADO                  ; 3;PRE-JUBILADO                  ; 6;PROFESIONAL                   ; 3;JEFE-A DEPARTAMENTO           ;1202;AJ2   SUBDIRECTOR S/FUNC.     ;AB0A0A0000;SUBDIRECCION DE PREVISION SOCIAL                                                                                        ;182;ANT.PRE-JUBILATORIO ;    0;                    ;      0.00;       92443.88;  122; 0;1817;PRE-JUBILADO                  ;
175741;MANEIRO MONICA GERTRUDIS      ;  11758739;27117587393; 3;PRE-JUBILADO                  ; 3;PRE-JUBILADO                  ; 6;CARRERA MEDICA                ;39;LICENCIADO PSICOLOGIA         ;1311;52   MEDICO HOSP. A 24 HS     ;AB0A0A0000;SUBDIRECCION DE PREVISION SOCIAL                                                                                        ;182;ANT.PRE-JUBILATORIO ;    0;                    ;      0.00;      106982.02;  122; 1;2352;PRE-JUBILADO                  ;
176191;FLORES ELBIO HORACIO          ;  14280474;20142804744; 3;PRE-JUBILADO                  ; 3;PRE-JUBILADO                  ; 6;SERVICIO                      ; 7;MECANICO AUTOMOTOR            ;3611;10   SERVICIO CAT.10          ;AB0A0A0000;SUBDIRECCION DE PREVISION SOCIAL                                                                                        ;182;ANT.PRE-JUBILATORIO ;    0;                    ;      0.00;       62487.44;  122; 1;1710;PRE-JUBILADO                  ;
176611;FASSANO GRACIELA BEATRIZ      ;  12085671;27120856710; 3;PRE-JUBILADO                  ; 3;PRE-JUBILADO                  ; 6;CARRERA MEDICA                ;39;JEFE DE UNIDAD SANITARIA      ; 300;53   MEDICO HOSP. A 36 HS     ;AB0A0A0000;SUBDIRECCION DE PREVISION SOCIAL                                                                                        ;182;ANT.PRE-JUBILATORIO ;    0;                    ;      0.00;      146840.55;  122; 1;2353;PRE-JUBILADO                  ;
177901;BELLORA ADRIANA MARIA JOSEFINA;  12507756;27125077566; 3;PRE-JUBILADO                  ; 3;PRE-JUBILADO                  ; 6;CARRERA MEDICA                ;39;LICENCIADO PSICOLOGIA         ;1311;52   MEDICO HOSP. A 24 HS     ;AB0A0A0000;SUBDIRECCION DE PREVISION SOCIAL                                                                                        ;182;ANT.PRE-JUBILATORIO ;    0;                    ;      0.00;       89537.04;  122; 1;2352;PRE-JUBILADO                  ;
178612;TRONCOSO CARLOS ALEJANDRO     ;  11368936;20113689367; 3;PRE-JUBILADO                  ; 3;PRE-JUBILADO                  ; 6;JERARQUICO                    ; 2;JEFE-A DIVISION               ;1203;AJ2   SUBDIRECTOR S/FUNC.     ;AB0A0A0000;SUBDIRECCION DE PREVISION SOCIAL                                                                                        ;182;ANT.PRE-JUBILATORIO ;    0;                    ;      0.00;       94595.85;  122; 1;1817;PRE-JUBILADO                  ;
179481;DIAZ ANA MARIA                ;  11721240;27117212403; 3;PRE-JUBILADO                  ; 3;PRE-JUBILADO                  ; 6;PERSONAL DE LA SALUD          ;12;ENFERMERA/O                   ;4401;14B  ENFERMERO SUPERVISOR     ;AB0A0A0000;SUBDIRECCION DE PREVISION SOCIAL                                                                                        ;182;ANT.PRE-JUBILATORIO ;    0;                    ;      0.00;       80577.78;  122; 1;2414;PRE-JUBILADO                  ;
181271;VITA PATRICIA INES            ;  14264004;27142640045; 3;PRE-JUBILADO                  ; 3;PRE-JUBILADO                  ; 6;CARRERA MEDICA                ;39;MEDICO CLINICO                ;9783;53   MEDICO HOSP. A 36 HS     ;AB0A0A0000;SUBDIRECCION DE PREVISION SOCIAL                                                                                        ;182;ANT.PRE-JUBILATORIO ;    0;                    ;      0.00;      144159.57;  122; 1;2353;PRE-JUBILADO                  ;
181382;DAGGUER MARIA CRISTINA        ;  92192352;27921923525; 3;PRE-JUBILADO                  ; 3;PRE-JUBILADO                  ; 6;JERARQUICO                    ; 2;JEFE-A DIVISION               ;1203;AJ2   SUBDIRECTOR S/FUNC.     ;AB0A0A0000;SUBDIRECCION DE PREVISION SOCIAL                                                                                        ;182;ANT.PRE-JUBILATORIO ;    0;                    ;      0.00;       82326.31;  122; 1;1817;PRE-JUBILADO                  ;
181651;MULET SUSANA                  ;  11389136;27113891365; 3;PRE-JUBILADO                  ; 3;PRE-JUBILADO                  ; 6;CARRERA MEDICA                ;39;JEFE DE UNIDAD SANITARIA      ; 300;53   MEDICO HOSP. A 36 HS     ;AB0A0A0000;SUBDIRECCION DE PREVISION SOCIAL                                                                                        ;182;ANT.PRE-JUBILATORIO ;    0;                    ;      0.00;      164656.36;  122; 1;2353;PRE-JUBILADO                  ;
182941;LAMBARDI ALFREDO MARCE        ;  12767020;20127670200; 3;PRE-JUBILADO                  ; 3;PRE-JUBILADO                  ; 6;CARRERA MEDICA                ;39;CLINICA MEDICA                ;9802;53   MEDICO HOSP. A 36 HS     ;AB0A0A0000;SUBDIRECCION DE PREVISION SOCIAL                                                                                        ;182;ANT.PRE-JUBILATORIO ;    0;                    ;      0.00;      145443.68;  122; 1;2353;PRE-JUBILADO                  ;
185091;DE ANGELO SILVIA SUSANA       ;  12403688;27124036882; 3;PRE-JUBILADO                  ; 3;PRE-JUBILADO                  ; 6;JERARQUICO                    ; 2;JEFE-A DEPARTAMENTO           ;1202;AJ2   SUBDIRECTOR S/FUNC.     ;AB0A0A0000;SUBDIRECCION DE PREVISION SOCIAL                                                                                        ;182;ANT.PRE-JUBILATORIO ;    0;                    ;      0.00;       97883.89;  122; 1;1817;PRE-JUBILADO                  ;
186111;FEDERICHI SANDRA PATRICIA     ;  18411545;27184115455; 3;PRE-JUBILADO                  ; 3;PRE-JUBILADO                  ; 6;DOCENTE EDUCACION Y CULTURA   ; 8;PRECEPTORA                    ;9405;PR   PRECEPTORA               ;AB0A0A0000;SUBDIRECCION DE PREVISION SOCIAL                                                                                        ;158;LICENCIA NO GOZADA  ;    0;                    ;      0.00;      162862.00;  122; 4;5811;PRE-JUBILADO                  ;
186111;FEDERICHI SANDRA PATRICIA     ;  18411545;27184115455; 3;PRE-JUBILADO                  ; 3;PRE-JUBILADO                  ; 6;DOCENTE EDUCACION Y CULTURA   ; 8;PRECEPTORA                    ;9405;PR   PRECEPTORA               ;AB0A0A0000;SUBDIRECCION DE PREVISION SOCIAL                                                                                        ;178;SEIS MENSUALIDADES  ;    0;                    ;      0.00;      290385.00;  122; 4;5811;PRE-JUBILADO                  ;
186111;FEDERICHI SANDRA PATRICIA     ;  18411545;27184115455; 3;PRE-JUBILADO                  ; 3;PRE-JUBILADO                  ; 6;DOCENTE EDUCACION Y CULTURA   ; 8;PRECEPTORA                    ;9405;PR   PRECEPTORA               ;AB0A0A0000;SUBDIRECCION DE PREVISION SOCIAL                                                                                        ;182;ANT.PRE-JUBILATORIO ;    0;                    ;      0.00;       43429.92;  122; 4;5811;PRE-JUBILADO                  ;
186111;FEDERICHI SANDRA PATRICIA     ;  18411545;27184115455; 3;PRE-JUBILADO                  ; 3;PRE-JUBILADO                  ; 6;DOCENTE EDUCACION Y CULTURA   ; 8;PRECEPTORA                    ;9405;PR   PRECEPTORA               ;AB0A0A0000;SUBDIRECCION DE PREVISION SOCIAL                                                                                        ;980;IMP. A LAS GANANCIAS;    0;                    ;      0.00;      -65796.99;    0; 4;5811;PRE-JUBILADO                  ;
186561;RODRIGUEZ LUIS ALBERTO        ;  11041920;20110419202; 3;PRE-JUBILADO                  ; 3;PRE-JUBILADO                  ; 6;ADMINISTRATIVO                ; 5;ADMINISTRATIVO                ;4501;12   ADMINISTRATIVO-CAT12     ;AB0A0A0000;SUBDIRECCION DE PREVISION SOCIAL                                                                                        ;182;ANT.PRE-JUBILATORIO ;    0;                    ;      0.00;       69490.82;  122; 1;1512;PRE-JUBILADO                  ;
187101;BATTISTI JORGE ALBERTO        ;  11017801;20110178019; 3;PRE-JUBILADO                  ; 3;PRE-JUBILADO                  ; 6;PERSONAL MENSUALIZADO         ;40;ADMINISTRATIVO                ;4501;D-5   MENSUALIZ. DEFEN        ;AB0A0A0000;SUBDIRECCION DE PREVISION SOCIAL                                                                                        ;182;ANT.PRE-JUBILATORIO ;    0;                    ;      0.00;        7120.20;  122; 1;0008;PRE-JUBILADO                  ;
187411;CARRERA RICARDO EDUARDO       ;  14283891;20142838916; 3;PRE-JUBILADO                  ; 3;PRE-JUBILADO                  ; 6;CARRERA MEDICA                ;39;JEFE DE INSTITUTO             ;9777;53   MEDICO HOSP. A 36 HS     ;AB0A0A0000;SUBDIRECCION DE PREVISION SOCIAL                                                                                        ;158;LICENCIA NO GOZADA  ;    0;                    ;      0.00;      195681.19;  122; 1;2353;PRE-JUBILADO                  ;
187411;CARRERA RICARDO EDUARDO       ;  14283891;20142838916; 3;PRE-JUBILADO                  ; 3;PRE-JUBILADO                  ; 6;CARRERA MEDICA                ;39;JEFE DE INSTITUTO             ;9777;53   MEDICO HOSP. A 36 HS     ;AB0A0A0000;SUBDIRECCION DE PREVISION SOCIAL                                                                                        ;182;ANT.PRE-JUBILATORIO ;    0;                    ;      0.00;      138381.15;  122; 1;2353;PRE-JUBILADO                  ;
187411;CARRERA RICARDO EDUARDO       ;  14283891;20142838916; 3;PRE-JUBILADO                  ; 3;PRE-JUBILADO                  ; 6;CARRERA MEDICA                ;39;JEFE DE INSTITUTO             ;9777;53   MEDICO HOSP. A 36 HS     ;AB0A0A0000;SUBDIRECCION DE PREVISION SOCIAL                                                                                        ;390;SUELDO ANUAL COMPLEM;    0;                    ;      0.00;       87357.67;  122; 1;2353;PRE-JUBILADO                  ;
187411;CARRERA RICARDO EDUARDO       ;  14283891;20142838916; 3;PRE-JUBILADO                  ; 3;PRE-JUBILADO                  ; 6;CARRERA MEDICA                ;39;JEFE DE INSTITUTO             ;9777;53   MEDICO HOSP. A 36 HS     ;AB0A0A0000;SUBDIRECCION DE PREVISION SOCIAL                                                                                        ;463;OBRA SOCIAL SAC     ;    0;                    ;      0.00;       -2620.73;    0; 1;2353;PRE-JUBILADO                  ;
187411;CARRERA RICARDO EDUARDO       ;  14283891;20142838916; 3;PRE-JUBILADO                  ; 3;PRE-JUBILADO                  ; 6;CARRERA MEDICA                ;39;JEFE DE INSTITUTO             ;9777;53   MEDICO HOSP. A 36 HS     ;AB0A0A0000;SUBDIRECCION DE PREVISION SOCIAL                                                                                        ;465;I.P.S. 14 SAC       ;    0;                    ;      0.00;      -12230.07;    0; 1;2353;PRE-JUBILADO                  ;
189501;NIELLA ANA MARIA              ;  13337071;23133370714; 3;PRE-JUBILADO                  ; 3;PRE-JUBILADO                  ; 6;MUSICOS ORQUESTA              ;35;MUSICO                        ;6409;OS1    CONCERTINO             ;AB0A0A0000;SUBDIRECCION DE PREVISION SOCIAL                                                                                        ;182;ANT.PRE-JUBILATORIO ;    0;                    ;      0.00;      104658.14;  122; 1;9011;PRE-JUBILADO                  ;
189571;MACCHIAROLA ANTONIO AMILCAR   ;  10203988;20102039883; 3;PRE-JUBILADO                  ; 3;PRE-JUBILADO                  ; 6;MUSICOS ORQUESTA              ;35;MUSICO                        ;6409;OS1    CONCERTINO             ;AB0A0A0000;SUBDIRECCION DE PREVISION SOCIAL                                                                                        ;182;ANT.PRE-JUBILATORIO ;    0;                    ;      0.00;      107433.57;  122; 1;9011;PRE-JUBILADO                  ;
189581;MASTRUZZO FRANCISCO ALBERTO   ;  12085651;20120856511; 3;PRE-JUBILADO                  ; 3;PRE-JUBILADO                  ; 6;MUSICOS ORQUESTA              ;35;MUSICO                        ;6409;OS1    CONCERTINO             ;AB0A0A0000;SUBDIRECCION DE PREVISION SOCIAL                                                                                        ;182;ANT.PRE-JUBILATORIO ;    0;                    ;      0.00;       89523.16;  122; 1;9011;PRE-JUBILADO                  ;
189721;GONZALEZ PABLO RAUL           ;  13416388;20134163888; 3;PRE-JUBILADO                  ; 3;PRE-JUBILADO                  ; 6;MUSICOS ORQUESTA              ;35;MUSICO                        ;6409;OS1    CONCERTINO             ;AB0A0A0000;SUBDIRECCION DE PREVISION SOCIAL                                                                                        ;182;ANT.PRE-JUBILATORIO ;    0;                    ;      0.00;       94157.64;  122; 0;9011;PRE-JUBILADO                  ;
189811;VASSALLO MARIA INES           ;  12464929;27124649299; 3;PRE-JUBILADO                  ; 3;PRE-JUBILADO                  ; 6;MUSICOS ORQUESTA              ;35;MUSICO                        ;6409;OS1    CONCERTINO             ;AB0A0A0000;SUBDIRECCION DE PREVISION SOCIAL                                                                                        ;182;ANT.PRE-JUBILATORIO ;    0;                    ;      0.00;      108808.81;  122; 1;9011;PRE-JUBILADO                  ;
189931;VERA TEODORO OSVALDO          ;  11683087;20116830877; 3;PRE-JUBILADO                  ; 3;PRE-JUBILADO                  ; 6;CARRERA MEDICA                ;39;JEFE DE UNIDAD SANITARIA      ; 300;52   MEDICO HOSP. A 24 HS     ;AB0A0A0000;SUBDIRECCION DE PREVISION SOCIAL                                                                                        ;182;ANT.PRE-JUBILATORIO ;    0;                    ;      0.00;      111812.06;  122; 1;2352;PRE-JUBILADO                  ;
190961;CAPURRO MARIA ANGELICA        ;  11740910;23117409104; 3;PRE-JUBILADO                  ; 3;PRE-JUBILADO                  ; 6;CARRERA MEDICA                ;39;JEFE DE UNIDAD SANITARIA      ; 300;53   MEDICO HOSP. A 36 HS     ;AB0A0A0000;SUBDIRECCION DE PREVISION SOCIAL                                                                                        ;182;ANT.PRE-JUBILATORIO ;    0;                    ;      0.00;      149637.69;  122; 1;2353;PRE-JUBILADO                  ;
191552;YOCCO JUAN ROBERTO            ;  10633895;20106338958; 3;PRE-JUBILADO                  ; 3;PRE-JUBILADO                  ; 6;JERARQUIZADO(JERARQ.S/FUNCION);11;JEFE-A DEPARTAMENTO           ;1202;AJ2   SUBDIRECTOR S/FUNC.     ;AB0A0A0000;SUBDIRECCION DE PREVISION SOCIAL                                                                                        ;158;LICENCIA NO GOZADA  ;    0;                    ;      0.00;      159660.00;  121; 1;1817;PRE-JUBILADO                  ;
191552;YOCCO JUAN ROBERTO            ;  10633895;20106338958; 3;PRE-JUBILADO                  ; 3;PRE-JUBILADO                  ; 6;JERARQUIZADO(JERARQ.S/FUNCION);11;JEFE-A DEPARTAMENTO           ;1202;AJ2   SUBDIRECTOR S/FUNC.     ;AB0A0A0000;SUBDIRECCION DE PREVISION SOCIAL                                                                                        ;182;ANT.PRE-JUBILATORIO ;    0;                    ;      0.00;       82110.86;  122; 1;1817;PRE-JUBILADO                  ;
192581;CAMPODARBE ELBA HAYDEE        ;  11396670;27113966705; 3;PRE-JUBILADO                  ; 3;PRE-JUBILADO                  ; 6;JERARQUIZADO(JERARQ.S/FUNCION);11;JEFE-A DEPARTAMENTO           ;1202;AJ2   SUBDIRECTOR S/FUNC.     ;AB0A0A0000;SUBDIRECCION DE PREVISION SOCIAL                                                                                        ;182;ANT.PRE-JUBILATORIO ;    0;                    ;      0.00;       66843.59;  122; 1;1817;PRE-JUBILADO                  ;
192623;CAVALLETTI RUBEN HORACIO      ;  10762267;20107622676; 3;PRE-JUBILADO                  ; 3;PRE-JUBILADO                  ; 6;CONCEJALES                    ;20;CONCEJAL                      ;1801;C1   H.C.D.CONCEJAL C1        ;AB0A0A0000;SUBDIRECCION DE PREVISION SOCIAL                                                                                        ;182;ANT.PRE-JUBILATORIO ;    0;                    ;      0.00;      124388.72;  122; 1;3001;PRE-JUBILADO                  ;
192993;GUTT SUSANA BEATRIZ           ;  10623498;27106234987; 3;PRE-JUBILADO                  ; 3;PRE-JUBILADO                  ; 6;SUPERIOR                      ; 1;SECRETARIO                    ;1102;A1  SECRETARIO                ;AB0A0A0000;SUBDIRECCION DE PREVISION SOCIAL                                                                                        ;158;LICENCIA NO GOZADA  ;    0;                    ;      0.00;      623915.04;  122; 1;1101;PRE-JUBILADO                  ;
192993;GUTT SUSANA BEATRIZ           ;  10623498;27106234987; 3;PRE-JUBILADO                  ; 3;PRE-JUBILADO                  ; 6;SUPERIOR                      ; 1;SECRETARIO                    ;1102;A1  SECRETARIO                ;AB0A0A0000;SUBDIRECCION DE PREVISION SOCIAL                                                                                        ;178;SEIS MENSUALIDADES  ;    0;                    ;      0.00;      664014.00;  122; 1;1101;PRE-JUBILADO                  ;
192993;GUTT SUSANA BEATRIZ           ;  10623498;27106234987; 3;PRE-JUBILADO                  ; 3;PRE-JUBILADO                  ; 6;SUPERIOR                      ; 1;SECRETARIO                    ;1102;A1  SECRETARIO                ;AB0A0A0000;SUBDIRECCION DE PREVISION SOCIAL                                                                                        ;182;ANT.PRE-JUBILATORIO ;    0;                    ;      0.00;      320870.59;  122; 1;1101;PRE-JUBILADO                  ;
192993;GUTT SUSANA BEATRIZ           ;  10623498;27106234987; 3;PRE-JUBILADO                  ; 3;PRE-JUBILADO                  ; 6;SUPERIOR                      ; 1;SECRETARIO                    ;1102;A1  SECRETARIO                ;AB0A0A0000;SUBDIRECCION DE PREVISION SOCIAL                                                                                        ;980;IMP. A LAS GANANCIAS;    0;                    ;      0.00;     -318852.37;    0; 1;1101;PRE-JUBILADO                  ;
194561;QUIROGA ALDO                  ;  12936467;20129364670; 3;PRE-JUBILADO                  ; 3;PRE-JUBILADO                  ; 6;OBRERO                        ; 6;PEON                          ;8601;10    OBRERO CAT.10           ;AB0A0A0000;SUBDIRECCION DE PREVISION SOCIAL                                                                                        ;182;ANT.PRE-JUBILATORIO ;    0;                    ;      0.00;       56815.07;  122; 1;1610;PRE-JUBILADO                  ;
194631;MIGUEL FABIAN EDUARDO         ;  14263058;20142630584; 3;PRE-JUBILADO                  ; 3;PRE-JUBILADO                  ; 6;ADMINISTRATIVO                ; 5;ADMINISTRATIVO                ;4501;08   ADMINISTRATIVO CAT.08    ;AB0A0A0000;SUBDIRECCION DE PREVISION SOCIAL                                                                                        ;182;ANT.PRE-JUBILATORIO ;    0;                    ;      0.00;       50739.08;  122; 1;1508;PRE-JUBILADO                  ;
194762;AQUINO RAMONA                 ;  12681409;27126814092; 3;PRE-JUBILADO                  ; 3;PRE-JUBILADO                  ; 6;JERARQUICO                    ; 2;JEFE DE SECCION               ;1210;AJ2   SUBDIRECTOR S/FUNC.     ;AB0A0A0000;SUBDIRECCION DE PREVISION SOCIAL                                                                                        ;182;ANT.PRE-JUBILATORIO ;    0;                    ;      0.00;       72845.43;  122; 1;1817;PRE-JUBILADO                  ;
194891;NIEVAS MARIA ESTER            ;  11987884;27119878840; 3;PRE-JUBILADO                  ; 3;PRE-JUBILADO                  ; 6;SERVICIO                      ; 7;SERVICIO                      ;9740;10   SERVICIO CAT.10          ;AB0A0A0000;SUBDIRECCION DE PREVISION SOCIAL                                                                                        ;182;ANT.PRE-JUBILATORIO ;    0;                    ;      0.00;       46633.52;  122; 1;1710;PRE-JUBILADO                  ;
195441;TORRES JORGE JOSE             ;  12573008;20125730087; 3;PRE-JUBILADO                  ; 3;PRE-JUBILADO                  ; 6;OBRERO                        ; 6;ALBANIL                       ;3602;10    OBRERO CAT.10           ;AB0A0A0000;SUBDIRECCION DE PREVISION SOCIAL                                                                                        ;182;ANT.PRE-JUBILATORIO ;    0;                    ;      0.00;       84673.64;  122; 1;1610;PRE-JUBILADO                  ;
195941;SENICEN NILDA BEATRIZ         ;  12620268;27126202682; 3;PRE-JUBILADO                  ; 3;PRE-JUBILADO                  ; 6;INSPECCION                    ; 9;ADMINISTRATIVO                ;4501;11   INSPECTOR CAT.11         ;AB0A0A0000;SUBDIRECCION DE PREVISION SOCIAL                                                                                        ;182;ANT.PRE-JUBILATORIO ;    0;                    ;      0.00;       52547.80;  122; 1;1911;PRE-JUBILADO                  ;
196291;CARTAGENO PABLO FERNANDO      ;  11837492;20118374925; 3;PRE-JUBILADO                  ; 3;PRE-JUBILADO                  ; 6;TECNICO                       ; 4;MUSICO                        ;6409;13   TECNICO CAT.13           ;AB0A0A0000;SUBDIRECCION DE PREVISION SOCIAL                                                                                        ;182;ANT.PRE-JUBILATORIO ;    0;                    ;      0.00;       72660.94;  122; 1;1413;PRE-JUBILADO                  ;
196322;LAISSUE MARTA SUSANA          ;  12299531;27122995319; 3;PRE-JUBILADO                  ; 3;PRE-JUBILADO                  ; 6;SUPERIOR                      ; 1;DIRECTOR-A                    ;1104;A8   DIRECTOR                 ;AB0A0A0000;SUBDIRECCION DE PREVISION SOCIAL                                                                                        ;182;ANT.PRE-JUBILATORIO ;    0;                    ;      0.00;      126856.59;  122; 1;1108;PRE-JUBILADO                  ;
196571;DE PARSIA LILIANA ANALIA      ;  12096663;23120966634; 3;PRE-JUBILADO                  ; 3;PRE-JUBILADO                  ; 6;JERARQUIZADO(JERARQ.S/FUNCION);11;ADMINISTRATIVO                ;4501;AJ2   SUBDIRECTOR S/FUNC.     ;AB0A0A0000;SUBDIRECCION DE PREVISION SOCIAL                                                                                        ;182;ANT.PRE-JUBILATORIO ;    0;                    ;      0.00;       70313.09;  122; 1;1817;PRE-JUBILADO                  ;
196922;HERRERA MARIA CRISTINA        ;  10632855;27106328558; 3;PRE-JUBILADO                  ; 3;PRE-JUBILADO                  ; 6;JERARQUIZADO(JERARQ.S/FUNCION);11;JEFE-A DIVISION               ;1203;AJ2   SUBDIRECTOR S/FUNC.     ;AB0A0A0000;SUBDIRECCION DE PREVISION SOCIAL                                                                                        ;158;LICENCIA NO GOZADA  ;    0;                    ;      0.00;      128314.53; 1220; 1;1817;PRE-JUBILADO                  ;
196922;HERRERA MARIA CRISTINA        ;  10632855;27106328558; 3;PRE-JUBILADO                  ; 3;PRE-JUBILADO                  ; 6;JERARQUIZADO(JERARQ.S/FUNCION);11;JEFE-A DIVISION               ;1203;AJ2   SUBDIRECTOR S/FUNC.     ;AB0A0A0000;SUBDIRECCION DE PREVISION SOCIAL                                                                                        ;158;LICENCIA NO GOZADA  ;    0;                    ;      0.00;      128314.53; 1221; 1;1817;PRE-JUBILADO                  ;
196922;HERRERA MARIA CRISTINA        ;  10632855;27106328558; 3;PRE-JUBILADO                  ; 3;PRE-JUBILADO                  ; 6;JERARQUIZADO(JERARQ.S/FUNCION);11;JEFE-A DIVISION               ;1203;AJ2   SUBDIRECTOR S/FUNC.     ;AB0A0A0000;SUBDIRECCION DE PREVISION SOCIAL                                                                                        ;182;ANT.PRE-JUBILATORIO ;    0;                    ;      0.00;       65990.33;  122; 1;1817;PRE-JUBILADO                  ;
197321;PAQUIRI DANIEL EDUARDO        ;  11630935;20116309352; 3;PRE-JUBILADO                  ; 3;PRE-JUBILADO                  ; 6;SERVICIO                      ; 7;PEON                          ;8601;10   SERVICIO CAT.10          ;AB0A0A0000;SUBDIRECCION DE PREVISION SOCIAL                                                                                        ;182;ANT.PRE-JUBILATORIO ;    0;                    ;      0.00;       49648.38;  122; 1;1710;PRE-JUBILADO                  ;
197861;ZOBOLI PATRICIA ELSA          ;  12819971;27128199719; 3;PRE-JUBILADO                  ; 3;PRE-JUBILADO                  ; 6;PROFESIONAL                   ; 3;ABOGADO-A                     ;1301;13A   PROFESIONAL             ;AB0A0A0000;SUBDIRECCION DE PREVISION SOCIAL                                                                                        ;182;ANT.PRE-JUBILATORIO ;    0;                    ;      0.00;       72778.66;  122; 1;1313;PRE-JUBILADO                  ;
199241;CANTEROS JUAN CARLOS          ;   8577534;20085775341; 3;PRE-JUBILADO                  ; 3;PRE-JUBILADO                  ; 6;SERVICIO                      ; 7;REPRESENTANTE FISCAL          ;9793;B3   NOTIFICADOR              ;AB0A0A0000;SUBDIRECCION DE PREVISION SOCIAL                                                                                        ;182;ANT.PRE-JUBILATORIO ;    0;                    ;      0.00;       72327.11;  122; 1;1503;PRE-JUBILADO                  ;
199491;LOPEZ OMAR                    ;  11890847;20118908474; 3;PRE-JUBILADO                  ; 3;PRE-JUBILADO                  ; 6;SERVICIO                      ; 7;ADMINISTRATIVO                ;4501;B3   NOTIFICADOR              ;AB0A0A0000;SUBDIRECCION DE PREVISION SOCIAL                                                                                        ;182;ANT.PRE-JUBILATORIO ;    0;                    ;      0.00;       83663.20;  122; 1;1503;PRE-JUBILADO                  ;
277041;BERTOLI JESUS MODESTO         ;  10424767;23104247679; 3;PRE-JUBILADO                  ; 3;PRE-JUBILADO                  ; 6;HORA CATEDRA                  ;10;PROFESOR HORA CATEDRA         ;9481;PF   HORA CATEDRA PF. (2DEC.) ;AB0A0A0000;SUBDIRECCION DE PREVISION SOCIAL                                                                                        ;182;ANT.PRE-JUBILATORIO ;    0;                    ;      0.00;       41052.85;  122; 1;7805;PRE-JUBILADO                  ;
312091;RIO JORGE ALBERTO             ;  11758748;20117587488; 3;PRE-JUBILADO                  ; 3;PRE-JUBILADO                  ; 6;HORA CATEDRA                  ;10;AYUDANTE DE CATEDRA           ;9485;AC   HORA CATEDRA AC. (2DEC.) ;AB0A0A0000;SUBDIRECCION DE PREVISION SOCIAL                                                                                        ;182;ANT.PRE-JUBILATORIO ;    0;                    ;      0.00;       72577.70;  122; 1;7806;PRE-JUBILADO                  ;
321911;HERRERA ELBA MARGARITA        ;  14986896;27149868963; 3;PRE-JUBILADO                  ; 3;PRE-JUBILADO                  ; 6;SERVICIO                      ; 7;SERVICIO                      ;9740;10   SERVICIO CAT.10          ;AB0A0A0000;SUBDIRECCION DE PREVISION SOCIAL                                                                                        ;182;ANT.PRE-JUBILATORIO ;    0;                    ;      0.00;       53822.74;  122; 1;1710;PRE-JUBILADO                  ;
330541;FURNO ADRIANA ISABEL          ;  17103602;27171036025; 3;PRE-JUBILADO                  ; 3;PRE-JUBILADO                  ; 6;DOCENTE EDUCACION Y CULTURA   ; 8;MAESTRO-A DE MUSICA           ;5426;MM    MAESTRA DE MUSICA       ;AB0A0A0000;SUBDIRECCION DE PREVISION SOCIAL                                                                                        ;182;ANT.PRE-JUBILATORIO ;    0;                    ;      0.00;       85753.76;  122; 1;5812;PRE-JUBILADO                  ;
337801;ARROSAGARAY ENRIQUE HUGO      ;  11630218;20116302188; 3;PRE-JUBILADO                  ; 3;PRE-JUBILADO                  ; 6;ADMINISTRATIVO                ; 5;ADMINISTRATIVO                ;4501;08   ADMINISTRATIVO CAT.08    ;AB0A0A0000;SUBDIRECCION DE PREVISION SOCIAL                                                                                        ;182;ANT.PRE-JUBILATORIO ;    0;                    ;      0.00;       37322.54;  122; 1;1508;PRE-JUBILADO                  ;
341121;REINOSO JOSE                  ;  11634399;20116343992; 3;PRE-JUBILADO                  ; 3;PRE-JUBILADO                  ; 6;ADMINISTRATIVO                ; 5;ADMINISTRATIVO                ;4501;12   ADMINISTRATIVO-CAT12     ;AB0A0A0000;SUBDIRECCION DE PREVISION SOCIAL                                                                                        ;182;ANT.PRE-JUBILATORIO ;    0;                    ;      0.00;       61226.69;  122; 1;1512;PRE-JUBILADO                  ;
341531;OCANO YOLANDA INES            ;  12358341;27123583413; 3;PRE-JUBILADO                  ; 3;PRE-JUBILADO                  ; 6;SERVICIO                      ; 7;MUCAMA                        ;6708;10   SERVICIO CAT.10          ;AB0A0A0000;SUBDIRECCION DE PREVISION SOCIAL                                                                                        ;182;ANT.PRE-JUBILATORIO ;    0;                    ;      0.00;       39691.27;  122; 1;1710;PRE-JUBILADO                  ;
343791;ZALDIVAR LUIS OSVALDO         ;  12932222;20129322226; 3;PRE-JUBILADO                  ; 3;PRE-JUBILADO                  ; 6;OBRERO                        ; 6;SERVICIO                      ;9740;10    OBRERO CAT.10           ;AB0A0A0000;SUBDIRECCION DE PREVISION SOCIAL                                                                                        ;182;ANT.PRE-JUBILATORIO ;    0;                    ;      0.00;       44062.26;  122; 1;1610;PRE-JUBILADO                  ;
344471;DI LEO GUSTAVO                ;  10476498;20104764984; 3;PRE-JUBILADO                  ; 3;PRE-JUBILADO                  ; 6;HORA CATEDRA                  ;10;PROFESOR HORA CATEDRA         ;9481;PF   HORA CATEDRA PF. (2DEC.) ;AB0A0A0000;SUBDIRECCION DE PREVISION SOCIAL                                                                                        ;182;ANT.PRE-JUBILATORIO ;    0;                    ;      0.00;       41284.60;  122; 1;7805;PRE-JUBILADO                  ;
344884;CASALVIERI PATRICIA ALEJANDRA ;  20867021;27208670218; 3;PRE-JUBILADO                  ; 3;PRE-JUBILADO                  ; 6;HORA CATEDRA SUPLENTE         ;18;DIRECTOR DE INSTITUTO         ;2411;DE    HORA CATEDRA DE.        ;AB0A0A0000;SUBDIRECCION DE PREVISION SOCIAL                                                                                        ;182;ANT.PRE-JUBILATORIO ;    0;                    ;      0.00;       62751.30;  122; 1;7803;PRE-JUBILADO                  ;
345581;SOCCI LAURA MARIANA           ;  21602534;27216025348; 3;PRE-JUBILADO                  ; 3;PRE-JUBILADO                  ; 6;DOCENTE EDUCACION Y CULTURA   ; 8;PRECEPTORA                    ;9405;PR   PRECEPTORA               ;AB0A0A0000;SUBDIRECCION DE PREVISION SOCIAL                                                                                        ;182;ANT.PRE-JUBILATORIO ;    0;                    ;      0.00;       82897.44;  122; 4;5811;PRE-JUBILADO                  ;
349252;PESOA MARIA ROSA              ;  11721660;27117216603; 3;PRE-JUBILADO                  ; 3;PRE-JUBILADO                  ; 6;JERARQUICO                    ; 2;JEFE-A DIVISION               ;1203;J4   JEFE DIVISION            ;AB0A0A0000;SUBDIRECCION DE PREVISION SOCIAL                                                                                        ;182;ANT.PRE-JUBILATORIO ;    0;                    ;      0.00;       93930.16;  122; 1;1215;PRE-JUBILADO                  ;
349252;PESOA MARIA ROSA              ;  11721660;27117216603; 3;PRE-JUBILADO                  ; 3;PRE-JUBILADO                  ; 6;JERARQUICO                    ; 2;JEFE-A DIVISION               ;1203;J4   JEFE DIVISION            ;AB0A0A0000;SUBDIRECCION DE PREVISION SOCIAL                                                                                        ;982;DEV.RET.GCIAS RG5008;    0;                    ;      1.00;        1507.07;    0; 1;1215;PRE-JUBILADO                  ;
349591;MARTINEZ SILVIA OFELIA        ;  12610046;27126100464; 3;PRE-JUBILADO                  ; 3;PRE-JUBILADO                  ; 6;ADMINISTRATIVO                ; 5;ADMINISTRATIVO                ;4501;12   ADMINISTRATIVO-CAT12     ;AB0A0A0000;SUBDIRECCION DE PREVISION SOCIAL                                                                                        ;182;ANT.PRE-JUBILATORIO ;    0;                    ;      0.00;       48343.11;  122; 1;1512;PRE-JUBILADO                  ;
351432;GIMENEZ ESTHER TERESA         ;  12289152;27122891521; 3;PRE-JUBILADO                  ; 3;PRE-JUBILADO                  ; 6;SERVICIO                      ; 7;REPRESENTANTE FISCAL          ;9793;B3   NOTIFICADOR              ;AB0A0A0000;SUBDIRECCION DE PREVISION SOCIAL                                                                                        ;182;ANT.PRE-JUBILATORIO ;    0;                    ;      0.00;       42606.39;  122; 1;1503;PRE-JUBILADO                  ;
352001;AZARIO CARLOS ALBERTO         ;  12535590;20125355901; 3;PRE-JUBILADO                  ; 3;PRE-JUBILADO                  ; 6;OBRERO                        ; 6;PEON                          ;8601;10    OBRERO CAT.10           ;AB0A0A0000;SUBDIRECCION DE PREVISION SOCIAL                                                                                        ;158;LICENCIA NO GOZADA  ;    0;                    ;      0.00;       87614.83;  122; 1;1610;PRE-JUBILADO                  ;
352001;AZARIO CARLOS ALBERTO         ;  12535590;20125355901; 3;PRE-JUBILADO                  ; 3;PRE-JUBILADO                  ; 6;OBRERO                        ; 6;PEON                          ;8601;10    OBRERO CAT.10           ;AB0A0A0000;SUBDIRECCION DE PREVISION SOCIAL                                                                                        ;182;ANT.PRE-JUBILATORIO ;    0;                    ;      0.00;       42518.97;  122; 1;1610;PRE-JUBILADO                  ;
352001;AZARIO CARLOS ALBERTO         ;  12535590;20125355901; 3;PRE-JUBILADO                  ; 3;PRE-JUBILADO                  ; 6;OBRERO                        ; 6;PEON                          ;8601;10    OBRERO CAT.10           ;AB0A0A0000;SUBDIRECCION DE PREVISION SOCIAL                                                                                        ;365;HORAS EXTRAS 50%    ;    0;                    ;      0.00;       50952.47; 1221; 1;1610;PRE-JUBILADO                  ;
352001;AZARIO CARLOS ALBERTO         ;  12535590;20125355901; 3;PRE-JUBILADO                  ; 3;PRE-JUBILADO                  ; 6;OBRERO                        ; 6;PEON                          ;8601;10    OBRERO CAT.10           ;AB0A0A0000;SUBDIRECCION DE PREVISION SOCIAL                                                                                        ;441;OBRA SOCIAL         ;    0;                    ;      0.00;       -1528.57;    0; 1;1610;PRE-JUBILADO                  ;
352041;VICENTE ANGEL AURELIO         ;  10677727;20106777277; 3;PRE-JUBILADO                  ; 3;PRE-JUBILADO                  ; 6;OBRERO                        ; 6;PEON                          ;8601;10    OBRERO CAT.10           ;AB0A0A0000;SUBDIRECCION DE PREVISION SOCIAL                                                                                        ;182;ANT.PRE-JUBILATORIO ;    0;                    ;      0.00;       55208.01;  122; 1;1610;PRE-JUBILADO                  ;
352091;BRACCONI JUAN CARLOS          ;  12282520;20122825206; 3;PRE-JUBILADO                  ; 3;PRE-JUBILADO                  ; 6;OBRERO                        ; 6;PEON                          ;8601;10    OBRERO CAT.10           ;AB0A0A0000;SUBDIRECCION DE PREVISION SOCIAL                                                                                        ;158;LICENCIA NO GOZADA  ;    0;                    ;      0.00;      124127.13;  122; 1;1610;PRE-JUBILADO                  ;
352091;BRACCONI JUAN CARLOS          ;  12282520;20122825206; 3;PRE-JUBILADO                  ; 3;PRE-JUBILADO                  ; 6;OBRERO                        ; 6;PEON                          ;8601;10    OBRERO CAT.10           ;AB0A0A0000;SUBDIRECCION DE PREVISION SOCIAL                                                                                        ;182;ANT.PRE-JUBILATORIO ;    0;                    ;      0.00;       70624.06;  122; 1;1610;PRE-JUBILADO                  ;
352091;BRACCONI JUAN CARLOS          ;  12282520;20122825206; 3;PRE-JUBILADO                  ; 3;PRE-JUBILADO                  ; 6;OBRERO                        ; 6;PEON                          ;8601;10    OBRERO CAT.10           ;AB0A0A0000;SUBDIRECCION DE PREVISION SOCIAL                                                                                        ;365;HORAS EXTRAS 50%    ;    0;                    ;      0.00;       67122.03; 1221; 1;1610;PRE-JUBILADO                  ;
352091;BRACCONI JUAN CARLOS          ;  12282520;20122825206; 3;PRE-JUBILADO                  ; 3;PRE-JUBILADO                  ; 6;OBRERO                        ; 6;PEON                          ;8601;10    OBRERO CAT.10           ;AB0A0A0000;SUBDIRECCION DE PREVISION SOCIAL                                                                                        ;441;OBRA SOCIAL         ;    0;                    ;      0.00;       -2013.66;    0; 1;1610;PRE-JUBILADO                  ;
352091;BRACCONI JUAN CARLOS          ;  12282520;20122825206; 3;PRE-JUBILADO                  ; 3;PRE-JUBILADO                  ; 6;OBRERO                        ; 6;PEON                          ;8601;10    OBRERO CAT.10           ;AB0A0A0000;SUBDIRECCION DE PREVISION SOCIAL                                                                                        ;980;IMP. A LAS GANANCIAS;    0;                    ;      0.00;       -3560.10;    0; 1;1610;PRE-JUBILADO                  ;
352271;ESPINOLA BAEZ OSVALDO         ;  92587572;20925875725; 3;PRE-JUBILADO                  ; 3;PRE-JUBILADO                  ; 6;OBRERO                        ; 6;PEON                          ;8601;10    OBRERO CAT.10           ;AB0A0A0000;SUBDIRECCION DE PREVISION SOCIAL                                                                                        ;182;ANT.PRE-JUBILATORIO ;    0;                    ;      0.00;       74370.47;  122; 1;1610;PRE-JUBILADO                  ;
352461;MONZON MARCIANO               ;  11250929;20112509292; 3;PRE-JUBILADO                  ; 3;PRE-JUBILADO                  ; 6;OBRERO                        ; 6;PEON                          ;8601;10    OBRERO CAT.10           ;AB0A0A0000;SUBDIRECCION DE PREVISION SOCIAL                                                                                        ;182;ANT.PRE-JUBILATORIO ;    0;                    ;      0.00;       43511.94;  122; 1;1610;PRE-JUBILADO                  ;
353081;VERA HECTOR JOSE              ;  13634904;20136349040; 3;PRE-JUBILADO                  ; 3;PRE-JUBILADO                  ; 6;INSPECCION                    ; 9;INSPECTOR DE OBRAS            ;2903;11   INSPECTOR CAT.11         ;AB0A0A0000;SUBDIRECCION DE PREVISION SOCIAL                                                                                        ;158;LICENCIA NO GOZADA  ;    0;                    ;      0.00;      120847.91;  122; 1;1911;PRE-JUBILADO                  ;
353081;VERA HECTOR JOSE              ;  13634904;20136349040; 3;PRE-JUBILADO                  ; 3;PRE-JUBILADO                  ; 6;INSPECCION                    ; 9;INSPECTOR DE OBRAS            ;2903;11   INSPECTOR CAT.11         ;AB0A0A0000;SUBDIRECCION DE PREVISION SOCIAL                                                                                        ;182;ANT.PRE-JUBILATORIO ;    0;                    ;      0.00;       56971.16;  122; 1;1911;PRE-JUBILADO                  ;
353311;BISETTI ANDREA CLAUDIA        ;  17535979;27175359791; 3;PRE-JUBILADO                  ; 3;PRE-JUBILADO                  ; 6;DOCENTE EDUCACION Y CULTURA   ; 8;PRECEPTORA                    ;9405;PR   PRECEPTORA               ;AB0A0A0000;SUBDIRECCION DE PREVISION SOCIAL                                                                                        ;182;ANT.PRE-JUBILATORIO ;    0;                    ;      0.00;       36532.58;  122; 1;5811;PRE-JUBILADO                  ;
354162;LACLAU RUBEN ERNESTO          ;  11159509;20111595098; 3;PRE-JUBILADO                  ; 3;PRE-JUBILADO                  ; 6;JERARQUIZADO(JERARQ.S/FUNCION);11;JEFE DE SECCION               ;1210;AJ2   SUBDIRECTOR S/FUNC.     ;AB0A0A0000;SUBDIRECCION DE PREVISION SOCIAL                                                                                        ;182;ANT.PRE-JUBILATORIO ;    0;                    ;      0.00;      106193.40;  122; 1;1817;PRE-JUBILADO                  ;
357381;SANCHEZ MARIO FERNANDO        ;  16569241;20165692412; 5;PERSONAL DOCENTE              ; 5;TITULAR                       ; 2;DOCENTE EDUCACION Y CULTURA   ; 8;MAESTRO-A DE MUSICA           ;5426;MM    MAESTRA DE MUSICA       ;AB0A0A0000;SUBDIRECCION DE PREVISION SOCIAL                                                                                        ;182;ANT.PRE-JUBILATORIO ;    0;                    ;      0.00;       49362.38;  122; 4;5812;PERSONAL DOCENTE              ;
358551;VISCOVICH SUSANA BEATRIZ      ;  11041600;27110416003; 3;PRE-JUBILADO                  ; 3;PRE-JUBILADO                  ; 6;DOCENTE ASISTENCIAL           ;13;DIRECTORA JARDIN MATERNAL     ;2403;J-4  DIR.JARDIN MATER.J-4     ;AB0A0A0000;SUBDIRECCION DE PREVISION SOCIAL                                                                                        ;182;ANT.PRE-JUBILATORIO ;    0;                    ;      0.00;       74104.75;  122; 1;1015;PRE-JUBILADO                  ;
362771;APARICIO ALBERTO FELIX        ;  11890885;20118908857; 3;PRE-JUBILADO                  ; 3;PRE-JUBILADO                  ; 6;INSPECCION                    ; 9;INSPECTOR DE LIMPIEZA         ;5901;11   INSPECTOR CAT.11         ;AB0A0A0000;SUBDIRECCION DE PREVISION SOCIAL                                                                                        ;182;ANT.PRE-JUBILATORIO ;    0;                    ;      0.00;       28873.22;  122; 1;1911;PRE-JUBILADO                  ;
365281;MORAND MARIA ESTER            ;  11840785;27118407852; 3;PRE-JUBILADO                  ; 3;PRE-JUBILADO                  ; 6;SUPERIOR                      ; 1;COORDINADOR-A CENTRO DE CAPACI;3401;A8   DIRECTOR                 ;AB0A0A0000;SUBDIRECCION DE PREVISION SOCIAL                                                                                        ;158;LICENCIA NO GOZADA  ;    0;                    ;      0.00;      180987.17;  122; 1;1108;PRE-JUBILADO                  ;
365852;GANDARA MONICA GLADYS         ;  11896163;27118961639; 3;PRE-JUBILADO                  ; 3;PRE-JUBILADO                  ; 6;JERARQUIZADO(JERARQ.S/FUNCION);11;ADMINISTRATIVO                ;4501;17   JERARQ.S.FUNC.17-HCD     ;AB0A0A0000;SUBDIRECCION DE PREVISION SOCIAL                                                                                        ;182;ANT.PRE-JUBILATORIO ;    0;                    ;      0.00;       49288.91;  122; 1;3817;PRE-JUBILADO                  ;
367291;MACIEL MONICA ANGELICA        ;  12403585;27124035851; 9;HONORABLE CONCEJO DELIBERANTE ; 9;EFECTIVO                      ; 1;JERARQUICO                    ; 2;JEFE-A DEPARTAMENTO           ;1202;17   JERARQ.S.FUNC.17-HCD     ;AB0A0A0000;SUBDIRECCION DE PREVISION SOCIAL                                                                                        ;182;ANT.PRE-JUBILATORIO ;    0;                    ;      0.00;       78159.32;  122; 1;3817;HONORABLE CONCEJO DELIBERANTE ;
367471;VOCOS GIMENEZ SARA TERESITA   ;  11306580;27113065805; 3;PRE-JUBILADO                  ; 3;PRE-JUBILADO                  ; 6;SUPERIOR                      ; 1;DIRECTOR GENERAL              ;1109;A7   DIRECTOR GENERAL         ;AB0A0A0000;SUBDIRECCION DE PREVISION SOCIAL                                                                                        ;182;ANT.PRE-JUBILATORIO ;    0;                    ;      0.00;      143185.91;  122; 1;1107;PRE-JUBILADO                  ;
368842;FAUSTINO VICENTE CLAUDIO      ;  16025408;20160254085; 3;PRE-JUBILADO                  ; 3;PRE-JUBILADO                  ; 6;JERARQUICO                    ; 2;SUBDIRECTOR-A                 ;1201;J2   SUBDIRECTOR              ;AB0A0A0000;SUBDIRECCION DE PREVISION SOCIAL                                                                                        ;182;ANT.PRE-JUBILATORIO ;    0;                    ;      0.00;      142329.06;  122; 1;1217;PRE-JUBILADO                  ;
369501;RUIZ AMERICO NORBERTO         ;  12198964;20121989647; 3;PRE-JUBILADO                  ; 3;PRE-JUBILADO                  ; 6;ADMINISTRATIVO                ; 5;ADMINISTRATIVO                ;4501;12   ADMINISTRATIVO-CAT12     ;AB0A0A0000;SUBDIRECCION DE PREVISION SOCIAL                                                                                        ;158;LICENCIA NO GOZADA  ;    0;                    ;      0.00;       70133.51;  122; 1;1512;PRE-JUBILADO                  ;
369501;RUIZ AMERICO NORBERTO         ;  12198964;20121989647; 3;PRE-JUBILADO                  ; 3;PRE-JUBILADO                  ; 6;ADMINISTRATIVO                ; 5;ADMINISTRATIVO                ;4501;12   ADMINISTRATIVO-CAT12     ;AB0A0A0000;SUBDIRECCION DE PREVISION SOCIAL                                                                                        ;182;ANT.PRE-JUBILATORIO ;    0;                    ;      0.00;       28554.36;  122; 1;1512;PRE-JUBILADO                  ;
370531;FLORES MARIO DANIEL           ;  16139387;20161393879; 3;PRE-JUBILADO                  ; 3;PRE-JUBILADO                  ; 6;JERARQUICO                    ; 2;SERENO                        ;6710;J2   SUBDIRECTOR              ;AB0A0A0000;SUBDIRECCION DE PREVISION SOCIAL                                                                                        ;182;ANT.PRE-JUBILATORIO ;    0;                    ;      0.00;      109700.93;  122; 1;1217;PRE-JUBILADO                  ;
371481;AGNESE ANTONIO                ;  12129403;20121294037; 3;PRE-JUBILADO                  ; 3;PRE-JUBILADO                  ; 6;INSPECCION                    ; 9;INSPECTOR DE LIMPIEZA         ;5901;11   INSPECTOR CAT.11         ;AB0A0A0000;SUBDIRECCION DE PREVISION SOCIAL                                                                                        ;182;ANT.PRE-JUBILATORIO ;    0;                    ;      0.00;       33972.20;  122; 1;1911;PRE-JUBILADO                  ;
373631;IRIARTE OMAR ALBERTO          ;  11438122;20114381226; 3;PRE-JUBILADO                  ; 3;PRE-JUBILADO                  ; 6;ADMINISTRATIVO                ; 5;ADMINISTRATIVO                ;4501;12   ADMINISTRATIVO-CAT12     ;AB0A0A0000;SUBDIRECCION DE PREVISION SOCIAL                                                                                        ;182;ANT.PRE-JUBILATORIO ;    0;                    ;      0.00;       35185.67;  122; 1;1512;PRE-JUBILADO                  ;
380931;BOVT ROSA MONICA              ;  12424674;27124246747; 3;PRE-JUBILADO                  ; 3;PRE-JUBILADO                  ; 6;ADMINISTRATIVO                ; 5;ADMINISTRATIVO                ;4501;12   ADMINISTRATIVO-CAT12     ;AB0A0A0000;SUBDIRECCION DE PREVISION SOCIAL                                                                                        ;182;ANT.PRE-JUBILATORIO ;    0;                    ;      0.00;       30237.72;  122; 1;1512;PRE-JUBILADO                  ;
380991;VEZZANI EDUARDO               ;  10258258;20102582587; 3;PRE-JUBILADO                  ; 3;PRE-JUBILADO                  ; 6;ADMINISTRATIVO                ; 5;ADMINISTRATIVO                ;4501;12   ADMINISTRATIVO-CAT12     ;AB0A0A0000;SUBDIRECCION DE PREVISION SOCIAL                                                                                        ;182;ANT.PRE-JUBILATORIO ;    0;                    ;      0.00;       40367.68;  122; 1;1512;PRE-JUBILADO                  ;
387612;ALMADA RAMON MIGUEL           ;  12481826;20124818266; 3;PRE-JUBILADO                  ; 3;PRE-JUBILADO                  ; 6;JERARQUICO                    ; 2;REPRESENTANTE FISCAL          ;9793;J2   SUBDIRECTOR              ;AB0A0A0000;SUBDIRECCION DE PREVISION SOCIAL                                                                                        ;182;ANT.PRE-JUBILATORIO ;    0;                    ;      0.00;      139227.80;  122; 1;1217;PRE-JUBILADO                  ;
389861;RODRIGUEZ HUGO ALBERTO        ;  11819759;20118197594; 3;PRE-JUBILADO                  ; 3;PRE-JUBILADO                  ; 6;ADMINISTRATIVO                ; 5;ADMINISTRATIVO                ;4501;12   ADMINISTRATIVO-CAT12     ;AB0A0A0000;SUBDIRECCION DE PREVISION SOCIAL                                                                                        ;182;ANT.PRE-JUBILATORIO ;    0;                    ;      0.00;       43348.45;  122; 1;1512;PRE-JUBILADO                  ;
391871;MUZZI DANIEL ADOLFO           ;  11492823;20114928233; 3;PRE-JUBILADO                  ; 3;PRE-JUBILADO                  ; 6;CARRERA MEDICA                ;39;TOCOGINECOLOGICO              ;9785;52   MEDICO HOSP. A 24 HS     ;AB0A0A0000;SUBDIRECCION DE PREVISION SOCIAL                                                                                        ;182;ANT.PRE-JUBILATORIO ;    0;                    ;      0.00;      107774.24;  122; 1;2352;PRE-JUBILADO                  ;
393061;RODRIGUEZ OSCAR               ;  10817956;20108179563; 3;PRE-JUBILADO                  ; 3;PRE-JUBILADO                  ; 6;PERSONAL MENSUALIZADO         ;40;ADMINISTRATIVO                ;4501;MA13   ADMINISTRATIVO  XIII   ;AB0A0A0000;SUBDIRECCION DE PREVISION SOCIAL                                                                                        ;182;ANT.PRE-JUBILATORIO ;    0;                    ;      0.00;       42837.71;  122; 1;5997;PRE-JUBILADO                  ;
394711;FORMOSO OSCAR                 ;  10784434;20107844342; 7;HORAS CATEDRA                 ; 7;TITULAR                       ; 2;HORA CATEDRA                  ;10;PROFESOR HORA CATEDRA         ;9481;PF   HORA CATEDRA PF. (2DEC.) ;AB0A0A0000;SUBDIRECCION DE PREVISION SOCIAL                                                                                        ;182;ANT.PRE-JUBILATORIO ;    0;                    ;      0.00;       36594.14;  122; 2;7805;HORAS CATEDRA                 ;
394721;FAMULARI ODILIA               ;  12270249;27122702494; 3;PRE-JUBILADO                  ; 3;PRE-JUBILADO                  ; 6;ADMINISTRATIVO                ; 5;ADMINISTRATIVO                ;4501;12   ADMINISTRATIVO-CAT12     ;AB0A0A0000;SUBDIRECCION DE PREVISION SOCIAL                                                                                        ;182;ANT.PRE-JUBILATORIO ;    0;                    ;      0.00;       52804.40;  122; 1;1512;PRE-JUBILADO                  ;
398721;SALAS JUAN RAMON              ;  12129451;20121294517; 3;PRE-JUBILADO                  ; 3;PRE-JUBILADO                  ; 6;OBRERO                        ; 6;PEON                          ;8601;10    OBRERO CAT.10           ;AB0A0A0000;SUBDIRECCION DE PREVISION SOCIAL                                                                                        ;182;ANT.PRE-JUBILATORIO ;    0;                    ;      0.00;       46248.02;  122; 1;1610;PRE-JUBILADO                  ;
403841;GONZALEZ JOSE LUIS            ;  12403746;20124037469; 3;PRE-JUBILADO                  ; 3;PRE-JUBILADO                  ; 6;OBRERO                        ; 6;PEON                          ;8601;10    OBRERO CAT.10           ;AB0A0A0000;SUBDIRECCION DE PREVISION SOCIAL                                                                                        ;182;ANT.PRE-JUBILATORIO ;    0;                    ;      0.00;       54150.56;  122; 1;1610;PRE-JUBILADO                  ;
403971;DENIS ANTONIO                 ;   8373089;20083730898; 3;PRE-JUBILADO                  ; 3;PRE-JUBILADO                  ; 6;OBRERO                        ; 6;PEON                          ;8601;06   OBRERO CAT.06            ;AB0A0A0000;SUBDIRECCION DE PREVISION SOCIAL                                                                                        ;158;LICENCIA NO GOZADA  ;    0;                    ;      0.00;       61902.56;  122; 1;1606;PRE-JUBILADO                  ;
403971;DENIS ANTONIO                 ;   8373089;20083730898; 3;PRE-JUBILADO                  ; 3;PRE-JUBILADO                  ; 6;OBRERO                        ; 6;PEON                          ;8601;06   OBRERO CAT.06            ;AB0A0A0000;SUBDIRECCION DE PREVISION SOCIAL                                                                                        ;182;ANT.PRE-JUBILATORIO ;    0;                    ;      0.00;       31198.89;  122; 1;1606;PRE-JUBILADO                  ;
403971;DENIS ANTONIO                 ;   8373089;20083730898; 3;PRE-JUBILADO                  ; 3;PRE-JUBILADO                  ; 6;OBRERO                        ; 6;PEON                          ;8601;06   OBRERO CAT.06            ;AB0A0A0000;SUBDIRECCION DE PREVISION SOCIAL                                                                                        ;365;HORAS EXTRAS 50%    ;    0;                    ;      0.00;        2110.31; 1221; 1;1606;PRE-JUBILADO                  ;
403971;DENIS ANTONIO                 ;   8373089;20083730898; 3;PRE-JUBILADO                  ; 3;PRE-JUBILADO                  ; 6;OBRERO                        ; 6;PEON                          ;8601;06   OBRERO CAT.06            ;AB0A0A0000;SUBDIRECCION DE PREVISION SOCIAL                                                                                        ;441;OBRA SOCIAL         ;    0;                    ;      0.00;         -63.31;    0; 1;1606;PRE-JUBILADO                  ;
406181;FRANCO MARTIREZ ALBERTO       ;  11853283;20118532830; 3;PRE-JUBILADO                  ; 3;PRE-JUBILADO                  ; 6;OBRERO                        ; 6;EMPLEADO DE CUADRILLA         ;9817;10    OBRERO CAT.10           ;AB0A0A0000;SUBDIRECCION DE PREVISION SOCIAL                                                                                        ;158;LICENCIA NO GOZADA  ;    0;                    ;      0.00;      103975.30;  122; 1;1610;PRE-JUBILADO                  ;
406181;FRANCO MARTIREZ ALBERTO       ;  11853283;20118532830; 3;PRE-JUBILADO                  ; 3;PRE-JUBILADO                  ; 6;OBRERO                        ; 6;EMPLEADO DE CUADRILLA         ;9817;10    OBRERO CAT.10           ;AB0A0A0000;SUBDIRECCION DE PREVISION SOCIAL                                                                                        ;182;ANT.PRE-JUBILATORIO ;    0;                    ;      0.00;       50388.03;  122; 1;1610;PRE-JUBILADO                  ;
406241;VERA JOAQUIN ROQUE            ;  11890262;23118902629; 3;PRE-JUBILADO                  ; 3;PRE-JUBILADO                  ; 6;SERVICIO                      ; 7;SERENO                        ;6710;10   SERVICIO CAT.10          ;AB0A0A0000;SUBDIRECCION DE PREVISION SOCIAL                                                                                        ;182;ANT.PRE-JUBILATORIO ;    0;                    ;      0.00;       34867.06;  122; 1;1710;PRE-JUBILADO                  ;
407511;MORALES MARIA VICTORIA        ;  12096131;23120961314; 3;PRE-JUBILADO                  ; 3;PRE-JUBILADO                  ; 6;ADMINISTRATIVO                ; 5;ADMINISTRATIVO                ;4501;12   ADMINISTRATIVO-CAT12     ;AB0A0A0000;SUBDIRECCION DE PREVISION SOCIAL                                                                                        ;182;ANT.PRE-JUBILATORIO ;    0;                    ;      0.00;       43064.65;  122; 1;1512;PRE-JUBILADO                  ;
407861;BARROS ANGEL OMAR             ;  11969813;20119698139; 3;PRE-JUBILADO                  ; 3;PRE-JUBILADO                  ; 6;OBRERO                        ; 6;PEON                          ;8601;10    OBRERO CAT.10           ;AB0A0A0000;SUBDIRECCION DE PREVISION SOCIAL                                                                                        ;182;ANT.PRE-JUBILATORIO ;    0;                    ;      0.00;       42792.57;  122; 1;1610;PRE-JUBILADO                  ;
408101;SILVA OSCAR HECTOR            ;  10862871;20108628716; 3;PRE-JUBILADO                  ; 3;PRE-JUBILADO                  ; 6;INSPECCION                    ; 9;INSPECTOR DE OBRAS            ;2903;11   INSPECTOR CAT.11         ;AB0A0A0000;SUBDIRECCION DE PREVISION SOCIAL                                                                                        ;182;ANT.PRE-JUBILATORIO ;    0;                    ;      0.00;       32289.37;  122; 1;1911;PRE-JUBILADO                  ;
409181;GREGORINI CARLOS ENRIQUE      ;  10325861;20103258619; 3;PRE-JUBILADO                  ; 3;PRE-JUBILADO                  ; 6;SERVICIO                      ; 7;CHOFER AMBULANCIA-FUNCIONARIOS;3705;06   SERVICIO CAT.06          ;AB0A0A0000;SUBDIRECCION DE PREVISION SOCIAL                                                                                        ;182;ANT.PRE-JUBILATORIO ;    0;                    ;      0.00;       36331.37;  122; 1;1706;PRE-JUBILADO                  ;
411181;GORDON HUGO ALFREDO           ;  10325823;20103258236; 3;PRE-JUBILADO                  ; 3;PRE-JUBILADO                  ; 6;SERVICIO                      ; 7;CHOFER AMBULANCIA-FUNCIONARIOS;3705;10   SERVICIO CAT.10          ;AB0A0A0000;SUBDIRECCION DE PREVISION SOCIAL                                                                                        ;158;LICENCIA NO GOZADA  ;    0;                    ;      0.00;       32247.54;  122; 1;1710;PRE-JUBILADO                  ;
414991;GOMEZ DEL PILAR               ;  12609766;27126097668; 3;PRE-JUBILADO                  ; 3;PRE-JUBILADO                  ; 6;SERVICIO                      ; 7;SERVICIO                      ;9740;10   SERVICIO CAT.10          ;AB0A0A0000;SUBDIRECCION DE PREVISION SOCIAL                                                                                        ;158;LICENCIA NO GOZADA  ;    0;                    ;      0.00;       58951.74;  122; 1;1710;PRE-JUBILADO                  ;
414991;GOMEZ DEL PILAR               ;  12609766;27126097668; 3;PRE-JUBILADO                  ; 3;PRE-JUBILADO                  ; 6;SERVICIO                      ; 7;SERVICIO                      ;9740;10   SERVICIO CAT.10          ;AB0A0A0000;SUBDIRECCION DE PREVISION SOCIAL                                                                                        ;182;ANT.PRE-JUBILATORIO ;    0;                    ;      0.00;       29570.19;  122; 1;1710;PRE-JUBILADO                  ;
414991;GOMEZ DEL PILAR               ;  12609766;27126097668; 3;PRE-JUBILADO                  ; 3;PRE-JUBILADO                  ; 6;SERVICIO                      ; 7;SERVICIO                      ;9740;10   SERVICIO CAT.10          ;AB0A0A0000;SUBDIRECCION DE PREVISION SOCIAL                                                                                        ;390;SUELDO ANUAL COMPLEM;    0;                    ;      0.00;       29475.87;  122; 1;1710;PRE-JUBILADO                  ;
414991;GOMEZ DEL PILAR               ;  12609766;27126097668; 3;PRE-JUBILADO                  ; 3;PRE-JUBILADO                  ; 6;SERVICIO                      ; 7;SERVICIO                      ;9740;10   SERVICIO CAT.10          ;AB0A0A0000;SUBDIRECCION DE PREVISION SOCIAL                                                                                        ;463;OBRA SOCIAL SAC     ;    0;                    ;      0.00;        -884.28;    0; 1;1710;PRE-JUBILADO                  ;
414991;GOMEZ DEL PILAR               ;  12609766;27126097668; 3;PRE-JUBILADO                  ; 3;PRE-JUBILADO                  ; 6;SERVICIO                      ; 7;SERVICIO                      ;9740;10   SERVICIO CAT.10          ;AB0A0A0000;SUBDIRECCION DE PREVISION SOCIAL                                                                                        ;465;I.P.S. 14 SAC       ;    0;                    ;      0.00;       -4126.62;    0; 1;1710;PRE-JUBILADO                  ;
417701;LUGONES RUBEN ARTURO          ;  11907479;20119074798; 3;PRE-JUBILADO                  ; 3;PRE-JUBILADO                  ; 6;TECNICO                       ; 4;VIGILADOR PROGRAMA INTEGRAL DE;9828;13   TECNICO CAT.13           ;AB0A0A0000;SUBDIRECCION DE PREVISION SOCIAL                                                                                        ;182;ANT.PRE-JUBILATORIO ;    0;                    ;      0.00;       47418.09;  122; 1;1413;PRE-JUBILADO                  ;
419161;TABLADA MIGUEL ANGEL          ;  12245995;20122459951; 3;PRE-JUBILADO                  ; 3;PRE-JUBILADO                  ; 6;TECNICO                       ; 4;VIGILADOR PROGRAMA INTEGRAL DE;9828;13   TECNICO CAT.13           ;AB0A0A0000;SUBDIRECCION DE PREVISION SOCIAL                                                                                        ;182;ANT.PRE-JUBILATORIO ;    0;                    ;      0.00;       47364.58;  122; 1;1413;PRE-JUBILADO                  ;
437471;LLAMBI MARIA INES             ;  12082376;27120823766; 3;PRE-JUBILADO                  ; 3;PRE-JUBILADO                  ; 6;MUSICOS ORQUESTA              ;35;MUSICO                        ;6409;OS1    CONCERTINO             ;AB0A0A0000;SUBDIRECCION DE PREVISION SOCIAL                                                                                        ;182;ANT.PRE-JUBILATORIO ;    0;                    ;      0.00;       62166.20;  122; 1;9011;PRE-JUBILADO                  ;
