LEGAJO;NOMBRE Y APELLIDO;DOCUMENTO;CUIL;GRUPO LIQUIDACION;DESCRIPCION GRUPO LIQUIDACION;CODIGO TIPO DE PLANTA;DESCRIPCION TIPO DE PLANTA;CODIGO TIPO DE PUESTO;DESCRIPCION TIPO DE PUESTO;CODIGO GRUPO PERSONAL;DESCRIPCION GRUPO PERSONAL;CODIGO DE FUNCION;DESCRIPCION FUNCION;CODEP;DESCRIPCION CODEP;CODIGO DE CONCEPTO;DESCRIPCION DE CONCEPTO;CODIGO DE ENTIDAD;DESCRIPCION DE ENTIDAD;UNIDADES;IMPORTE;ANO-MES RETROACTIVO;ESCALAFON;CATEGORIA;DESCRIPCION
136331;CARRASCO ROBERTO OMAR         ;13437119;20134371197;3;PRE-JUBILADO                  ;3;PRE-JUBILADO                  ;6;PRE-JUBILADO                  ;5;ADMINISTRATIVO                ;4501;ADMINISTRATIVO                ;AB0A0A0000;SUBDIRECCION DE PREVISION SOCIAL                                                                                        ;182;ANT.PRE-JUBILATORIO ;0;                    ;      0.00;       93254.28;223;1;1512;12   ADMINISTRATIVO-CAT12     
136331;CARRASCO ROBERTO OMAR         ;13437119;20134371197;3;PRE-JUBILADO                  ;3;PRE-JUBILADO                  ;6;PRE-JUBILADO                  ;5;ADMINISTRATIVO                ;4501;ADMINISTRATIVO                ;AB0A0A0000;SUBDIRECCION DE PREVISION SOCIAL                                                                                        ;209;C VIVIENDA MUNICIPAL;0;                    ;      0.00;      -18198.28;223;1;1512;12   ADMINISTRATIVO-CAT12     
136331;CARRASCO ROBERTO OMAR         ;13437119;20134371197;3;PRE-JUBILADO                  ;3;PRE-JUBILADO                  ;6;PRE-JUBILADO                  ;5;ADMINISTRATIVO                ;4501;ADMINISTRATIVO                ;AB0A0A0000;SUBDIRECCION DE PREVISION SOCIAL                                                                                        ;210;SEGURO VIDA VIVIENDA;0;                    ;      0.00;       -3414.29;223;1;1512;12   ADMINISTRATIVO-CAT12     
141571;FERNANDEZ OSCAR ROBERTO       ;12096153;20120961536;3;PRE-JUBILADO                  ;3;PRE-JUBILADO                  ;6;PRE-JUBILADO                  ;9;INSPECCION                    ;2903;INSPECTOR DE OBRAS            ;AB0A0A0000;SUBDIRECCION DE PREVISION SOCIAL                                                                                        ;182;ANT.PRE-JUBILATORIO ;0;                    ;      0.00;      205789.83;223;1;1911;11   INSPECTOR CAT.11         
149262;MENDEZ MIRTA                  ;14643982;27146439824;3;PRE-JUBILADO                  ;3;PRE-JUBILADO                  ;6;PRE-JUBILADO                  ;2;JERARQUICO                    ;1203;JEFE-A DIVISION               ;AB0A0A0000;SUBDIRECCION DE PREVISION SOCIAL                                                                                        ;182;ANT.PRE-JUBILATORIO ;0;                    ;      0.00;      171887.46;223;1;1817;AJ2   SUBDIRECTOR S/FUNC.     
157952;DOURADO DANIEL                ;14557468;20145574685;3;PRE-JUBILADO                  ;3;PRE-JUBILADO                  ;6;PRE-JUBILADO                  ;2;JERARQUICO                    ;1201;SUBDIRECTOR-A                 ;AB0A0A0000;SUBDIRECCION DE PREVISION SOCIAL                                                                                        ;182;ANT.PRE-JUBILATORIO ;0;                    ;      0.00;      287511.35;223;1;1217;J2   SUBDIRECTOR              
158311;SAAVEDRA DORA HILDA           ;14056589;27140565895;3;PRE-JUBILADO                  ;3;PRE-JUBILADO                  ;6;PRE-JUBILADO                  ;5;ADMINISTRATIVO                ;4501;ADMINISTRATIVO                ;AB0A0A0000;SUBDIRECCION DE PREVISION SOCIAL                                                                                        ;182;ANT.PRE-JUBILATORIO ;0;                    ;      0.00;      140835.92;223;1;1512;12   ADMINISTRATIVO-CAT12     
159451;BELCOLLE FERNANDO EDGARDO     ;14825901;20148259012;3;PRE-JUBILADO                  ;3;PRE-JUBILADO                  ;6;PRE-JUBILADO                  ;9;INSPECCION                    ;5901;INSPECTOR DE LIMPIEZA         ;AB0A0A0000;SUBDIRECCION DE PREVISION SOCIAL                                                                                        ;178;SEIS MENSUALIDADES  ;0;                    ;      0.00;      272654.88;223;1;1911;11   INSPECTOR CAT.11         
159451;BELCOLLE FERNANDO EDGARDO     ;14825901;20148259012;3;PRE-JUBILADO                  ;3;PRE-JUBILADO                  ;6;PRE-JUBILADO                  ;9;INSPECCION                    ;5901;INSPECTOR DE LIMPIEZA         ;AB0A0A0000;SUBDIRECCION DE PREVISION SOCIAL                                                                                        ;182;ANT.PRE-JUBILATORIO ;0;                    ;      0.00;      114101.20;223;1;1911;11   INSPECTOR CAT.11         
161101;MENDIGUIBEL ELBA MABEL        ;11222828;23112228284;3;PRE-JUBILADO                  ;3;PRE-JUBILADO                  ;6;PRE-JUBILADO                  ;39;CARRERA MEDICA                ;2310;OBSTETRA                      ;AB0A0A0000;SUBDIRECCION DE PREVISION SOCIAL                                                                                        ;182;ANT.PRE-JUBILATORIO ;0;                    ;      0.00;      217898.23;223;1;2353;53   MEDICO HOSP. A 36 HS     
163381;AXOTIADIS JORGE LUIS          ;14413275;20144132751;3;PRE-JUBILADO                  ;3;PRE-JUBILADO                  ;6;PRE-JUBILADO                  ;3;PROFESIONAL                   ;2903;INSPECTOR DE OBRAS            ;AB0A0A0000;SUBDIRECCION DE PREVISION SOCIAL                                                                                        ;182;ANT.PRE-JUBILATORIO ;0;                    ;      0.00;      142425.96;223;1;1911;11   INSPECTOR CAT.11         
164191;MIRANDA MARIA RAMONA          ;11694653;27116946535;3;PRE-JUBILADO                  ;3;PRE-JUBILADO                  ;6;PRE-JUBILADO                  ;39;CARRERA MEDICA                ;4156;MEDICO                        ;AB0A0A0000;SUBDIRECCION DE PREVISION SOCIAL                                                                                        ;182;ANT.PRE-JUBILATORIO ;0;                    ;      0.00;      217317.81;223;1;2352;52   MEDICO HOSP. A 24 HS     
164681;ALLERES SUSANA GRACIELA       ;14922873;27149228735;3;PRE-JUBILADO                  ;3;PRE-JUBILADO                  ;6;PRE-JUBILADO                  ;2;JERARQUICO                    ;1203;JEFE-A DIVISION               ;AB0A0A0000;SUBDIRECCION DE PREVISION SOCIAL                                                                                        ;182;ANT.PRE-JUBILATORIO ;0;                    ;      0.00;      190754.07;223;1;3817;17   JERARQ.S.FUNC.17-HCD     
164931;TAGLIA JOSEFINA MARIA         ;13391714;23133917144;3;PRE-JUBILADO                  ;3;PRE-JUBILADO                  ;6;PRE-JUBILADO                  ;39;CARRERA MEDICA                ;9770;ODONTOLOGO-A                  ;AB0A0A0000;SUBDIRECCION DE PREVISION SOCIAL                                                                                        ;182;ANT.PRE-JUBILATORIO ;0;                    ;      0.00;      298063.15;223;1;2353;53   MEDICO HOSP. A 36 HS     
165001;ARIAS CRISTINA MIRTA          ;14056972;27140569726;3;PRE-JUBILADO                  ;3;PRE-JUBILADO                  ;6;PRE-JUBILADO                  ;39;CARRERA MEDICA                ;9770;ODONTOLOGO-A                  ;AB0A0A0000;SUBDIRECCION DE PREVISION SOCIAL                                                                                        ;182;ANT.PRE-JUBILATORIO ;0;                    ;      0.00;      330236.77;223;1;2353;53   MEDICO HOSP. A 36 HS     
167001;GONZALEZ SILVIA BEATRIZ       ;13368119;27133681197;3;PRE-JUBILADO                  ;3;PRE-JUBILADO                  ;6;PRE-JUBILADO                  ;39;CARRERA MEDICA                ;9782;PEDIATRA                      ;AB0A0A0000;SUBDIRECCION DE PREVISION SOCIAL                                                                                        ;182;ANT.PRE-JUBILATORIO ;0;                    ;      0.00;      208266.48;223;1;2353;53   MEDICO HOSP. A 36 HS     
167242;PERSICO DANIEL MARIO          ;16025070;20160250705;3;PRE-JUBILADO                  ;3;PRE-JUBILADO                  ;6;PRE-JUBILADO                  ;39;CARRERA MEDICA                ;4156;MEDICO                        ;AB0A0A0000;SUBDIRECCION DE PREVISION SOCIAL                                                                                        ;178;SEIS MENSUALIDADES  ;0;                    ;      0.00;      654113.76;223;1;2353;53   MEDICO HOSP. A 36 HS     
167242;PERSICO DANIEL MARIO          ;16025070;20160250705;3;PRE-JUBILADO                  ;3;PRE-JUBILADO                  ;6;PRE-JUBILADO                  ;39;CARRERA MEDICA                ;4156;MEDICO                        ;AB0A0A0000;SUBDIRECCION DE PREVISION SOCIAL                                                                                        ;182;ANT.PRE-JUBILATORIO ;0;                    ;      0.00;      269099.22;223;1;2353;53   MEDICO HOSP. A 36 HS     
167242;PERSICO DANIEL MARIO          ;16025070;20160250705;3;PRE-JUBILADO                  ;3;PRE-JUBILADO                  ;6;PRE-JUBILADO                  ;39;CARRERA MEDICA                ;4156;MEDICO                        ;AB0A0A0000;SUBDIRECCION DE PREVISION SOCIAL                                                                                        ;980;IMP. A LAS GANANCIAS;0;                    ;      0.00;       -1498.25;0;1;2353;53   MEDICO HOSP. A 36 HS     
167421;GIL NELIDA SUSANA             ;10879609;27108796095;3;PRE-JUBILADO                  ;3;PRE-JUBILADO                  ;6;PRE-JUBILADO                  ;39;CARRERA MEDICA                ;300;JEFE DE UNIDAD SANITARIA      ;AO0A000015;UNIDAD SANITARIA N 15                                                                                                   ;182;ANT.PRE-JUBILATORIO ;0;                    ;      0.00;      172356.52;223;1;2352;52   MEDICO HOSP. A 24 HS     
167852;CANOSA PERLA BEATRIZ          ;13078047;23130780474;3;PRE-JUBILADO                  ;3;PRE-JUBILADO                  ;6;PRE-JUBILADO                  ;39;CARRERA MEDICA                ;9777;JEFE DE INSTITUTO             ;AB0A0A0000;SUBDIRECCION DE PREVISION SOCIAL                                                                                        ;182;ANT.PRE-JUBILATORIO ;0;                    ;      0.00;      282181.50;223;1;2353;53   MEDICO HOSP. A 36 HS     
167852;CANOSA PERLA BEATRIZ          ;13078047;23130780474;3;PRE-JUBILADO                  ;3;PRE-JUBILADO                  ;6;PRE-JUBILADO                  ;39;CARRERA MEDICA                ;9777;JEFE DE INSTITUTO             ;AB0A0A0000;SUBDIRECCION DE PREVISION SOCIAL                                                                                        ;980;IMP. A LAS GANANCIAS;0;                    ;      0.00;        2297.76;0;1;2353;53   MEDICO HOSP. A 36 HS     
168071;CALLISTI MIRIAN EDITH         ;14950398;27149503981;3;PRE-JUBILADO                  ;3;PRE-JUBILADO                  ;6;PRE-JUBILADO                  ;39;CARRERA MEDICA                ;1311;LICENCIADO PSICOLOGIA         ;AB0A0A0000;SUBDIRECCION DE PREVISION SOCIAL                                                                                        ;182;ANT.PRE-JUBILATORIO ;0;                    ;      0.00;      179546.98;223;1;2352;52   MEDICO HOSP. A 24 HS     
168401;SAUX PETRONA EVA              ;13678402;27136784027;3;PRE-JUBILADO                  ;3;PRE-JUBILADO                  ;6;PRE-JUBILADO                  ;5;ADMINISTRATIVO                ;4501;ADMINISTRATIVO                ;AB0A0A0000;SUBDIRECCION DE PREVISION SOCIAL                                                                                        ;178;SEIS MENSUALIDADES  ;0;                    ;      0.00;      274174.86;223;1;1512;12   ADMINISTRATIVO-CAT12     
168401;SAUX PETRONA EVA              ;13678402;27136784027;3;PRE-JUBILADO                  ;3;PRE-JUBILADO                  ;6;PRE-JUBILADO                  ;5;ADMINISTRATIVO                ;4501;ADMINISTRATIVO                ;AB0A0A0000;SUBDIRECCION DE PREVISION SOCIAL                                                                                        ;182;ANT.PRE-JUBILATORIO ;0;                    ;      0.00;      128286.23;223;1;1512;12   ADMINISTRATIVO-CAT12     
168971;GOMEZ ELVIRA BEATRIZ          ;16615423;27166154230;1;PLANTA PERMANENTE CAT 11-18   ;1;PLANTA PERMANENTE             ;1;EFECTIVO                      ;5;ADMINISTRATIVO                ;4501;ADMINISTRATIVO                ;AB0A0A0000;SUBDIRECCION DE PREVISION SOCIAL                                                                                        ;101;SUELDO BASICO       ;0;                    ;      0.00;       31987.07;223;1;1512;12   ADMINISTRATIVO-CAT12     
168971;GOMEZ ELVIRA BEATRIZ          ;16615423;27166154230;1;PLANTA PERMANENTE CAT 11-18   ;1;PLANTA PERMANENTE             ;1;EFECTIVO                      ;5;ADMINISTRATIVO                ;4501;ADMINISTRATIVO                ;AB0A0A0000;SUBDIRECCION DE PREVISION SOCIAL                                                                                        ;104;ANTIGUEDAD          ;0;                    ;      0.00;       28468.49;223;1;1512;12   ADMINISTRATIVO-CAT12     
168971;GOMEZ ELVIRA BEATRIZ          ;16615423;27166154230;1;PLANTA PERMANENTE CAT 11-18   ;1;PLANTA PERMANENTE             ;1;EFECTIVO                      ;5;ADMINISTRATIVO                ;4501;ADMINISTRATIVO                ;AB0A0A0000;SUBDIRECCION DE PREVISION SOCIAL                                                                                        ;105;TITULO              ;0;                    ;      0.00;        6942.19;223;1;1512;12   ADMINISTRATIVO-CAT12     
168971;GOMEZ ELVIRA BEATRIZ          ;16615423;27166154230;1;PLANTA PERMANENTE CAT 11-18   ;1;PLANTA PERMANENTE             ;1;EFECTIVO                      ;5;ADMINISTRATIVO                ;4501;ADMINISTRATIVO                ;AB0A0A0000;SUBDIRECCION DE PREVISION SOCIAL                                                                                        ;115;BONIF.COMPUTACION   ;0;                    ;      0.00;       15993.53;223;1;1512;12   ADMINISTRATIVO-CAT12     
168971;GOMEZ ELVIRA BEATRIZ          ;16615423;27166154230;1;PLANTA PERMANENTE CAT 11-18   ;1;PLANTA PERMANENTE             ;1;EFECTIVO                      ;5;ADMINISTRATIVO                ;4501;ADMINISTRATIVO                ;AB0A0A0000;SUBDIRECCION DE PREVISION SOCIAL                                                                                        ;119;BON.REMUN.NO BONIF. ;0;                    ;      0.00;        4200.00;223;1;1512;12   ADMINISTRATIVO-CAT12     
168971;GOMEZ ELVIRA BEATRIZ          ;16615423;27166154230;1;PLANTA PERMANENTE CAT 11-18   ;1;PLANTA PERMANENTE             ;1;EFECTIVO                      ;5;ADMINISTRATIVO                ;4501;ADMINISTRATIVO                ;AB0A0A0000;SUBDIRECCION DE PREVISION SOCIAL                                                                                        ;126;TRABAJO EN EQUIPO   ;0;                    ;      0.00;        3101.35;223;1;1512;12   ADMINISTRATIVO-CAT12     
168971;GOMEZ ELVIRA BEATRIZ          ;16615423;27166154230;1;PLANTA PERMANENTE CAT 11-18   ;1;PLANTA PERMANENTE             ;1;EFECTIVO                      ;5;ADMINISTRATIVO                ;4501;ADMINISTRATIVO                ;AB0A0A0000;SUBDIRECCION DE PREVISION SOCIAL                                                                                        ;159;BONIFIC. RETRIBUTIVA;0;                    ;      0.00;       36551.96;223;1;1512;12   ADMINISTRATIVO-CAT12     
168971;GOMEZ ELVIRA BEATRIZ          ;16615423;27166154230;1;PLANTA PERMANENTE CAT 11-18   ;1;PLANTA PERMANENTE             ;1;EFECTIVO                      ;5;ADMINISTRATIVO                ;4501;ADMINISTRATIVO                ;AB0A0A0000;SUBDIRECCION DE PREVISION SOCIAL                                                                                        ;440;I.P.S. 14           ;0;                    ;      0.00;      -25448.92;0;1;1512;12   ADMINISTRATIVO-CAT12     
168971;GOMEZ ELVIRA BEATRIZ          ;16615423;27166154230;1;PLANTA PERMANENTE CAT 11-18   ;1;PLANTA PERMANENTE             ;1;EFECTIVO                      ;5;ADMINISTRATIVO                ;4501;ADMINISTRATIVO                ;AB0A0A0000;SUBDIRECCION DE PREVISION SOCIAL                                                                                        ;441;OBRA SOCIAL         ;0;                    ;      0.00;       -5453.34;0;1;1512;12   ADMINISTRATIVO-CAT12     
169331;LALLERA SILVIA SUSANA         ;14987683;27149876834;3;PRE-JUBILADO                  ;3;PRE-JUBILADO                  ;6;PRE-JUBILADO                  ;5;ADMINISTRATIVO                ;4501;ADMINISTRATIVO                ;AB0A0A0000;SUBDIRECCION DE PREVISION SOCIAL                                                                                        ;178;SEIS MENSUALIDADES  ;0;                    ;      0.00;      274174.86;223;1;1512;12   ADMINISTRATIVO-CAT12     
169331;LALLERA SILVIA SUSANA         ;14987683;27149876834;3;PRE-JUBILADO                  ;3;PRE-JUBILADO                  ;6;PRE-JUBILADO                  ;5;ADMINISTRATIVO                ;4501;ADMINISTRATIVO                ;AB0A0A0000;SUBDIRECCION DE PREVISION SOCIAL                                                                                        ;182;ANT.PRE-JUBILATORIO ;0;                    ;      0.00;      102651.44;223;1;1512;12   ADMINISTRATIVO-CAT12     
169342;DIAZ PATRICIA LUCIA           ;16138938;27161389388;3;PRE-JUBILADO                  ;3;PRE-JUBILADO                  ;6;PRE-JUBILADO                  ;7;SERVICIO                      ;9793;REPRESENTANTE FISCAL          ;AB0A0A0000;SUBDIRECCION DE PREVISION SOCIAL                                                                                        ;182;ANT.PRE-JUBILATORIO ;0;                    ;      0.00;      162323.03;223;1;1503;B3   NOTIFICADOR              
170471;YOCCO ROSA DEL CARMEN         ;12583268;27125832682;3;PRE-JUBILADO                  ;3;PRE-JUBILADO                  ;6;PRE-JUBILADO                  ;3;PROFESIONAL                   ;1301;ABOGADO-A                     ;AB0A0A0000;SUBDIRECCION DE PREVISION SOCIAL                                                                                        ;182;ANT.PRE-JUBILATORIO ;0;                    ;      0.00;      120335.23;223;1;1313;13A   PROFESIONAL             
170822;BALADO JUAN HORACIO           ;11721474;20117214746;3;PRE-JUBILADO                  ;3;PRE-JUBILADO                  ;6;PRE-JUBILADO                  ;2;JERARQUICO                    ;1201;SUBDIRECTOR-A                 ;AB0A0A0000;SUBDIRECCION DE PREVISION SOCIAL                                                                                        ;182;ANT.PRE-JUBILATORIO ;0;                    ;      0.00;      164569.72;223;1;1217;J2   SUBDIRECTOR              
171551;QUEVEDO ROQUE ALFREDO         ;12581169;20125811699;3;PRE-JUBILADO                  ;3;PRE-JUBILADO                  ;6;PRE-JUBILADO                  ;6;OBRERO                        ;2601;CAPATAZ DE CUADRILLA          ;AB0A0A0000;SUBDIRECCION DE PREVISION SOCIAL                                                                                        ;182;ANT.PRE-JUBILATORIO ;0;                    ;      0.00;      115228.77;223;1;1610;10    OBRERO CAT.10           
171742;ACEVEDO LUCIANO               ;14836421;20148364215;3;PRE-JUBILADO                  ;3;PRE-JUBILADO                  ;6;PRE-JUBILADO                  ;2;JERARQUICO                    ;1210;JEFE DE SECCION               ;AB0A0A0000;SUBDIRECCION DE PREVISION SOCIAL                                                                                        ;178;SEIS MENSUALIDADES  ;0;                    ;      0.00;      323309.64;223;1;1817;AJ2   SUBDIRECTOR S/FUNC.     
171742;ACEVEDO LUCIANO               ;14836421;20148364215;3;PRE-JUBILADO                  ;3;PRE-JUBILADO                  ;6;PRE-JUBILADO                  ;2;JERARQUICO                    ;1210;JEFE DE SECCION               ;AB0A0A0000;SUBDIRECCION DE PREVISION SOCIAL                                                                                        ;182;ANT.PRE-JUBILATORIO ;0;                    ;      0.00;      260157.76;223;1;1817;AJ2   SUBDIRECTOR S/FUNC.     
171742;ACEVEDO LUCIANO               ;14836421;20148364215;3;PRE-JUBILADO                  ;3;PRE-JUBILADO                  ;6;PRE-JUBILADO                  ;2;JERARQUICO                    ;1210;JEFE DE SECCION               ;AB0A0A0000;SUBDIRECCION DE PREVISION SOCIAL                                                                                        ;980;IMP. A LAS GANANCIAS;0;                    ;      0.00;        -988.04;0;1;1817;AJ2   SUBDIRECTOR S/FUNC.     
172992;SOSA VIRGINIA NOEMI           ;11542620;27115426201;3;PRE-JUBILADO                  ;3;PRE-JUBILADO                  ;6;PRE-JUBILADO                  ;2;JERARQUICO                    ;1201;SUBDIRECTOR-A                 ;AMD0000000;SUBSECRETARIA DE INFRAESTUCTURA                                                                                         ;182;ANT.PRE-JUBILATORIO ;0;                    ;      0.00;      217006.67;223;1;1217;J2   SUBDIRECTOR              
173352;PADELLARO CLAUDIA SUSANA      ;16105588;27161055889;3;PRE-JUBILADO                  ;3;PRE-JUBILADO                  ;6;PRE-JUBILADO                  ;2;JERARQUICO                    ;1203;JEFE-A DIVISION               ;AB0A0A0000;SUBDIRECCION DE PREVISION SOCIAL                                                                                        ;178;SEIS MENSUALIDADES  ;0;                    ;      0.00;      323309.64;223;1;1817;AJ2   SUBDIRECTOR S/FUNC.     
173352;PADELLARO CLAUDIA SUSANA      ;16105588;27161055889;3;PRE-JUBILADO                  ;3;PRE-JUBILADO                  ;6;PRE-JUBILADO                  ;2;JERARQUICO                    ;1203;JEFE-A DIVISION               ;AB0A0A0000;SUBDIRECCION DE PREVISION SOCIAL                                                                                        ;182;ANT.PRE-JUBILATORIO ;0;                    ;      0.00;      132802.66;223;1;1817;AJ2   SUBDIRECTOR S/FUNC.     
174312;LLANOS CARLA ROSABEL          ;13581138;27135811381;3;PRE-JUBILADO                  ;3;PRE-JUBILADO                  ;6;PRE-JUBILADO                  ;39;CARRERA MEDICA                ;3303;PSICOPEDAGOGO-A               ;AB0A0A0000;SUBDIRECCION DE PREVISION SOCIAL                                                                                        ;182;ANT.PRE-JUBILATORIO ;0;                    ;      0.00;      289317.32;223;1;2353;53   MEDICO HOSP. A 36 HS     
175181;ANDORRA LILIAN BEATRIZ        ;14877404;27148774043;3;PRE-JUBILADO                  ;3;PRE-JUBILADO                  ;6;PRE-JUBILADO                  ;39;CARRERA MEDICA                ;1311;LICENCIADO PSICOLOGIA         ;AO0A000005;UNIDAD SANITARIA N 05                                                                                                   ;182;ANT.PRE-JUBILATORIO ;0;                    ;      0.00;      186524.19;223;1;2352;52   MEDICO HOSP. A 24 HS     
176081;ZUNINO SANDRA MARCELA         ;14820453;27148204530;3;PRE-JUBILADO                  ;3;PRE-JUBILADO                  ;6;PRE-JUBILADO                  ;2;JERARQUICO                    ;1201;SUBDIRECTOR-A                 ;AB0A0A0000;SUBDIRECCION DE PREVISION SOCIAL                                                                                        ;158;LICENCIA NO GOZADA  ;0;                    ;      0.00;       42922.87;223;1;1217;J2   SUBDIRECTOR              
176081;ZUNINO SANDRA MARCELA         ;14820453;27148204530;3;PRE-JUBILADO                  ;3;PRE-JUBILADO                  ;6;PRE-JUBILADO                  ;2;JERARQUICO                    ;1201;SUBDIRECTOR-A                 ;AB0A0A0000;SUBDIRECCION DE PREVISION SOCIAL                                                                                        ;158;LICENCIA NO GOZADA  ;0;                    ;      0.00;       25753.72;223;1;1217;J2   SUBDIRECTOR              
176081;ZUNINO SANDRA MARCELA         ;14820453;27148204530;3;PRE-JUBILADO                  ;3;PRE-JUBILADO                  ;6;PRE-JUBILADO                  ;2;JERARQUICO                    ;1201;SUBDIRECTOR-A                 ;AB0A0A0000;SUBDIRECCION DE PREVISION SOCIAL                                                                                        ;178;SEIS MENSUALIDADES  ;0;                    ;      0.00;      323309.64;223;1;1217;J2   SUBDIRECTOR              
176081;ZUNINO SANDRA MARCELA         ;14820453;27148204530;3;PRE-JUBILADO                  ;3;PRE-JUBILADO                  ;6;PRE-JUBILADO                  ;2;JERARQUICO                    ;1201;SUBDIRECTOR-A                 ;AB0A0A0000;SUBDIRECCION DE PREVISION SOCIAL                                                                                        ;182;ANT.PRE-JUBILATORIO ;0;                    ;      0.00;      154522.34;223;1;1217;J2   SUBDIRECTOR              
176081;ZUNINO SANDRA MARCELA         ;14820453;27148204530;3;PRE-JUBILADO                  ;3;PRE-JUBILADO                  ;6;PRE-JUBILADO                  ;2;JERARQUICO                    ;1201;SUBDIRECTOR-A                 ;AB0A0A0000;SUBDIRECCION DE PREVISION SOCIAL                                                                                        ;390;SUELDO ANUAL COMPLEM;0;                    ;      0.00;       21461.44;223;1;1217;J2   SUBDIRECTOR              
176081;ZUNINO SANDRA MARCELA         ;14820453;27148204530;3;PRE-JUBILADO                  ;3;PRE-JUBILADO                  ;6;PRE-JUBILADO                  ;2;JERARQUICO                    ;1201;SUBDIRECTOR-A                 ;AB0A0A0000;SUBDIRECCION DE PREVISION SOCIAL                                                                                        ;463;OBRA SOCIAL SAC     ;0;                    ;      0.00;        -643.84;0;1;1217;J2   SUBDIRECTOR              
176081;ZUNINO SANDRA MARCELA         ;14820453;27148204530;3;PRE-JUBILADO                  ;3;PRE-JUBILADO                  ;6;PRE-JUBILADO                  ;2;JERARQUICO                    ;1201;SUBDIRECTOR-A                 ;AB0A0A0000;SUBDIRECCION DE PREVISION SOCIAL                                                                                        ;465;I.P.S. 14 SAC       ;0;                    ;      0.00;       -3004.60;0;1;1217;J2   SUBDIRECTOR              
176251;ROMAN IRMA                    ;12430251;27124302515;3;PRE-JUBILADO                  ;3;PRE-JUBILADO                  ;6;PRE-JUBILADO                  ;4;TECNICO                       ;7401;ASISTENTE DENTAL              ;AB0A0A0000;SUBDIRECCION DE PREVISION SOCIAL                                                                                        ;178;SEIS MENSUALIDADES  ;0;                    ;      0.00;      277448.94;223;1;1413;13   TECNICO CAT.13           
176251;ROMAN IRMA                    ;12430251;27124302515;3;PRE-JUBILADO                  ;3;PRE-JUBILADO                  ;6;PRE-JUBILADO                  ;4;TECNICO                       ;7401;ASISTENTE DENTAL              ;AB0A0A0000;SUBDIRECCION DE PREVISION SOCIAL                                                                                        ;182;ANT.PRE-JUBILATORIO ;0;                    ;      0.00;      178311.28;223;1;1413;13   TECNICO CAT.13           
176611;FASSANO GRACIELA BEATRIZ      ;12085671;27120856710;3;PRE-JUBILADO                  ;3;PRE-JUBILADO                  ;6;PRE-JUBILADO                  ;39;CARRERA MEDICA                ;300;JEFE DE UNIDAD SANITARIA      ;AB0A0A0000;SUBDIRECCION DE PREVISION SOCIAL                                                                                        ;182;ANT.PRE-JUBILATORIO ;0;                    ;      0.00;      289837.21;223;1;2353;53   MEDICO HOSP. A 36 HS     
176981;CASOLA MARIA CRISTINA         ;12453012;27124530127;3;PRE-JUBILADO                  ;3;PRE-JUBILADO                  ;6;PRE-JUBILADO                  ;5;ADMINISTRATIVO                ;4501;ADMINISTRATIVO                ;AB0A0A0000;SUBDIRECCION DE PREVISION SOCIAL                                                                                        ;158;LICENCIA NO GOZADA  ;0;                    ;      0.00;       16925.79;223;1;1512;12   ADMINISTRATIVO-CAT12     
176981;CASOLA MARIA CRISTINA         ;12453012;27124530127;3;PRE-JUBILADO                  ;3;PRE-JUBILADO                  ;6;PRE-JUBILADO                  ;5;ADMINISTRATIVO                ;4501;ADMINISTRATIVO                ;AB0A0A0000;SUBDIRECCION DE PREVISION SOCIAL                                                                                        ;178;SEIS MENSUALIDADES  ;0;                    ;      0.00;      274174.86;323;1;1512;12   ADMINISTRATIVO-CAT12     
176981;CASOLA MARIA CRISTINA         ;12453012;27124530127;3;PRE-JUBILADO                  ;3;PRE-JUBILADO                  ;6;PRE-JUBILADO                  ;5;ADMINISTRATIVO                ;4501;ADMINISTRATIVO                ;AB0A0A0000;SUBDIRECCION DE PREVISION SOCIAL                                                                                        ;182;ANT.PRE-JUBILATORIO ;0;                    ;      0.00;      101554.74;223;1;1512;12   ADMINISTRATIVO-CAT12     
176981;CASOLA MARIA CRISTINA         ;12453012;27124530127;3;PRE-JUBILADO                  ;3;PRE-JUBILADO                  ;6;PRE-JUBILADO                  ;5;ADMINISTRATIVO                ;4501;ADMINISTRATIVO                ;AB0A0A0000;SUBDIRECCION DE PREVISION SOCIAL                                                                                        ;390;SUELDO ANUAL COMPLEM;0;                    ;      0.00;       14104.83;223;1;1512;12   ADMINISTRATIVO-CAT12     
176981;CASOLA MARIA CRISTINA         ;12453012;27124530127;3;PRE-JUBILADO                  ;3;PRE-JUBILADO                  ;6;PRE-JUBILADO                  ;5;ADMINISTRATIVO                ;4501;ADMINISTRATIVO                ;AB0A0A0000;SUBDIRECCION DE PREVISION SOCIAL                                                                                        ;463;OBRA SOCIAL SAC     ;0;                    ;      0.00;        -423.14;0;1;1512;12   ADMINISTRATIVO-CAT12     
176981;CASOLA MARIA CRISTINA         ;12453012;27124530127;3;PRE-JUBILADO                  ;3;PRE-JUBILADO                  ;6;PRE-JUBILADO                  ;5;ADMINISTRATIVO                ;4501;ADMINISTRATIVO                ;AB0A0A0000;SUBDIRECCION DE PREVISION SOCIAL                                                                                        ;465;I.P.S. 14 SAC       ;0;                    ;      0.00;       -1974.68;0;1;1512;12   ADMINISTRATIVO-CAT12     
177181;DIAZ MARIA DEL CARMEN         ;14554537;23145545374;3;PRE-JUBILADO                  ;3;PRE-JUBILADO                  ;6;PRE-JUBILADO                  ;2;JERARQUICO                    ;1202;JEFE-A DEPARTAMENTO           ;AB0A0A0000;SUBDIRECCION DE PREVISION SOCIAL                                                                                        ;158;LICENCIA NO GOZADA  ;0;                    ;      0.00;      274739.80;223;1;1817;AJ2   SUBDIRECTOR S/FUNC.     
177181;DIAZ MARIA DEL CARMEN         ;14554537;23145545374;3;PRE-JUBILADO                  ;3;PRE-JUBILADO                  ;6;PRE-JUBILADO                  ;2;JERARQUICO                    ;1202;JEFE-A DEPARTAMENTO           ;AB0A0A0000;SUBDIRECCION DE PREVISION SOCIAL                                                                                        ;158;LICENCIA NO GOZADA  ;0;                    ;      0.00;       23549.12;323;1;1817;AJ2   SUBDIRECTOR S/FUNC.     
177181;DIAZ MARIA DEL CARMEN         ;14554537;23145545374;3;PRE-JUBILADO                  ;3;PRE-JUBILADO                  ;6;PRE-JUBILADO                  ;2;JERARQUICO                    ;1202;JEFE-A DEPARTAMENTO           ;AB0A0A0000;SUBDIRECCION DE PREVISION SOCIAL                                                                                        ;178;SEIS MENSUALIDADES  ;0;                    ;      0.00;      323309.64;223;1;1817;AJ2   SUBDIRECTOR S/FUNC.     
177181;DIAZ MARIA DEL CARMEN         ;14554537;23145545374;3;PRE-JUBILADO                  ;3;PRE-JUBILADO                  ;6;PRE-JUBILADO                  ;2;JERARQUICO                    ;1202;JEFE-A DEPARTAMENTO           ;AB0A0A0000;SUBDIRECCION DE PREVISION SOCIAL                                                                                        ;182;ANT.PRE-JUBILATORIO ;0;                    ;      0.00;      141294.76;223;1;1817;AJ2   SUBDIRECTOR S/FUNC.     
177181;DIAZ MARIA DEL CARMEN         ;14554537;23145545374;3;PRE-JUBILADO                  ;3;PRE-JUBILADO                  ;6;PRE-JUBILADO                  ;2;JERARQUICO                    ;1202;JEFE-A DEPARTAMENTO           ;AB0A0A0000;SUBDIRECCION DE PREVISION SOCIAL                                                                                        ;390;SUELDO ANUAL COMPLEM;0;                    ;      0.00;       19624.27;223;1;1817;AJ2   SUBDIRECTOR S/FUNC.     
177181;DIAZ MARIA DEL CARMEN         ;14554537;23145545374;3;PRE-JUBILADO                  ;3;PRE-JUBILADO                  ;6;PRE-JUBILADO                  ;2;JERARQUICO                    ;1202;JEFE-A DEPARTAMENTO           ;AB0A0A0000;SUBDIRECCION DE PREVISION SOCIAL                                                                                        ;463;OBRA SOCIAL SAC     ;0;                    ;      0.00;        -588.73;0;1;1817;AJ2   SUBDIRECTOR S/FUNC.     
177181;DIAZ MARIA DEL CARMEN         ;14554537;23145545374;3;PRE-JUBILADO                  ;3;PRE-JUBILADO                  ;6;PRE-JUBILADO                  ;2;JERARQUICO                    ;1202;JEFE-A DEPARTAMENTO           ;AB0A0A0000;SUBDIRECCION DE PREVISION SOCIAL                                                                                        ;465;I.P.S. 14 SAC       ;0;                    ;      0.00;       -2747.40;0;1;1817;AJ2   SUBDIRECTOR S/FUNC.     
177811;BENSIGNOR HECTOR ALEJANDRO    ;12791498;20127914983;3;PRE-JUBILADO                  ;3;PRE-JUBILADO                  ;6;PRE-JUBILADO                  ;39;CARRERA MEDICA                ;9802;CLINICA MEDICA                ;AB0A0A0000;SUBDIRECCION DE PREVISION SOCIAL                                                                                        ;182;ANT.PRE-JUBILATORIO ;0;                    ;      0.00;      155998.88;223;1;2352;52   MEDICO HOSP. A 24 HS     
178621;TEVEZ VICTOR ENRIQUE          ;14824261;20148242616;3;PRE-JUBILADO                  ;3;PRE-JUBILADO                  ;6;PRE-JUBILADO                  ;7;SERVICIO                      ;9740;SERVICIO                      ;AB0A0A0000;SUBDIRECCION DE PREVISION SOCIAL                                                                                        ;178;SEIS MENSUALIDADES  ;0;                    ;      0.00;      270899.46;223;1;1710;10   SERVICIO CAT.10          
178621;TEVEZ VICTOR ENRIQUE          ;14824261;20148242616;3;PRE-JUBILADO                  ;3;PRE-JUBILADO                  ;6;PRE-JUBILADO                  ;7;SERVICIO                      ;9740;SERVICIO                      ;AB0A0A0000;SUBDIRECCION DE PREVISION SOCIAL                                                                                        ;182;ANT.PRE-JUBILATORIO ;0;                    ;      0.00;      103936.61;223;1;1710;10   SERVICIO CAT.10          
178741;TOFFALO JORGE ANTONIO         ;13262318;20132623180;3;PRE-JUBILADO                  ;3;PRE-JUBILADO                  ;6;PRE-JUBILADO                  ;3;PROFESIONAL                   ;4156;MEDICO                        ;AB0A0A0000;SUBDIRECCION DE PREVISION SOCIAL                                                                                        ;182;ANT.PRE-JUBILATORIO ;0;                    ;      0.00;      120712.94;223;1;1313;13A   PROFESIONAL             
181382;DAGGUER MARIA CRISTINA        ;92192352;27921923525;3;PRE-JUBILADO                  ;3;PRE-JUBILADO                  ;6;PRE-JUBILADO                  ;2;JERARQUICO                    ;1203;JEFE-A DIVISION               ;AB0A0A0000;SUBDIRECCION DE PREVISION SOCIAL                                                                                        ;182;ANT.PRE-JUBILATORIO ;0;                    ;      0.00;      162497.56;223;1;1817;AJ2   SUBDIRECTOR S/FUNC.     
182411;MORCECIAN ALICIA CRISTINA     ;17772136;27177721366;3;PRE-JUBILADO                  ;3;PRE-JUBILADO                  ;6;PRE-JUBILADO                  ;8;DOCENTE EDUCACION Y CULTURA   ;5424;MAESTRA ESPECIAL              ;AB0A0A0000;SUBDIRECCION DE PREVISION SOCIAL                                                                                        ;182;ANT.PRE-JUBILATORIO ;0;                    ;      0.00;      120864.24;223;1;5813;ME   MAESTRA ESPECIAL         
182911;DIAZ MARIA MERCEDES           ;11721906;27117219068;3;PRE-JUBILADO                  ;3;PRE-JUBILADO                  ;6;PRE-JUBILADO                  ;3;PROFESIONAL                   ;9793;REPRESENTANTE FISCAL          ;AQD0A00000;DIRECCION DE ORGANIZACION TRIBUTARIA Y ATENCION AL CONTRIBUYENTE                                                        ;182;ANT.PRE-JUBILATORIO ;0;                    ;      0.00;      143941.27;223;0;1503;B3   NOTIFICADOR              
183092;OROSCO GLADYS MARCELA         ;12403941;27124039415;3;PRE-JUBILADO                  ;3;PRE-JUBILADO                  ;6;PRE-JUBILADO                  ;5;ADMINISTRATIVO                ;4501;ADMINISTRATIVO                ;AB0A0A0000;SUBDIRECCION DE PREVISION SOCIAL                                                                                        ;182;ANT.PRE-JUBILATORIO ;0;                    ;      0.00;       84758.69;223;1;1512;12   ADMINISTRATIVO-CAT12     
183092;OROSCO GLADYS MARCELA         ;12403941;27124039415;3;PRE-JUBILADO                  ;3;PRE-JUBILADO                  ;6;PRE-JUBILADO                  ;5;ADMINISTRATIVO                ;4501;ADMINISTRATIVO                ;AB0A0A0000;SUBDIRECCION DE PREVISION SOCIAL                                                                                        ;209;C VIVIENDA MUNICIPAL;0;                    ;      0.00;      -15775.34;223;1;1512;12   ADMINISTRATIVO-CAT12     
183092;OROSCO GLADYS MARCELA         ;12403941;27124039415;3;PRE-JUBILADO                  ;3;PRE-JUBILADO                  ;6;PRE-JUBILADO                  ;5;ADMINISTRATIVO                ;4501;ADMINISTRATIVO                ;AB0A0A0000;SUBDIRECCION DE PREVISION SOCIAL                                                                                        ;210;SEGURO VIDA VIVIENDA;0;                    ;      0.00;       -2707.00;223;1;1512;12   ADMINISTRATIVO-CAT12     
184502;MAGARELLI SERGIO GUSTAVO      ;14774069;20147740698;3;PRE-JUBILADO                  ;3;PRE-JUBILADO                  ;6;PRE-JUBILADO                  ;3;PROFESIONAL                   ;1301;ABOGADO-A                     ;AR00000000;SECRETARIA LEGAL Y TECNICA                                                                                              ;182;ANT.PRE-JUBILATORIO ;0;                    ;      0.00;      126116.63;223;1;1313;13A   PROFESIONAL             
185091;DE ANGELO SILVIA SUSANA       ;12403688;27124036882;3;PRE-JUBILADO                  ;3;PRE-JUBILADO                  ;6;PRE-JUBILADO                  ;2;JERARQUICO                    ;1202;JEFE-A DEPARTAMENTO           ;AB0A0A0000;SUBDIRECCION DE PREVISION SOCIAL                                                                                        ;182;ANT.PRE-JUBILATORIO ;0;                    ;      0.00;      193205.47;223;1;1817;AJ2   SUBDIRECTOR S/FUNC.     
186111;FEDERICHI SANDRA PATRICIA     ;18411545;27184115455;3;PRE-JUBILADO                  ;3;PRE-JUBILADO                  ;6;PRE-JUBILADO                  ;8;DOCENTE EDUCACION Y CULTURA   ;9405;PRECEPTORA                    ;AB0A0A0000;SUBDIRECCION DE PREVISION SOCIAL                                                                                        ;182;ANT.PRE-JUBILATORIO ;0;                    ;      0.00;       89729.25;223;1;5811;PR   PRECEPTORA               
187411;CARRERA RICARDO EDUARDO       ;14283891;20142838916;3;PRE-JUBILADO                  ;3;PRE-JUBILADO                  ;6;PRE-JUBILADO                  ;39;CARRERA MEDICA                ;9777;JEFE DE INSTITUTO             ;AB0A0A0000;SUBDIRECCION DE PREVISION SOCIAL                                                                                        ;182;ANT.PRE-JUBILATORIO ;0;                    ;      0.00;      273139.87;223;1;2353;53   MEDICO HOSP. A 36 HS     
187791;GUIBAUDO RUBEN ANGEL          ;10087279;20100872790;3;PRE-JUBILADO                  ;3;PRE-JUBILADO                  ;6;PRE-JUBILADO                  ;40;PERSONAL MENSUALIZADO         ;4501;ADMINISTRATIVO                ;AB0A0A0000;SUBDIRECCION DE PREVISION SOCIAL                                                                                        ;182;ANT.PRE-JUBILATORIO ;0;                    ;      0.00;       41161.09;223;1;6021;MA01    ADMINIST  I           
188861;GURKSNIS SILVIA VERONICA      ;18141074;23181410744;5;PERSONAL DOCENTE              ;5;PERSONAL DOCENTE              ;2;TITULAR                       ;8;DOCENTE EDUCACION Y CULTURA   ;2406;DIRECTORA DE 1RA.             ;AI0A000040;JARDIN DE INFANTES N 40                                                                                                 ;158;LICENCIA NO GOZADA  ;0;                    ;      0.00;      268831.37;223;4;5801;DI   DIRECTORA DE 1RA.        
188861;GURKSNIS SILVIA VERONICA      ;18141074;23181410744;5;PERSONAL DOCENTE              ;5;PERSONAL DOCENTE              ;2;TITULAR                       ;8;DOCENTE EDUCACION Y CULTURA   ;2406;DIRECTORA DE 1RA.             ;AI0A000040;JARDIN DE INFANTES N 40                                                                                                 ;178;SEIS MENSUALIDADES  ;0;                    ;      0.00;     1279889.10;223;4;5801;DI   DIRECTORA DE 1RA.        
188861;GURKSNIS SILVIA VERONICA      ;18141074;23181410744;5;PERSONAL DOCENTE              ;5;PERSONAL DOCENTE              ;2;TITULAR                       ;8;DOCENTE EDUCACION Y CULTURA   ;2406;DIRECTORA DE 1RA.             ;AI0A000040;JARDIN DE INFANTES N 40                                                                                                 ;182;ANT.PRE-JUBILATORIO ;0;                    ;      0.00;      161298.82;223;4;5801;DI   DIRECTORA DE 1RA.        
188861;GURKSNIS SILVIA VERONICA      ;18141074;23181410744;5;PERSONAL DOCENTE              ;5;PERSONAL DOCENTE              ;2;TITULAR                       ;8;DOCENTE EDUCACION Y CULTURA   ;2406;DIRECTORA DE 1RA.             ;AI0A000040;JARDIN DE INFANTES N 40                                                                                                 ;390;SUELDO ANUAL COMPLEM;0;                    ;      0.00;       22402.61;223;4;5801;DI   DIRECTORA DE 1RA.        
188861;GURKSNIS SILVIA VERONICA      ;18141074;23181410744;5;PERSONAL DOCENTE              ;5;PERSONAL DOCENTE              ;2;TITULAR                       ;8;DOCENTE EDUCACION Y CULTURA   ;2406;DIRECTORA DE 1RA.             ;AI0A000040;JARDIN DE INFANTES N 40                                                                                                 ;462;I.P.S. 16 SAC       ;0;                    ;      0.00;       -3584.42;0;4;5801;DI   DIRECTORA DE 1RA.        
188861;GURKSNIS SILVIA VERONICA      ;18141074;23181410744;5;PERSONAL DOCENTE              ;5;PERSONAL DOCENTE              ;2;TITULAR                       ;8;DOCENTE EDUCACION Y CULTURA   ;2406;DIRECTORA DE 1RA.             ;AI0A000040;JARDIN DE INFANTES N 40                                                                                                 ;463;OBRA SOCIAL SAC     ;0;                    ;      0.00;        -672.08;0;4;5801;DI   DIRECTORA DE 1RA.        
189591;PRIETO MARCELO GABRIEL        ;13780564;20137805643;3;PRE-JUBILADO                  ;3;PRE-JUBILADO                  ;6;PRE-JUBILADO                  ;35;MUSICOS ORQUESTA              ;6409;MUSICO                        ;ASI0000002;ORQUESTA SINFONICA MUNICIPAL                                                                                            ;182;ANT.PRE-JUBILATORIO ;0;                    ;      0.00;      181024.54;223;1;9012;OS2    SOLISTAS Y COOR        
189931;VERA TEODORO OSVALDO          ;11683087;20116830877;3;PRE-JUBILADO                  ;3;PRE-JUBILADO                  ;6;PRE-JUBILADO                  ;39;CARRERA MEDICA                ;300;JEFE DE UNIDAD SANITARIA      ;AB0A0A0000;SUBDIRECCION DE PREVISION SOCIAL                                                                                        ;182;ANT.PRE-JUBILATORIO ;0;                    ;      0.00;      220697.19;223;1;2352;52   MEDICO HOSP. A 24 HS     
190051;STRENG ROXANA ESTELA          ;17682059;23176820594;5;PERSONAL DOCENTE              ;5;PERSONAL DOCENTE              ;2;TITULAR                       ;8;DOCENTE EDUCACION Y CULTURA   ;9405;PRECEPTORA                    ;AI0A000022;JARDIN DE INFANTES N 22                                                                                                 ;158;LICENCIA NO GOZADA  ;0;                    ;      0.00;      304080.64;223;4;5811;PR   PRECEPTORA               
190051;STRENG ROXANA ESTELA          ;17682059;23176820594;5;PERSONAL DOCENTE              ;5;PERSONAL DOCENTE              ;2;TITULAR                       ;8;DOCENTE EDUCACION Y CULTURA   ;9405;PRECEPTORA                    ;AI0A000022;JARDIN DE INFANTES N 22                                                                                                 ;178;SEIS MENSUALIDADES  ;0;                    ;      0.00;     1218942.00;223;4;5811;PR   PRECEPTORA               
190051;STRENG ROXANA ESTELA          ;17682059;23176820594;5;PERSONAL DOCENTE              ;5;PERSONAL DOCENTE              ;2;TITULAR                       ;8;DOCENTE EDUCACION Y CULTURA   ;9405;PRECEPTORA                    ;AI0A000022;JARDIN DE INFANTES N 22                                                                                                 ;182;ANT.PRE-JUBILATORIO ;0;                    ;      0.00;      182448.38;223;4;5811;PR   PRECEPTORA               
190051;STRENG ROXANA ESTELA          ;17682059;23176820594;5;PERSONAL DOCENTE              ;5;PERSONAL DOCENTE              ;2;TITULAR                       ;8;DOCENTE EDUCACION Y CULTURA   ;9405;PRECEPTORA                    ;AI0A000022;JARDIN DE INFANTES N 22                                                                                                 ;390;SUELDO ANUAL COMPLEM;0;                    ;      0.00;       25340.05;223;4;5811;PR   PRECEPTORA               
190051;STRENG ROXANA ESTELA          ;17682059;23176820594;5;PERSONAL DOCENTE              ;5;PERSONAL DOCENTE              ;2;TITULAR                       ;8;DOCENTE EDUCACION Y CULTURA   ;9405;PRECEPTORA                    ;AI0A000022;JARDIN DE INFANTES N 22                                                                                                 ;462;I.P.S. 16 SAC       ;0;                    ;      0.00;       -4054.41;0;4;5811;PR   PRECEPTORA               
190051;STRENG ROXANA ESTELA          ;17682059;23176820594;5;PERSONAL DOCENTE              ;5;PERSONAL DOCENTE              ;2;TITULAR                       ;8;DOCENTE EDUCACION Y CULTURA   ;9405;PRECEPTORA                    ;AI0A000022;JARDIN DE INFANTES N 22                                                                                                 ;463;OBRA SOCIAL SAC     ;0;                    ;      0.00;        -760.20;0;4;5811;PR   PRECEPTORA               
190221;RUIZ ANGELA CECILIA           ;20583783;27205837839;3;PRE-JUBILADO                  ;3;PRE-JUBILADO                  ;6;PRE-JUBILADO                  ;8;DOCENTE EDUCACION Y CULTURA   ;2406;DIRECTORA DE 1RA.             ;AB0A0A0000;SUBDIRECCION DE PREVISION SOCIAL                                                                                        ;182;ANT.PRE-JUBILATORIO ;0;                    ;      0.00;      164830.39;223;1;5801;DI   DIRECTORA DE 1RA.        
190311;ALLELO SANDRA KARINA          ;20986330;27209863303;5;PERSONAL DOCENTE              ;5;PERSONAL DOCENTE              ;2;TITULAR                       ;8;DOCENTE EDUCACION Y CULTURA   ;2406;DIRECTORA DE 1RA.             ;AI0A000021;JARDIN DE INFANTES N 21                                                                                                 ;158;LICENCIA NO GOZADA  ;0;                    ;      0.00;      268831.37;323;4;5801;DI   DIRECTORA DE 1RA.        
190311;ALLELO SANDRA KARINA          ;20986330;27209863303;5;PERSONAL DOCENTE              ;5;PERSONAL DOCENTE              ;2;TITULAR                       ;8;DOCENTE EDUCACION Y CULTURA   ;2406;DIRECTORA DE 1RA.             ;AI0A000021;JARDIN DE INFANTES N 21                                                                                                 ;178;SEIS MENSUALIDADES  ;0;                    ;      0.00;     1279889.10;223;4;5801;DI   DIRECTORA DE 1RA.        
190311;ALLELO SANDRA KARINA          ;20986330;27209863303;5;PERSONAL DOCENTE              ;5;PERSONAL DOCENTE              ;2;TITULAR                       ;8;DOCENTE EDUCACION Y CULTURA   ;2406;DIRECTORA DE 1RA.             ;AI0A000021;JARDIN DE INFANTES N 21                                                                                                 ;182;ANT.PRE-JUBILATORIO ;0;                    ;      0.00;      161298.82;223;4;5801;DI   DIRECTORA DE 1RA.        
190311;ALLELO SANDRA KARINA          ;20986330;27209863303;5;PERSONAL DOCENTE              ;5;PERSONAL DOCENTE              ;2;TITULAR                       ;8;DOCENTE EDUCACION Y CULTURA   ;2406;DIRECTORA DE 1RA.             ;AI0A000021;JARDIN DE INFANTES N 21                                                                                                 ;390;SUELDO ANUAL COMPLEM;0;                    ;      0.00;       22402.61;223;4;5801;DI   DIRECTORA DE 1RA.        
190311;ALLELO SANDRA KARINA          ;20986330;27209863303;5;PERSONAL DOCENTE              ;5;PERSONAL DOCENTE              ;2;TITULAR                       ;8;DOCENTE EDUCACION Y CULTURA   ;2406;DIRECTORA DE 1RA.             ;AI0A000021;JARDIN DE INFANTES N 21                                                                                                 ;462;I.P.S. 16 SAC       ;0;                    ;      0.00;       -3584.42;0;4;5801;DI   DIRECTORA DE 1RA.        
190311;ALLELO SANDRA KARINA          ;20986330;27209863303;5;PERSONAL DOCENTE              ;5;PERSONAL DOCENTE              ;2;TITULAR                       ;8;DOCENTE EDUCACION Y CULTURA   ;2406;DIRECTORA DE 1RA.             ;AI0A000021;JARDIN DE INFANTES N 21                                                                                                 ;463;OBRA SOCIAL SAC     ;0;                    ;      0.00;        -672.08;0;4;5801;DI   DIRECTORA DE 1RA.        
191552;YOCCO JUAN ROBERTO            ;10633895;20106338958;3;PRE-JUBILADO                  ;3;PRE-JUBILADO                  ;6;PRE-JUBILADO                  ;11;JERARQUIZADO(JERARQ.S/FUNCION);1202;JEFE-A DEPARTAMENTO           ;AB0A0A0000;SUBDIRECCION DE PREVISION SOCIAL                                                                                        ;182;ANT.PRE-JUBILATORIO ;0;                    ;      0.00;      162072.27;223;1;1817;AJ2   SUBDIRECTOR S/FUNC.     
191921;BREGLIANO MARCELA CRISTINA    ;18038478;27180384788;3;PRE-JUBILADO                  ;3;PRE-JUBILADO                  ;6;PRE-JUBILADO                  ;8;DOCENTE EDUCACION Y CULTURA   ;5405;MAESTRA JARDINERA             ;AB0A0A0000;SUBDIRECCION DE PREVISION SOCIAL                                                                                        ;182;ANT.PRE-JUBILATORIO ;0;                    ;      0.00;      110419.44;223;1;5809;MJ   MAESTRA JARDINERA        
192111;SANTORO MONICA LAURA          ;18259055;27182590555;3;PRE-JUBILADO                  ;3;PRE-JUBILADO                  ;6;PRE-JUBILADO                  ;8;DOCENTE EDUCACION Y CULTURA   ;9405;PRECEPTORA                    ;AB0A0A0000;SUBDIRECCION DE PREVISION SOCIAL                                                                                        ;182;ANT.PRE-JUBILATORIO ;0;                    ;      0.00;      219066.76;223;1;5811;PR   PRECEPTORA               
192351;ARIAS NORBERTO JOSE           ;11670146;20116701465;3;PRE-JUBILADO                  ;3;PRE-JUBILADO                  ;18;DESVINCULADO                  ;5;ADMINISTRATIVO                ;4501;ADMINISTRATIVO                ;AB0A0A0000;SUBDIRECCION DE PREVISION SOCIAL                                                                                        ;182;ANT.PRE-JUBILATORIO ;0;                    ;      0.00;      106064.72;223;1;1508;08   ADMINISTRATIVO CAT.08    
192993;GUTT SUSANA BEATRIZ           ;10623498;27106234987;3;PRE-JUBILADO                  ;3;PRE-JUBILADO                  ;6;PRE-JUBILADO                  ;1;SUPERIOR                      ;1102;SECRETARIO                    ;AB0A0A0000;SUBDIRECCION DE PREVISION SOCIAL                                                                                        ;182;ANT.PRE-JUBILATORIO ;0;                    ;      0.00;      633341.65;223;1;1101;A1  SECRETARIO                
192993;GUTT SUSANA BEATRIZ           ;10623498;27106234987;3;PRE-JUBILADO                  ;3;PRE-JUBILADO                  ;6;PRE-JUBILADO                  ;1;SUPERIOR                      ;1102;SECRETARIO                    ;AB0A0A0000;SUBDIRECCION DE PREVISION SOCIAL                                                                                        ;980;IMP. A LAS GANANCIAS;0;                    ;      0.00;     -115852.33;0;1;1101;A1  SECRETARIO                
193481;MARIN FRANCISCO ENRIQUE       ;7803717;20078037173;3;PRE-JUBILADO                  ;3;PRE-JUBILADO                  ;6;PRE-JUBILADO                  ;3;PROFESIONAL                   ;1901;ENCARGADO-A                   ;AB0A0A0000;SUBDIRECCION DE PREVISION SOCIAL                                                                                        ;182;ANT.PRE-JUBILATORIO ;0;                    ;      0.00;       81353.97;223;1;1606;06   OBRERO CAT.06            
193621;SCHENFELT ROSA ESTHER         ;16402827;27164028270;3;PRE-JUBILADO                  ;3;PRE-JUBILADO                  ;6;PRE-JUBILADO                  ;2;JERARQUICO                    ;1201;SUBDIRECTOR-A                 ;AB0A0A0000;SUBDIRECCION DE PREVISION SOCIAL                                                                                        ;182;ANT.PRE-JUBILATORIO ;0;                    ;      0.00;      105501.96;223;1;1217;J2   SUBDIRECTOR              
194561;QUIROGA ALDO                  ;12936467;20129364670;3;PRE-JUBILADO                  ;3;PRE-JUBILADO                  ;6;PRE-JUBILADO                  ;6;OBRERO                        ;8601;PEON                          ;AB0A0A0000;SUBDIRECCION DE PREVISION SOCIAL                                                                                        ;182;ANT.PRE-JUBILATORIO ;0;                    ;      0.00;      112142.88;223;1;1610;10    OBRERO CAT.10           
194631;MIGUEL FABIAN EDUARDO         ;14263058;20142630584;3;PRE-JUBILADO                  ;3;PRE-JUBILADO                  ;6;PRE-JUBILADO                  ;5;ADMINISTRATIVO                ;4501;ADMINISTRATIVO                ;AB0A0A0000;SUBDIRECCION DE PREVISION SOCIAL                                                                                        ;182;ANT.PRE-JUBILATORIO ;0;                    ;      0.00;      100149.94;223;1;1508;08   ADMINISTRATIVO CAT.08    
195542;SANCHEZ ANA EDITH             ;13678570;27136785708;3;PRE-JUBILADO                  ;3;PRE-JUBILADO                  ;6;PRE-JUBILADO                  ;11;JERARQUIZADO(JERARQ.S/FUNCION);4501;ADMINISTRATIVO                ;AB0A0A0000;SUBDIRECCION DE PREVISION SOCIAL                                                                                        ;182;ANT.PRE-JUBILATORIO ;0;                    ;      0.00;      118978.75;223;1;1817;AJ2   SUBDIRECTOR S/FUNC.     
196291;CARTAGENO PABLO FERNANDO      ;11837492;20118374925;3;PRE-JUBILADO                  ;3;PRE-JUBILADO                  ;6;PRE-JUBILADO                  ;4;TECNICO                       ;6409;MUSICO                        ;AB0A0A0000;SUBDIRECCION DE PREVISION SOCIAL                                                                                        ;182;ANT.PRE-JUBILATORIO ;0;                    ;      0.00;      143419.82;223;1;1413;13   TECNICO CAT.13           
196322;LAISSUE MARTA SUSANA          ;12299531;27122995319;3;PRE-JUBILADO                  ;3;PRE-JUBILADO                  ;6;PRE-JUBILADO                  ;1;SUPERIOR                      ;1104;DIRECTOR-A                    ;AB0A0A0000;SUBDIRECCION DE PREVISION SOCIAL                                                                                        ;182;ANT.PRE-JUBILATORIO ;0;                    ;      0.00;      250392.43;223;1;1108;A8   DIRECTOR                 
196922;HERRERA MARIA CRISTINA        ;10632855;27106328558;3;PRE-JUBILADO                  ;3;PRE-JUBILADO                  ;6;PRE-JUBILADO                  ;11;JERARQUIZADO(JERARQ.S/FUNCION);1203;JEFE-A DIVISION               ;AB0A0A0000;SUBDIRECCION DE PREVISION SOCIAL                                                                                        ;182;ANT.PRE-JUBILATORIO ;0;                    ;      0.00;      130253.21;223;1;1817;AJ2   SUBDIRECTOR S/FUNC.     
197002;BUSTAMANTE GLADYS ESTHER      ;11017369;27110173690;3;PRE-JUBILADO                  ;3;PRE-JUBILADO                  ;6;PRE-JUBILADO                  ;3;PROFESIONAL                   ;1201;SUBDIRECTOR-A                 ;AB0A0A0000;SUBDIRECCION DE PREVISION SOCIAL                                                                                        ;182;ANT.PRE-JUBILATORIO ;0;                    ;      0.00;      133166.96;223;1;1217;J2   SUBDIRECTOR              
197321;PAQUIRI DANIEL EDUARDO        ;11630935;20116309352;3;PRE-JUBILADO                  ;3;PRE-JUBILADO                  ;6;PRE-JUBILADO                  ;7;SERVICIO                      ;8601;PEON                          ;AB0A0A0000;SUBDIRECCION DE PREVISION SOCIAL                                                                                        ;182;ANT.PRE-JUBILATORIO ;0;                    ;      0.00;       97997.10;223;1;1710;10   SERVICIO CAT.10          
197411;FERREYRA AMALIA BEATRIZ       ;14647964;27146479648;3;PRE-JUBILADO                  ;3;PRE-JUBILADO                  ;6;PRE-JUBILADO                  ;5;ADMINISTRATIVO                ;4501;ADMINISTRATIVO                ;AB0A0A0000;SUBDIRECCION DE PREVISION SOCIAL                                                                                        ;182;ANT.PRE-JUBILATORIO ;0;                    ;      0.00;       88363.26;223;1;1512;12   ADMINISTRATIVO-CAT12     
197983;BALBUENA MIRANDA MARIA DE JESU;18850480;27188504804;3;PRE-JUBILADO                  ;3;PRE-JUBILADO                  ;6;PRE-JUBILADO                  ;23;EMPLEADO HCD                  ;1808;EMPLEADO- A  H.C.D.           ;AB0A0A0000;SUBDIRECCION DE PREVISION SOCIAL                                                                                        ;182;ANT.PRE-JUBILATORIO ;0;                    ;      0.00;      187751.40;223;1;3005;C5   HCD.PROS/ASES BLOQC5     
198321;RULET ALICIA SUSANA           ;22708242;27227082424;3;PRE-JUBILADO                  ;3;PRE-JUBILADO                  ;6;PRE-JUBILADO                  ;15;DOCENTE REEMPLAZANTE          ;2412;DIRECTORA DE SEGUNDA          ;AI0A000001;JARDIN DE INFANTES N 01                                                                                                 ;182;ANT.PRE-JUBILATORIO ;0;                    ;      0.00;      312942.96;223;1;5802;D2   DIRECTORA DE 2DA.        
199201;BAX SERGIO ALBERTO            ;13108636;23131086369;3;PRE-JUBILADO                  ;3;PRE-JUBILADO                  ;6;PRE-JUBILADO                  ;7;SERVICIO                      ;9793;REPRESENTANTE FISCAL          ;AB0A0A0000;SUBDIRECCION DE PREVISION SOCIAL                                                                                        ;182;ANT.PRE-JUBILATORIO ;0;                    ;      0.00;      101128.50;223;1;1503;B3   NOTIFICADOR              
199331;ARIAS NORA RAQUEL             ;13464475;27134644759;3;PRE-JUBILADO                  ;3;PRE-JUBILADO                  ;6;PRE-JUBILADO                  ;7;SERVICIO                      ;4501;ADMINISTRATIVO                ;AB0A0A0000;SUBDIRECCION DE PREVISION SOCIAL                                                                                        ;182;ANT.PRE-JUBILATORIO ;0;                    ;      0.00;      108269.04;223;1;1503;B3   NOTIFICADOR              
277041;BERTOLI JESUS MODESTO         ;10424767;23104247679;3;PRE-JUBILADO                  ;3;PRE-JUBILADO                  ;6;PRE-JUBILADO                  ;10;HORA CATEDRA                  ;9481;PROFESOR HORA CATEDRA         ;AB0A0A0000;SUBDIRECCION DE PREVISION SOCIAL                                                                                        ;182;ANT.PRE-JUBILATORIO ;0;                    ;      0.00;       76660.69;223;1;7805;PF   HORA CATEDRA PF. (2DEC.) 
299742;LAGANA MARIA ALEJANDRA        ;18222682;27182226829;3;PRE-JUBILADO                  ;3;PRE-JUBILADO                  ;6;PRE-JUBILADO                  ;8;DOCENTE EDUCACION Y CULTURA   ;9405;PRECEPTORA                    ;AB0A0A0000;SUBDIRECCION DE PREVISION SOCIAL                                                                                        ;182;ANT.PRE-JUBILATORIO ;0;                    ;      0.00;       84505.15;223;1;5811;PR   PRECEPTORA               
328201;ROUCO ADELA DEL CARMEN        ;16321968;27163219684;3;PRE-JUBILADO                  ;3;PRE-JUBILADO                  ;6;PRE-JUBILADO                  ;52;DOCENTE JIM FNE               ;9405;PRECEPTORA                    ;AB0A0A0000;SUBDIRECCION DE PREVISION SOCIAL                                                                                        ;182;ANT.PRE-JUBILATORIO ;0;                    ;      0.00;       78232.40;223;1;5811;PR   PRECEPTORA               
330541;FURNO ADRIANA ISABEL          ;17103602;27171036025;3;PRE-JUBILADO                  ;3;PRE-JUBILADO                  ;6;PRE-JUBILADO                  ;8;DOCENTE EDUCACION Y CULTURA   ;5426;MAESTRO-A DE MUSICA           ;AB0A0A0000;SUBDIRECCION DE PREVISION SOCIAL                                                                                        ;182;ANT.PRE-JUBILATORIO ;0;                    ;      0.00;      104561.27;223;1;5812;MM    MAESTRA DE MUSICA       
330861;TORRES ALBERTO ANTONIO        ;12596867;20125968679;3;PRE-JUBILADO                  ;3;PRE-JUBILADO                  ;6;PRE-JUBILADO                  ;40;PERSONAL MENSUALIZADO         ;4501;ADMINISTRATIVO                ;AB0A0A0000;SUBDIRECCION DE PREVISION SOCIAL                                                                                        ;182;ANT.PRE-JUBILATORIO ;0;                    ;      0.00;       69581.44;223;1;6025;MA05   ADMINISTRATIVO V       
333602;BUSTAMANTE VERONICA           ;22935919;27229359199;5;PERSONAL DOCENTE              ;5;PERSONAL DOCENTE              ;2;TITULAR                       ;8;DOCENTE EDUCACION Y CULTURA   ;9405;PRECEPTORA                    ;AI0A000023;JARDIN DE INFANTES N 23                                                                                                 ;158;LICENCIA NO GOZADA  ;0;                    ;      0.00;      152040.32;223;4;5811;PR   PRECEPTORA               
333602;BUSTAMANTE VERONICA           ;22935919;27229359199;5;PERSONAL DOCENTE              ;5;PERSONAL DOCENTE              ;2;TITULAR                       ;8;DOCENTE EDUCACION Y CULTURA   ;9405;PRECEPTORA                    ;AI0A000023;JARDIN DE INFANTES N 23                                                                                                 ;179;CUATRO MENSUALIDADES;0;                    ;      0.00;      406314.00;223;4;5811;PR   PRECEPTORA               
333602;BUSTAMANTE VERONICA           ;22935919;27229359199;5;PERSONAL DOCENTE              ;5;PERSONAL DOCENTE              ;2;TITULAR                       ;8;DOCENTE EDUCACION Y CULTURA   ;9405;PRECEPTORA                    ;AI0A000023;JARDIN DE INFANTES N 23                                                                                                 ;182;ANT.PRE-JUBILATORIO ;0;                    ;      0.00;       92150.47;223;4;5811;PR   PRECEPTORA               
333602;BUSTAMANTE VERONICA           ;22935919;27229359199;5;PERSONAL DOCENTE              ;5;PERSONAL DOCENTE              ;2;TITULAR                       ;8;DOCENTE EDUCACION Y CULTURA   ;9405;PRECEPTORA                    ;AI0A000023;JARDIN DE INFANTES N 23                                                                                                 ;390;SUELDO ANUAL COMPLEM;0;                    ;      0.00;       12670.03;223;4;5811;PR   PRECEPTORA               
333602;BUSTAMANTE VERONICA           ;22935919;27229359199;5;PERSONAL DOCENTE              ;5;PERSONAL DOCENTE              ;2;TITULAR                       ;8;DOCENTE EDUCACION Y CULTURA   ;9405;PRECEPTORA                    ;AI0A000023;JARDIN DE INFANTES N 23                                                                                                 ;462;I.P.S. 16 SAC       ;0;                    ;      0.00;       -2027.20;0;4;5811;PR   PRECEPTORA               
333602;BUSTAMANTE VERONICA           ;22935919;27229359199;5;PERSONAL DOCENTE              ;5;PERSONAL DOCENTE              ;2;TITULAR                       ;8;DOCENTE EDUCACION Y CULTURA   ;9405;PRECEPTORA                    ;AI0A000023;JARDIN DE INFANTES N 23                                                                                                 ;463;OBRA SOCIAL SAC     ;0;                    ;      0.00;        -380.10;0;4;5811;PR   PRECEPTORA               
334561;SICUSO ELEONORA LAURA         ;22878179;27228781792;5;PERSONAL DOCENTE              ;5;PERSONAL DOCENTE              ;2;TITULAR                       ;8;DOCENTE EDUCACION Y CULTURA   ;5405;MAESTRA JARDINERA             ;AI0A000029;JARDIN DE INFANTES N 29                                                                                                 ;158;LICENCIA NO GOZADA  ;0;                    ;      0.00;      181067.17;223;4;5809;MJ   MAESTRA JARDINERA        
334561;SICUSO ELEONORA LAURA         ;22878179;27228781792;5;PERSONAL DOCENTE              ;5;PERSONAL DOCENTE              ;2;TITULAR                       ;8;DOCENTE EDUCACION Y CULTURA   ;5405;MAESTRA JARDINERA             ;AI0A000029;JARDIN DE INFANTES N 29                                                                                                 ;179;CUATRO MENSUALIDADES;0;                    ;      0.00;      446945.40;223;4;5809;MJ   MAESTRA JARDINERA        
334561;SICUSO ELEONORA LAURA         ;22878179;27228781792;5;PERSONAL DOCENTE              ;5;PERSONAL DOCENTE              ;2;TITULAR                       ;8;DOCENTE EDUCACION Y CULTURA   ;5405;MAESTRA JARDINERA             ;AI0A000029;JARDIN DE INFANTES N 29                                                                                                 ;182;ANT.PRE-JUBILATORIO ;0;                    ;      0.00;      108640.30;223;4;5809;MJ   MAESTRA JARDINERA        
334561;SICUSO ELEONORA LAURA         ;22878179;27228781792;5;PERSONAL DOCENTE              ;5;PERSONAL DOCENTE              ;2;TITULAR                       ;8;DOCENTE EDUCACION Y CULTURA   ;5405;MAESTRA JARDINERA             ;AI0A000029;JARDIN DE INFANTES N 29                                                                                                 ;390;SUELDO ANUAL COMPLEM;0;                    ;      0.00;       15088.93;223;4;5809;MJ   MAESTRA JARDINERA        
334561;SICUSO ELEONORA LAURA         ;22878179;27228781792;5;PERSONAL DOCENTE              ;5;PERSONAL DOCENTE              ;2;TITULAR                       ;8;DOCENTE EDUCACION Y CULTURA   ;5405;MAESTRA JARDINERA             ;AI0A000029;JARDIN DE INFANTES N 29                                                                                                 ;462;I.P.S. 16 SAC       ;0;                    ;      0.00;       -2414.23;0;4;5809;MJ   MAESTRA JARDINERA        
334561;SICUSO ELEONORA LAURA         ;22878179;27228781792;5;PERSONAL DOCENTE              ;5;PERSONAL DOCENTE              ;2;TITULAR                       ;8;DOCENTE EDUCACION Y CULTURA   ;5405;MAESTRA JARDINERA             ;AI0A000029;JARDIN DE INFANTES N 29                                                                                                 ;463;OBRA SOCIAL SAC     ;0;                    ;      0.00;        -452.67;0;4;5809;MJ   MAESTRA JARDINERA        
337801;ARROSAGARAY ENRIQUE HUGO      ;11630218;20116302188;3;PRE-JUBILADO                  ;3;PRE-JUBILADO                  ;6;PRE-JUBILADO                  ;5;ADMINISTRATIVO                ;4501;ADMINISTRATIVO                ;AB0A0A0000;SUBDIRECCION DE PREVISION SOCIAL                                                                                        ;182;ANT.PRE-JUBILATORIO ;0;                    ;      0.00;       73668.08;223;1;1508;08   ADMINISTRATIVO CAT.08    
339231;BUSTAMANTE PAULA LINA         ;22710142;27227101429;3;PRE-JUBILADO                  ;3;PRE-JUBILADO                  ;6;PRE-JUBILADO                  ;8;DOCENTE EDUCACION Y CULTURA   ;9405;PRECEPTORA                    ;AB0A0A0000;SUBDIRECCION DE PREVISION SOCIAL                                                                                        ;182;ANT.PRE-JUBILATORIO ;0;                    ;      0.00;       90955.58;223;1;5811;PR   PRECEPTORA               
343901;BENITEZ RAMONA MERCEDES       ;12864590;27128645905;3;PRE-JUBILADO                  ;3;PRE-JUBILADO                  ;6;PRE-JUBILADO                  ;5;ADMINISTRATIVO                ;4501;ADMINISTRATIVO                ;AB0A0A0000;SUBDIRECCION DE PREVISION SOCIAL                                                                                        ;182;ANT.PRE-JUBILATORIO ;0;                    ;      0.00;       98324.86;223;1;1512;12   ADMINISTRATIVO-CAT12     
344441;PINEIRO ADRIANA NOEMI         ;21732544;27217325442;5;PERSONAL DOCENTE              ;5;PERSONAL DOCENTE              ;2;TITULAR                       ;8;DOCENTE EDUCACION Y CULTURA   ;2406;DIRECTORA DE 1RA.             ;AI0A000014;JARDIN DE INFANTES N 14                                                                                                 ;158;LICENCIA NO GOZADA  ;0;                    ;      0.00;      259350.71;223;4;5801;DI   DIRECTORA DE 1RA.        
344441;PINEIRO ADRIANA NOEMI         ;21732544;27217325442;5;PERSONAL DOCENTE              ;5;PERSONAL DOCENTE              ;2;TITULAR                       ;8;DOCENTE EDUCACION Y CULTURA   ;2406;DIRECTORA DE 1RA.             ;AI0A000014;JARDIN DE INFANTES N 14                                                                                                 ;179;CUATRO MENSUALIDADES;0;                    ;      0.00;      815336.76;0;4;5801;DI   DIRECTORA DE 1RA.        
344441;PINEIRO ADRIANA NOEMI         ;21732544;27217325442;5;PERSONAL DOCENTE              ;5;PERSONAL DOCENTE              ;2;TITULAR                       ;8;DOCENTE EDUCACION Y CULTURA   ;2406;DIRECTORA DE 1RA.             ;AI0A000014;JARDIN DE INFANTES N 14                                                                                                 ;182;ANT.PRE-JUBILATORIO ;0;                    ;      0.00;      155610.43;223;4;5801;DI   DIRECTORA DE 1RA.        
344441;PINEIRO ADRIANA NOEMI         ;21732544;27217325442;5;PERSONAL DOCENTE              ;5;PERSONAL DOCENTE              ;2;TITULAR                       ;8;DOCENTE EDUCACION Y CULTURA   ;2406;DIRECTORA DE 1RA.             ;AI0A000014;JARDIN DE INFANTES N 14                                                                                                 ;390;SUELDO ANUAL COMPLEM;0;                    ;      0.00;       21612.56;223;4;5801;DI   DIRECTORA DE 1RA.        
344441;PINEIRO ADRIANA NOEMI         ;21732544;27217325442;5;PERSONAL DOCENTE              ;5;PERSONAL DOCENTE              ;2;TITULAR                       ;8;DOCENTE EDUCACION Y CULTURA   ;2406;DIRECTORA DE 1RA.             ;AI0A000014;JARDIN DE INFANTES N 14                                                                                                 ;462;I.P.S. 16 SAC       ;0;                    ;      0.00;       -3458.01;0;4;5801;DI   DIRECTORA DE 1RA.        
344441;PINEIRO ADRIANA NOEMI         ;21732544;27217325442;5;PERSONAL DOCENTE              ;5;PERSONAL DOCENTE              ;2;TITULAR                       ;8;DOCENTE EDUCACION Y CULTURA   ;2406;DIRECTORA DE 1RA.             ;AI0A000014;JARDIN DE INFANTES N 14                                                                                                 ;463;OBRA SOCIAL SAC     ;0;                    ;      0.00;        -648.38;0;4;5801;DI   DIRECTORA DE 1RA.        
344884;CASALVIERI PATRICIA ALEJANDRA ;20867021;27208670218;3;PRE-JUBILADO                  ;3;PRE-JUBILADO                  ;6;PRE-JUBILADO                  ;18;HORA CATEDRA SUPLENTE         ;2411;DIRECTOR DE INSTITUTO         ;AB0A0A0000;SUBDIRECCION DE PREVISION SOCIAL                                                                                        ;182;ANT.PRE-JUBILATORIO ;0;                    ;      0.00;       83244.31;223;1;7803;DE    HORA CATEDRA DE.        
346781;LOPEZ ARIAS MYRIAM            ;17107974;27171079743;3;PRE-JUBILADO                  ;3;PRE-JUBILADO                  ;6;PRE-JUBILADO                  ;8;DOCENTE EDUCACION Y CULTURA   ;5426;MAESTRO-A DE MUSICA           ;AB0A0A0000;SUBDIRECCION DE PREVISION SOCIAL                                                                                        ;182;ANT.PRE-JUBILATORIO ;0;                    ;      0.00;      238744.00;223;1;5812;MM    MAESTRA DE MUSICA       
346871;CORVALAN CLAUDIA MARCELA      ;17970706;27179707069;3;PRE-JUBILADO                  ;3;PRE-JUBILADO                  ;6;PRE-JUBILADO                  ;8;DOCENTE EDUCACION Y CULTURA   ;5405;MAESTRA JARDINERA             ;AB0A0A0000;SUBDIRECCION DE PREVISION SOCIAL                                                                                        ;182;ANT.PRE-JUBILATORIO ;0;                    ;      0.00;      238743.97;223;1;5809;MJ   MAESTRA JARDINERA        
347481;VERA ELENA FRANCISCA          ;13263597;27132635973;4;PLANTA PERMANENTE B1 A 10     ;1;PLANTA PERMANENTE             ;1;EFECTIVO                      ;7;SERVICIO                      ;9740;SERVICIO                      ;C000000000;HONORABLE CONCEJO DELIBERANTE                                                                                           ;182;ANT.PRE-JUBILATORIO ;0;                    ;      0.00;       82147.80;223;1;1706;06   SERVICIO CAT.06          
350151;MONTEROS CARLOS MIGUEL        ;12226574;23122265749;3;PRE-JUBILADO                  ;3;PRE-JUBILADO                  ;6;PRE-JUBILADO                  ;5;ADMINISTRATIVO                ;4501;ADMINISTRATIVO                ;AB0A0A0000;SUBDIRECCION DE PREVISION SOCIAL                                                                                        ;182;ANT.PRE-JUBILATORIO ;0;                    ;      0.00;      147922.63;223;0;1512;12   ADMINISTRATIVO-CAT12     
352001;AZARIO CARLOS ALBERTO         ;12535590;20125355901;3;PRE-JUBILADO                  ;3;PRE-JUBILADO                  ;6;PRE-JUBILADO                  ;6;OBRERO                        ;8601;PEON                          ;AB0A0A0000;SUBDIRECCION DE PREVISION SOCIAL                                                                                        ;182;ANT.PRE-JUBILATORIO ;0;                    ;      0.00;       83924.92;223;1;1610;10    OBRERO CAT.10           
352461;MONZON MARCIANO               ;11250929;20112509292;3;PRE-JUBILADO                  ;3;PRE-JUBILADO                  ;6;PRE-JUBILADO                  ;6;OBRERO                        ;8601;PEON                          ;AB0A0A0000;SUBDIRECCION DE PREVISION SOCIAL                                                                                        ;182;ANT.PRE-JUBILATORIO ;0;                    ;      0.00;       85884.84;223;1;1610;10    OBRERO CAT.10           
354162;LACLAU RUBEN ERNESTO          ;11159509;20111595098;3;PRE-JUBILADO                  ;3;PRE-JUBILADO                  ;6;PRE-JUBILADO                  ;11;JERARQUIZADO(JERARQ.S/FUNCION);1210;JEFE DE SECCION               ;AB0A0A0000;SUBDIRECCION DE PREVISION SOCIAL                                                                                        ;182;ANT.PRE-JUBILATORIO ;0;                    ;      0.00;      209606.94;223;1;1817;AJ2   SUBDIRECTOR S/FUNC.     
354451;RODRIGUEZ MARIA ESTELA        ;20457845;27204578457;5;PERSONAL DOCENTE              ;5;PERSONAL DOCENTE              ;2;TITULAR                       ;8;DOCENTE EDUCACION Y CULTURA   ;6408;MAESTRA/O DE GRADO            ;AI0A000042;CENTRO EDUCATIVO MUNICIPAL N 123                                                                                        ;158;LICENCIA NO GOZADA  ;0;                    ;      0.00;      196965.35;223;4;5810;MG    MAESTRA DE GRADO        
354451;RODRIGUEZ MARIA ESTELA        ;20457845;27204578457;5;PERSONAL DOCENTE              ;5;PERSONAL DOCENTE              ;2;TITULAR                       ;8;DOCENTE EDUCACION Y CULTURA   ;6408;MAESTRA/O DE GRADO            ;AI0A000042;CENTRO EDUCATIVO MUNICIPAL N 123                                                                                        ;179;CUATRO MENSUALIDADES;0;                    ;      0.00;      446945.40;223;4;5810;MG    MAESTRA DE GRADO        
354451;RODRIGUEZ MARIA ESTELA        ;20457845;27204578457;5;PERSONAL DOCENTE              ;5;PERSONAL DOCENTE              ;2;TITULAR                       ;8;DOCENTE EDUCACION Y CULTURA   ;6408;MAESTRA/O DE GRADO            ;AI0A000042;CENTRO EDUCATIVO MUNICIPAL N 123                                                                                        ;182;ANT.PRE-JUBILATORIO ;0;                    ;      0.00;      117579.21;223;4;5810;MG    MAESTRA DE GRADO        
354451;RODRIGUEZ MARIA ESTELA        ;20457845;27204578457;5;PERSONAL DOCENTE              ;5;PERSONAL DOCENTE              ;2;TITULAR                       ;8;DOCENTE EDUCACION Y CULTURA   ;6408;MAESTRA/O DE GRADO            ;AI0A000042;CENTRO EDUCATIVO MUNICIPAL N 123                                                                                        ;390;SUELDO ANUAL COMPLEM;0;                    ;      0.00;       16330.45;223;4;5810;MG    MAESTRA DE GRADO        
354451;RODRIGUEZ MARIA ESTELA        ;20457845;27204578457;5;PERSONAL DOCENTE              ;5;PERSONAL DOCENTE              ;2;TITULAR                       ;8;DOCENTE EDUCACION Y CULTURA   ;6408;MAESTRA/O DE GRADO            ;AI0A000042;CENTRO EDUCATIVO MUNICIPAL N 123                                                                                        ;462;I.P.S. 16 SAC       ;0;                    ;      0.00;       -2612.87;0;4;5810;MG    MAESTRA DE GRADO        
354451;RODRIGUEZ MARIA ESTELA        ;20457845;27204578457;5;PERSONAL DOCENTE              ;5;PERSONAL DOCENTE              ;2;TITULAR                       ;8;DOCENTE EDUCACION Y CULTURA   ;6408;MAESTRA/O DE GRADO            ;AI0A000042;CENTRO EDUCATIVO MUNICIPAL N 123                                                                                        ;463;OBRA SOCIAL SAC     ;0;                    ;      0.00;        -489.91;0;4;5810;MG    MAESTRA DE GRADO        
357381;SANCHEZ MARIO FERNANDO        ;16569241;20165692412;3;PRE-JUBILADO                  ;3;PRE-JUBILADO                  ;6;PRE-JUBILADO                  ;8;DOCENTE EDUCACION Y CULTURA   ;5426;MAESTRO-A DE MUSICA           ;AB0A0A0000;SUBDIRECCION DE PREVISION SOCIAL                                                                                        ;182;ANT.PRE-JUBILATORIO ;0;                    ;      0.00;       65482.90;223;1;5812;MM    MAESTRA DE MUSICA       
358551;VISCOVICH SUSANA BEATRIZ      ;11041600;27110416003;3;PRE-JUBILADO                  ;3;PRE-JUBILADO                  ;6;PRE-JUBILADO                  ;13;DOCENTE ASISTENCIAL           ;2403;DIRECTORA JARDIN MATERNAL     ;AB0A0A0000;SUBDIRECCION DE PREVISION SOCIAL                                                                                        ;182;ANT.PRE-JUBILATORIO ;0;                    ;      0.00;      130597.89;223;1;1015;J-4  DIR.JARDIN MATER.J-4     
367991;GARCIA MONICA RAQUEL          ;11479631;27114796315;3;PRE-JUBILADO                  ;3;PRE-JUBILADO                  ;6;PRE-JUBILADO                  ;40;PERSONAL MENSUALIZADO         ;4501;ADMINISTRATIVO                ;AB0A0A0000;SUBDIRECCION DE PREVISION SOCIAL                                                                                        ;182;ANT.PRE-JUBILATORIO ;0;                    ;      0.00;       47989.76;223;1;6;D-3  MENSUALIZ.  DEFEN        
368842;FAUSTINO VICENTE CLAUDIO      ;16025408;20160254085;3;PRE-JUBILADO                  ;3;PRE-JUBILADO                  ;6;PRE-JUBILADO                  ;2;JERARQUICO                    ;1201;SUBDIRECTOR-A                 ;AB0A0A0000;SUBDIRECCION DE PREVISION SOCIAL                                                                                        ;182;ANT.PRE-JUBILATORIO ;0;                    ;      0.00;      280932.33;223;1;1217;J2   SUBDIRECTOR              
369501;RUIZ AMERICO NORBERTO         ;12198964;20121989647;3;PRE-JUBILADO                  ;3;PRE-JUBILADO                  ;6;PRE-JUBILADO                  ;5;ADMINISTRATIVO                ;4501;ADMINISTRATIVO                ;AB0A0A0000;SUBDIRECCION DE PREVISION SOCIAL                                                                                        ;182;ANT.PRE-JUBILATORIO ;0;                    ;      0.00;       56361.24;223;1;1512;12   ADMINISTRATIVO-CAT12     
370531;FLORES MARIO DANIEL           ;16139387;20161393879;3;PRE-JUBILADO                  ;3;PRE-JUBILADO                  ;6;PRE-JUBILADO                  ;2;JERARQUICO                    ;6710;SERENO                        ;AB0A0A0000;SUBDIRECCION DE PREVISION SOCIAL                                                                                        ;182;ANT.PRE-JUBILATORIO ;0;                    ;      0.00;      216530.17;223;1;1217;J2   SUBDIRECTOR              
374751;RODRIGUEZ DANTE OSCAR         ;11896253;20118962533;3;PRE-JUBILADO                  ;3;PRE-JUBILADO                  ;6;PRE-JUBILADO                  ;9;INSPECCION                    ;2903;INSPECTOR DE OBRAS            ;AB0A0A0000;SUBDIRECCION DE PREVISION SOCIAL                                                                                        ;182;ANT.PRE-JUBILATORIO ;0;                    ;      0.00;       90726.42;223;1;1911;11   INSPECTOR CAT.11         
376332;VIDAL NU�EZ SILVIA IRENE      ;18598892;27185988924;3;PRE-JUBILADO                  ;3;PRE-JUBILADO                  ;6;PRE-JUBILADO                  ;8;DOCENTE EDUCACION Y CULTURA   ;5425;MAESTRA SECRETARIA            ;AB0A0A0000;SUBDIRECCION DE PREVISION SOCIAL                                                                                        ;182;ANT.PRE-JUBILATORIO ;0;                    ;      0.00;      134417.50;223;1;5808;MS   MAESTRA SECRETARIA       
387612;ALMADA RAMON MIGUEL           ;12481826;20124818266;3;PRE-JUBILADO                  ;3;PRE-JUBILADO                  ;6;PRE-JUBILADO                  ;2;JERARQUICO                    ;9793;REPRESENTANTE FISCAL          ;AB0A0A0000;SUBDIRECCION DE PREVISION SOCIAL                                                                                        ;182;ANT.PRE-JUBILATORIO ;0;                    ;      0.00;      274811.00;223;1;1217;J2   SUBDIRECTOR              
389861;RODRIGUEZ HUGO ALBERTO        ;11819759;20118197594;3;PRE-JUBILADO                  ;3;PRE-JUBILADO                  ;6;PRE-JUBILADO                  ;5;ADMINISTRATIVO                ;4501;ADMINISTRATIVO                ;AB0A0A0000;SUBDIRECCION DE PREVISION SOCIAL                                                                                        ;182;ANT.PRE-JUBILATORIO ;0;                    ;      0.00;       85562.13;223;1;1512;12   ADMINISTRATIVO-CAT12     
391871;MUZZI DANIEL ADOLFO           ;11492823;20114928233;3;PRE-JUBILADO                  ;3;PRE-JUBILADO                  ;6;PRE-JUBILADO                  ;39;CARRERA MEDICA                ;9785;TOCOGINECOLOGICO              ;AB0A0A0000;SUBDIRECCION DE PREVISION SOCIAL                                                                                        ;182;ANT.PRE-JUBILATORIO ;0;                    ;      0.00;      212727.24;223;1;2352;52   MEDICO HOSP. A 24 HS     
393061;RODRIGUEZ OSCAR               ;10817956;20108179563;3;PRE-JUBILADO                  ;3;PRE-JUBILADO                  ;6;PRE-JUBILADO                  ;40;PERSONAL MENSUALIZADO         ;4501;ADMINISTRATIVO                ;AB0A0A0000;SUBDIRECCION DE PREVISION SOCIAL                                                                                        ;182;ANT.PRE-JUBILATORIO ;0;                    ;      0.00;       84554.06;223;1;5997;MA13   ADMINISTRATIVO  XIII   
393171;MENDOZA BEATRIZ SILVIA        ;11017126;27110171264;3;PRE-JUBILADO                  ;3;PRE-JUBILADO                  ;6;PRE-JUBILADO                  ;1;SUPERIOR                      ;1104;DIRECTOR-A                    ;AB0A0A0000;SUBDIRECCION DE PREVISION SOCIAL                                                                                        ;182;ANT.PRE-JUBILATORIO ;0;                    ;      0.00;      222868.18;223;1;1108;A8   DIRECTOR                 
394231;STEFANINI LUIS ALFREDO        ;14188285;20141882857;3;PRE-JUBILADO                  ;3;PRE-JUBILADO                  ;6;PRE-JUBILADO                  ;10;HORA CATEDRA                  ;9481;PROFESOR HORA CATEDRA         ;AB0A0A0000;SUBDIRECCION DE PREVISION SOCIAL                                                                                        ;182;ANT.PRE-JUBILATORIO ;0;                    ;      0.00;      116421.25;223;1;7805;PF   HORA CATEDRA PF. (2DEC.) 
395181;YACOMO MIRIAM BEATRIZ         ;13856624;27138566248;3;PRE-JUBILADO                  ;3;PRE-JUBILADO                  ;6;PRE-JUBILADO                  ;36;HORAS CATEDRA DESCENTRALIZADOS;9481;PROFESOR HORA CATEDRA         ;AB0A0A0000;SUBDIRECCION DE PREVISION SOCIAL                                                                                        ;182;ANT.PRE-JUBILATORIO ;0;                    ;      0.00;       80358.56;223;1;7805;PF   HORA CATEDRA PF. (2DEC.) 
396261;CECCONI SILVIA BEATRIZ        ;12096974;27120969744;3;PRE-JUBILADO                  ;3;PRE-JUBILADO                  ;6;PRE-JUBILADO                  ;39;CARRERA MEDICA                ;9782;PEDIATRA                      ;AB0A0A0000;SUBDIRECCION DE PREVISION SOCIAL                                                                                        ;182;ANT.PRE-JUBILATORIO ;0;                    ;      0.00;      190444.22;223;1;2352;52   MEDICO HOSP. A 24 HS     
399521;VILLEGAS ANA VERONICA         ;18415396;27184153969;3;PRE-JUBILADO                  ;3;PRE-JUBILADO                  ;18;DESVINCULADO                  ;3;PROFESIONAL                   ;3302;FONOAUDIOLOGO-A               ;AO0A000014;UNIDAD SANITARIA N 14 - GERLI ESTE                                                                                      ;182;ANT.PRE-JUBILATORIO ;0;                    ;      0.00;       83723.75;223;1;1311;11    PROFESIONAL             
406181;FRANCO MARTIREZ ALBERTO       ;11853283;20118532830;3;PRE-JUBILADO                  ;3;PRE-JUBILADO                  ;6;PRE-JUBILADO                  ;6;OBRERO                        ;9817;EMPLEADO DE CUADRILLA         ;AB0A0A0000;SUBDIRECCION DE PREVISION SOCIAL                                                                                        ;182;ANT.PRE-JUBILATORIO ;0;                    ;      0.00;       99457.03;223;1;1610;10    OBRERO CAT.10           
407511;MORALES MARIA VICTORIA        ;12096131;23120961314;3;PRE-JUBILADO                  ;3;PRE-JUBILADO                  ;6;PRE-JUBILADO                  ;5;ADMINISTRATIVO                ;4501;ADMINISTRATIVO                ;AB0A0A0000;SUBDIRECCION DE PREVISION SOCIAL                                                                                        ;182;ANT.PRE-JUBILATORIO ;0;                    ;      0.00;       85002.00;223;1;1512;12   ADMINISTRATIVO-CAT12     
408101;SILVA OSCAR HECTOR            ;10862871;20108628716;3;PRE-JUBILADO                  ;3;PRE-JUBILADO                  ;6;PRE-JUBILADO                  ;9;INSPECCION                    ;2903;INSPECTOR DE OBRAS            ;AB0A0A0000;SUBDIRECCION DE PREVISION SOCIAL                                                                                        ;182;ANT.PRE-JUBILATORIO ;0;                    ;      0.00;       63733.48;223;1;1911;11   INSPECTOR CAT.11         
413771;ODRIOZOLA STELLA MARYS        ;92535574;27925355742;3;PRE-JUBILADO                  ;3;PRE-JUBILADO                  ;6;PRE-JUBILADO                  ;7;SERVICIO                      ;9740;SERVICIO                      ;AIA0000049;JARDIN MATERNAL N 08                                                                                                    ;182;ANT.PRE-JUBILATORIO ;0;                    ;      0.00;       56993.72;223;1;1710;10   SERVICIO CAT.10          
416271;RIVADAVIA ARIEL JOSE          ;12989328;20129893282;3;PRE-JUBILADO                  ;3;PRE-JUBILADO                  ;6;PRE-JUBILADO                  ;4;TECNICO                       ;9828;VIGILADOR PROGRAMA INTEGRAL DE;AB0A0A0000;SUBDIRECCION DE PREVISION SOCIAL                                                                                        ;182;ANT.PRE-JUBILATORIO ;0;                    ;      0.00;       78398.23;223;1;1410;10   TECNICO CAT.10           
421051;SANZ NESTOR                   ;12784332;20127843326;3;PRE-JUBILADO                  ;3;PRE-JUBILADO                  ;6;PRE-JUBILADO                  ;10;HORA CATEDRA                  ;9481;PROFESOR HORA CATEDRA         ;AB0A0A0000;SUBDIRECCION DE PREVISION SOCIAL                                                                                        ;182;ANT.PRE-JUBILATORIO ;0;                    ;      0.00;       99623.12;223;1;7805;PF   HORA CATEDRA PF. (2DEC.) 
437471;LLAMBI MARIA INES             ;12082376;27120823766;3;PRE-JUBILADO                  ;3;PRE-JUBILADO                  ;6;PRE-JUBILADO                  ;35;MUSICOS ORQUESTA              ;6409;MUSICO                        ;AB0A0A0000;SUBDIRECCION DE PREVISION SOCIAL                                                                                        ;182;ANT.PRE-JUBILATORIO ;0;                    ;      0.00;      122705.05;223;1;9011;OS1    CONCERTINO             
441741;VAZQUEZ JORGE EDUARDO         ;12144940;20121449405;3;PRE-JUBILADO                  ;3;PRE-JUBILADO                  ;6;PRE-JUBILADO                  ;6;OBRERO                        ;8601;PEON                          ;AB0A0A0000;SUBDIRECCION DE PREVISION SOCIAL                                                                                        ;182;ANT.PRE-JUBILATORIO ;0;                    ;      0.00;       72939.93;223;1;1606;06   OBRERO CAT.06            
458251;SECCIO NELIDA MERCEDES        ;13679431;27136794316;3;PRE-JUBILADO                  ;3;PRE-JUBILADO                  ;6;PRE-JUBILADO                  ;10;HORA CATEDRA                  ;9481;PROFESOR HORA CATEDRA         ;AB0A0A0000;SUBDIRECCION DE PREVISION SOCIAL                                                                                        ;182;ANT.PRE-JUBILATORIO ;0;                    ;      0.00;       67443.21;223;1;7805;PF   HORA CATEDRA PF. (2DEC.) 
462071;BENITEZ VIVIANA ALEJANDRA     ;28924257;27289242576;3;PRE-JUBILADO                  ;3;PRE-JUBILADO                  ;6;PRE-JUBILADO                  ;6;OBRERO                        ;8601;PEON                          ;AB0A0A0000;SUBDIRECCION DE PREVISION SOCIAL                                                                                        ;182;ANT.PRE-JUBILATORIO ;0;                    ;      0.00;       84776.98;223;1;1606;06   OBRERO CAT.06            
